id,seq,level,title,desc,items
"cnwq0","0","level1","通用规范汉字表一级字表（3500字）0","通用规范汉字表一级字表（3500字）0,汉字拼音测试0","cnwqi0001,cnwqi0002,cnwqi0003,cnwqi0004,cnwqi0005,cnwqi0006,cnwqi0007,cnwqi0008,cnwqi0009,cnwqi0010,cnwqi0011,cnwqi0012,cnwqi0013,cnwqi0014,cnwqi0015,cnwqi0016,cnwqi0017,cnwqi0018,cnwqi0019,cnwqi0020,cnwqi0021,cnwqi0022,cnwqi0023,cnwqi0024,cnwqi0025,cnwqi0026,cnwqi0027,cnwqi0028,cnwqi0029,cnwqi0030,cnwqi0031,cnwqi0032,cnwqi0033,cnwqi0034,cnwqi0035,cnwqi0036,cnwqi0037,cnwqi0038,cnwqi0039,cnwqi0040,cnwqi0041,cnwqi0042,cnwqi0043,cnwqi0044,cnwqi0045,cnwqi0046,cnwqi0047,cnwqi0048,cnwqi0049,cnwqi0050,cnwqi0051,cnwqi0052,cnwqi0053,cnwqi0054,cnwqi0055,cnwqi0056,cnwqi0057,cnwqi0058,cnwqi0059,cnwqi0060,cnwqi0061,cnwqi0062,cnwqi0063,cnwqi0064,cnwqi0065,cnwqi0066,cnwqi0067,cnwqi0068,cnwqi0069,cnwqi0070,cnwqi0071,cnwqi0072,cnwqi0073,cnwqi0074,cnwqi0075,cnwqi0076,cnwqi0077,cnwqi0078,cnwqi0079,cnwqi0080,cnwqi0081,cnwqi0082,cnwqi0083,cnwqi0084,cnwqi0085,cnwqi0086,cnwqi0087,cnwqi0088,cnwqi0089,cnwqi0090,cnwqi0091,cnwqi0092,cnwqi0093,cnwqi0094,cnwqi0095,cnwqi0096,cnwqi0097,cnwqi0098,cnwqi0099,cnwqi0100"
"cnwq1","1","level1","通用规范汉字表一级字表（3500字）1","通用规范汉字表一级字表（3500字）1,汉字拼音测试1","cnwqi0101,cnwqi0102,cnwqi0103,cnwqi0104,cnwqi0105,cnwqi0106,cnwqi0107,cnwqi0108,cnwqi0109,cnwqi0110,cnwqi0111,cnwqi0112,cnwqi0113,cnwqi0114,cnwqi0115,cnwqi0116,cnwqi0117,cnwqi0118,cnwqi0119,cnwqi0120,cnwqi0121,cnwqi0122,cnwqi0123,cnwqi0124,cnwqi0125,cnwqi0126,cnwqi0127,cnwqi0128,cnwqi0129,cnwqi0130,cnwqi0131,cnwqi0132,cnwqi0133,cnwqi0134,cnwqi0135,cnwqi0136,cnwqi0137,cnwqi0138,cnwqi0139,cnwqi0140,cnwqi0141,cnwqi0142,cnwqi0143,cnwqi0144,cnwqi0145,cnwqi0146,cnwqi0147,cnwqi0148,cnwqi0149,cnwqi0150,cnwqi0151,cnwqi0152,cnwqi0153,cnwqi0154,cnwqi0155,cnwqi0156,cnwqi0157,cnwqi0158,cnwqi0159,cnwqi0160,cnwqi0161,cnwqi0162,cnwqi0163,cnwqi0164,cnwqi0165,cnwqi0166,cnwqi0167,cnwqi0168,cnwqi0169,cnwqi0170,cnwqi0171,cnwqi0172,cnwqi0173,cnwqi0174,cnwqi0175,cnwqi0176,cnwqi0177,cnwqi0178,cnwqi0179,cnwqi0180,cnwqi0181,cnwqi0182,cnwqi0183,cnwqi0184,cnwqi0185,cnwqi0186,cnwqi0187,cnwqi0188,cnwqi0189,cnwqi0190,cnwqi0191,cnwqi0192,cnwqi0193,cnwqi0194,cnwqi0195,cnwqi0196,cnwqi0197,cnwqi0198,cnwqi0199,cnwqi0200"
"cnwq2","2","level1","通用规范汉字表一级字表（3500字）2","通用规范汉字表一级字表（3500字）2,汉字拼音测试2","cnwqi0201,cnwqi0202,cnwqi0203,cnwqi0204,cnwqi0205,cnwqi0206,cnwqi0207,cnwqi0208,cnwqi0209,cnwqi0210,cnwqi0211,cnwqi0212,cnwqi0213,cnwqi0214,cnwqi0215,cnwqi0216,cnwqi0217,cnwqi0218,cnwqi0219,cnwqi0220,cnwqi0221,cnwqi0222,cnwqi0223,cnwqi0224,cnwqi0225,cnwqi0226,cnwqi0227,cnwqi0228,cnwqi0229,cnwqi0230,cnwqi0231,cnwqi0232,cnwqi0233,cnwqi0234,cnwqi0235,cnwqi0236,cnwqi0237,cnwqi0238,cnwqi0239,cnwqi0240,cnwqi0241,cnwqi0242,cnwqi0243,cnwqi0244,cnwqi0245,cnwqi0246,cnwqi0247,cnwqi0248,cnwqi0249,cnwqi0250,cnwqi0251,cnwqi0252,cnwqi0253,cnwqi0254,cnwqi0255,cnwqi0256,cnwqi0257,cnwqi0258,cnwqi0259,cnwqi0260,cnwqi0261,cnwqi0262,cnwqi0263,cnwqi0264,cnwqi0265,cnwqi0266,cnwqi0267,cnwqi0268,cnwqi0269,cnwqi0270,cnwqi0271,cnwqi0272,cnwqi0273,cnwqi0274,cnwqi0275,cnwqi0276,cnwqi0277,cnwqi0278,cnwqi0279,cnwqi0280,cnwqi0281,cnwqi0282,cnwqi0283,cnwqi0284,cnwqi0285,cnwqi0286,cnwqi0287,cnwqi0288,cnwqi0289,cnwqi0290,cnwqi0291,cnwqi0292,cnwqi0293,cnwqi0294,cnwqi0295,cnwqi0296,cnwqi0297,cnwqi0298,cnwqi0299,cnwqi0300"
"cnwq3","3","level1","通用规范汉字表一级字表（3500字）3","通用规范汉字表一级字表（3500字）3,汉字拼音测试3","cnwqi0301,cnwqi0302,cnwqi0303,cnwqi0304,cnwqi0305,cnwqi0306,cnwqi0307,cnwqi0308,cnwqi0309,cnwqi0310,cnwqi0311,cnwqi0312,cnwqi0313,cnwqi0314,cnwqi0315,cnwqi0316,cnwqi0317,cnwqi0318,cnwqi0319,cnwqi0320,cnwqi0321,cnwqi0322,cnwqi0323,cnwqi0324,cnwqi0325,cnwqi0326,cnwqi0327,cnwqi0328,cnwqi0329,cnwqi0330,cnwqi0331,cnwqi0332,cnwqi0333,cnwqi0334,cnwqi0335,cnwqi0336,cnwqi0337,cnwqi0338,cnwqi0339,cnwqi0340,cnwqi0341,cnwqi0342,cnwqi0343,cnwqi0344,cnwqi0345,cnwqi0346,cnwqi0347,cnwqi0348,cnwqi0349,cnwqi0350,cnwqi0351,cnwqi0352,cnwqi0353,cnwqi0354,cnwqi0355,cnwqi0356,cnwqi0357,cnwqi0358,cnwqi0359,cnwqi0360,cnwqi0361,cnwqi0362,cnwqi0363,cnwqi0364,cnwqi0365,cnwqi0366,cnwqi0367,cnwqi0368,cnwqi0369,cnwqi0370,cnwqi0371,cnwqi0372,cnwqi0373,cnwqi0374,cnwqi0375,cnwqi0376,cnwqi0377,cnwqi0378,cnwqi0379,cnwqi0380,cnwqi0381,cnwqi0382,cnwqi0383,cnwqi0384,cnwqi0385,cnwqi0386,cnwqi0387,cnwqi0388,cnwqi0389,cnwqi0390,cnwqi0391,cnwqi0392,cnwqi0393,cnwqi0394,cnwqi0395,cnwqi0396,cnwqi0397,cnwqi0398,cnwqi0399,cnwqi0400"
"cnwq4","4","level1","通用规范汉字表一级字表（3500字）4","通用规范汉字表一级字表（3500字）4,汉字拼音测试4","cnwqi0401,cnwqi0402,cnwqi0403,cnwqi0404,cnwqi0405,cnwqi0406,cnwqi0407,cnwqi0408,cnwqi0409,cnwqi0410,cnwqi0411,cnwqi0412,cnwqi0413,cnwqi0414,cnwqi0415,cnwqi0416,cnwqi0417,cnwqi0418,cnwqi0419,cnwqi0420,cnwqi0421,cnwqi0422,cnwqi0423,cnwqi0424,cnwqi0425,cnwqi0426,cnwqi0427,cnwqi0428,cnwqi0429,cnwqi0430,cnwqi0431,cnwqi0432,cnwqi0433,cnwqi0434,cnwqi0435,cnwqi0436,cnwqi0437,cnwqi0438,cnwqi0439,cnwqi0440,cnwqi0441,cnwqi0442,cnwqi0443,cnwqi0444,cnwqi0445,cnwqi0446,cnwqi0447,cnwqi0448,cnwqi0449,cnwqi0450,cnwqi0451,cnwqi0452,cnwqi0453,cnwqi0454,cnwqi0455,cnwqi0456,cnwqi0457,cnwqi0458,cnwqi0459,cnwqi0460,cnwqi0461,cnwqi0462,cnwqi0463,cnwqi0464,cnwqi0465,cnwqi0466,cnwqi0467,cnwqi0468,cnwqi0469,cnwqi0470,cnwqi0471,cnwqi0472,cnwqi0473,cnwqi0474,cnwqi0475,cnwqi0476,cnwqi0477,cnwqi0478,cnwqi0479,cnwqi0480,cnwqi0481,cnwqi0482,cnwqi0483,cnwqi0484,cnwqi0485,cnwqi0486,cnwqi0487,cnwqi0488,cnwqi0489,cnwqi0490,cnwqi0491,cnwqi0492,cnwqi0493,cnwqi0494,cnwqi0495,cnwqi0496,cnwqi0497,cnwqi0498,cnwqi0499,cnwqi0500"
"cnwq5","5","level1","通用规范汉字表一级字表（3500字）5","通用规范汉字表一级字表（3500字）5,汉字拼音测试5","cnwqi0501,cnwqi0502,cnwqi0503,cnwqi0504,cnwqi0505,cnwqi0506,cnwqi0507,cnwqi0508,cnwqi0509,cnwqi0510,cnwqi0511,cnwqi0512,cnwqi0513,cnwqi0514,cnwqi0515,cnwqi0516,cnwqi0517,cnwqi0518,cnwqi0519,cnwqi0520,cnwqi0521,cnwqi0522,cnwqi0523,cnwqi0524,cnwqi0525,cnwqi0526,cnwqi0527,cnwqi0528,cnwqi0529,cnwqi0530,cnwqi0531,cnwqi0532,cnwqi0533,cnwqi0534,cnwqi0535,cnwqi0536,cnwqi0537,cnwqi0538,cnwqi0539,cnwqi0540,cnwqi0541,cnwqi0542,cnwqi0543,cnwqi0544,cnwqi0545,cnwqi0546,cnwqi0547,cnwqi0548,cnwqi0549,cnwqi0550,cnwqi0551,cnwqi0552,cnwqi0553,cnwqi0554,cnwqi0555,cnwqi0556,cnwqi0557,cnwqi0558,cnwqi0559,cnwqi0560,cnwqi0561,cnwqi0562,cnwqi0563,cnwqi0564,cnwqi0565,cnwqi0566,cnwqi0567,cnwqi0568,cnwqi0569,cnwqi0570,cnwqi0571,cnwqi0572,cnwqi0573,cnwqi0574,cnwqi0575,cnwqi0576,cnwqi0577,cnwqi0578,cnwqi0579,cnwqi0580,cnwqi0581,cnwqi0582,cnwqi0583,cnwqi0584,cnwqi0585,cnwqi0586,cnwqi0587,cnwqi0588,cnwqi0589,cnwqi0590,cnwqi0591,cnwqi0592,cnwqi0593,cnwqi0594,cnwqi0595,cnwqi0596,cnwqi0597,cnwqi0598,cnwqi0599,cnwqi0600"
"cnwq6","6","level1","通用规范汉字表一级字表（3500字）6","通用规范汉字表一级字表（3500字）6,汉字拼音测试6","cnwqi0601,cnwqi0602,cnwqi0603,cnwqi0604,cnwqi0605,cnwqi0606,cnwqi0607,cnwqi0608,cnwqi0609,cnwqi0610,cnwqi0611,cnwqi0612,cnwqi0613,cnwqi0614,cnwqi0615,cnwqi0616,cnwqi0617,cnwqi0618,cnwqi0619,cnwqi0620,cnwqi0621,cnwqi0622,cnwqi0623,cnwqi0624,cnwqi0625,cnwqi0626,cnwqi0627,cnwqi0628,cnwqi0629,cnwqi0630,cnwqi0631,cnwqi0632,cnwqi0633,cnwqi0634,cnwqi0635,cnwqi0636,cnwqi0637,cnwqi0638,cnwqi0639,cnwqi0640,cnwqi0641,cnwqi0642,cnwqi0643,cnwqi0644,cnwqi0645,cnwqi0646,cnwqi0647,cnwqi0648,cnwqi0649,cnwqi0650,cnwqi0651,cnwqi0652,cnwqi0653,cnwqi0654,cnwqi0655,cnwqi0656,cnwqi0657,cnwqi0658,cnwqi0659,cnwqi0660,cnwqi0661,cnwqi0662,cnwqi0663,cnwqi0664,cnwqi0665,cnwqi0666,cnwqi0667,cnwqi0668,cnwqi0669,cnwqi0670,cnwqi0671,cnwqi0672,cnwqi0673,cnwqi0674,cnwqi0675,cnwqi0676,cnwqi0677,cnwqi0678,cnwqi0679,cnwqi0680,cnwqi0681,cnwqi0682,cnwqi0683,cnwqi0684,cnwqi0685,cnwqi0686,cnwqi0687,cnwqi0688,cnwqi0689,cnwqi0690,cnwqi0691,cnwqi0692,cnwqi0693,cnwqi0694,cnwqi0695,cnwqi0696,cnwqi0697,cnwqi0698,cnwqi0699,cnwqi0700"
"cnwq7","7","level1","通用规范汉字表一级字表（3500字）7","通用规范汉字表一级字表（3500字）7,汉字拼音测试7","cnwqi0701,cnwqi0702,cnwqi0703,cnwqi0704,cnwqi0705,cnwqi0706,cnwqi0707,cnwqi0708,cnwqi0709,cnwqi0710,cnwqi0711,cnwqi0712,cnwqi0713,cnwqi0714,cnwqi0715,cnwqi0716,cnwqi0717,cnwqi0718,cnwqi0719,cnwqi0720,cnwqi0721,cnwqi0722,cnwqi0723,cnwqi0724,cnwqi0725,cnwqi0726,cnwqi0727,cnwqi0728,cnwqi0729,cnwqi0730,cnwqi0731,cnwqi0732,cnwqi0733,cnwqi0734,cnwqi0735,cnwqi0736,cnwqi0737,cnwqi0738,cnwqi0739,cnwqi0740,cnwqi0741,cnwqi0742,cnwqi0743,cnwqi0744,cnwqi0745,cnwqi0746,cnwqi0747,cnwqi0748,cnwqi0749,cnwqi0750,cnwqi0751,cnwqi0752,cnwqi0753,cnwqi0754,cnwqi0755,cnwqi0756,cnwqi0757,cnwqi0758,cnwqi0759,cnwqi0760,cnwqi0761,cnwqi0762,cnwqi0763,cnwqi0764,cnwqi0765,cnwqi0766,cnwqi0767,cnwqi0768,cnwqi0769,cnwqi0770,cnwqi0771,cnwqi0772,cnwqi0773,cnwqi0774,cnwqi0775,cnwqi0776,cnwqi0777,cnwqi0778,cnwqi0779,cnwqi0780,cnwqi0781,cnwqi0782,cnwqi0783,cnwqi0784,cnwqi0785,cnwqi0786,cnwqi0787,cnwqi0788,cnwqi0789,cnwqi0790,cnwqi0791,cnwqi0792,cnwqi0793,cnwqi0794,cnwqi0795,cnwqi0796,cnwqi0797,cnwqi0798,cnwqi0799,cnwqi0800"
"cnwq8","8","level1","通用规范汉字表一级字表（3500字）8","通用规范汉字表一级字表（3500字）8,汉字拼音测试8","cnwqi0801,cnwqi0802,cnwqi0803,cnwqi0804,cnwqi0805,cnwqi0806,cnwqi0807,cnwqi0808,cnwqi0809,cnwqi0810,cnwqi0811,cnwqi0812,cnwqi0813,cnwqi0814,cnwqi0815,cnwqi0816,cnwqi0817,cnwqi0818,cnwqi0819,cnwqi0820,cnwqi0821,cnwqi0822,cnwqi0823,cnwqi0824,cnwqi0825,cnwqi0826,cnwqi0827,cnwqi0828,cnwqi0829,cnwqi0830,cnwqi0831,cnwqi0832,cnwqi0833,cnwqi0834,cnwqi0835,cnwqi0836,cnwqi0837,cnwqi0838,cnwqi0839,cnwqi0840,cnwqi0841,cnwqi0842,cnwqi0843,cnwqi0844,cnwqi0845,cnwqi0846,cnwqi0847,cnwqi0848,cnwqi0849,cnwqi0850,cnwqi0851,cnwqi0852,cnwqi0853,cnwqi0854,cnwqi0855,cnwqi0856,cnwqi0857,cnwqi0858,cnwqi0859,cnwqi0860,cnwqi0861,cnwqi0862,cnwqi0863,cnwqi0864,cnwqi0865,cnwqi0866,cnwqi0867,cnwqi0868,cnwqi0869,cnwqi0870,cnwqi0871,cnwqi0872,cnwqi0873,cnwqi0874,cnwqi0875,cnwqi0876,cnwqi0877,cnwqi0878,cnwqi0879,cnwqi0880,cnwqi0881,cnwqi0882,cnwqi0883,cnwqi0884,cnwqi0885,cnwqi0886,cnwqi0887,cnwqi0888,cnwqi0889,cnwqi0890,cnwqi0891,cnwqi0892,cnwqi0893,cnwqi0894,cnwqi0895,cnwqi0896,cnwqi0897,cnwqi0898,cnwqi0899,cnwqi0900"
"cnwq9","9","level1","通用规范汉字表一级字表（3500字）9","通用规范汉字表一级字表（3500字）9,汉字拼音测试9","cnwqi0901,cnwqi0902,cnwqi0903,cnwqi0904,cnwqi0905,cnwqi0906,cnwqi0907,cnwqi0908,cnwqi0909,cnwqi0910,cnwqi0911,cnwqi0912,cnwqi0913,cnwqi0914,cnwqi0915,cnwqi0916,cnwqi0917,cnwqi0918,cnwqi0919,cnwqi0920,cnwqi0921,cnwqi0922,cnwqi0923,cnwqi0924,cnwqi0925,cnwqi0926,cnwqi0927,cnwqi0928,cnwqi0929,cnwqi0930,cnwqi0931,cnwqi0932,cnwqi0933,cnwqi0934,cnwqi0935,cnwqi0936,cnwqi0937,cnwqi0938,cnwqi0939,cnwqi0940,cnwqi0941,cnwqi0942,cnwqi0943,cnwqi0944,cnwqi0945,cnwqi0946,cnwqi0947,cnwqi0948,cnwqi0949,cnwqi0950,cnwqi0951,cnwqi0952,cnwqi0953,cnwqi0954,cnwqi0955,cnwqi0956,cnwqi0957,cnwqi0958,cnwqi0959,cnwqi0960,cnwqi0961,cnwqi0962,cnwqi0963,cnwqi0964,cnwqi0965,cnwqi0966,cnwqi0967,cnwqi0968,cnwqi0969,cnwqi0970,cnwqi0971,cnwqi0972,cnwqi0973,cnwqi0974,cnwqi0975,cnwqi0976,cnwqi0977,cnwqi0978,cnwqi0979,cnwqi0980,cnwqi0981,cnwqi0982,cnwqi0983,cnwqi0984,cnwqi0985,cnwqi0986,cnwqi0987,cnwqi0988,cnwqi0989,cnwqi0990,cnwqi0991,cnwqi0992,cnwqi0993,cnwqi0994,cnwqi0995,cnwqi0996,cnwqi0997,cnwqi0998,cnwqi0999,cnwqi1000"
"cnwq10","10","level1","通用规范汉字表一级字表（3500字）10","通用规范汉字表一级字表（3500字）10,汉字拼音测试10","cnwqi1001,cnwqi1002,cnwqi1003,cnwqi1004,cnwqi1005,cnwqi1006,cnwqi1007,cnwqi1008,cnwqi1009,cnwqi1010,cnwqi1011,cnwqi1012,cnwqi1013,cnwqi1014,cnwqi1015,cnwqi1016,cnwqi1017,cnwqi1018,cnwqi1019,cnwqi1020,cnwqi1021,cnwqi1022,cnwqi1023,cnwqi1024,cnwqi1025,cnwqi1026,cnwqi1027,cnwqi1028,cnwqi1029,cnwqi1030,cnwqi1031,cnwqi1032,cnwqi1033,cnwqi1034,cnwqi1035,cnwqi1036,cnwqi1037,cnwqi1038,cnwqi1039,cnwqi1040,cnwqi1041,cnwqi1042,cnwqi1043,cnwqi1044,cnwqi1045,cnwqi1046,cnwqi1047,cnwqi1048,cnwqi1049,cnwqi1050,cnwqi1051,cnwqi1052,cnwqi1053,cnwqi1054,cnwqi1055,cnwqi1056,cnwqi1057,cnwqi1058,cnwqi1059,cnwqi1060,cnwqi1061,cnwqi1062,cnwqi1063,cnwqi1064,cnwqi1065,cnwqi1066,cnwqi1067,cnwqi1068,cnwqi1069,cnwqi1070,cnwqi1071,cnwqi1072,cnwqi1073,cnwqi1074,cnwqi1075,cnwqi1076,cnwqi1077,cnwqi1078,cnwqi1079,cnwqi1080,cnwqi1081,cnwqi1082,cnwqi1083,cnwqi1084,cnwqi1085,cnwqi1086,cnwqi1087,cnwqi1088,cnwqi1089,cnwqi1090,cnwqi1091,cnwqi1092,cnwqi1093,cnwqi1094,cnwqi1095,cnwqi1096,cnwqi1097,cnwqi1098,cnwqi1099,cnwqi1100"
"cnwq11","11","level1","通用规范汉字表一级字表（3500字）11","通用规范汉字表一级字表（3500字）11,汉字拼音测试11","cnwqi1101,cnwqi1102,cnwqi1103,cnwqi1104,cnwqi1105,cnwqi1106,cnwqi1107,cnwqi1108,cnwqi1109,cnwqi1110,cnwqi1111,cnwqi1112,cnwqi1113,cnwqi1114,cnwqi1115,cnwqi1116,cnwqi1117,cnwqi1118,cnwqi1119,cnwqi1120,cnwqi1121,cnwqi1122,cnwqi1123,cnwqi1124,cnwqi1125,cnwqi1126,cnwqi1127,cnwqi1128,cnwqi1129,cnwqi1130,cnwqi1131,cnwqi1132,cnwqi1133,cnwqi1134,cnwqi1135,cnwqi1136,cnwqi1137,cnwqi1138,cnwqi1139,cnwqi1140,cnwqi1141,cnwqi1142,cnwqi1143,cnwqi1144,cnwqi1145,cnwqi1146,cnwqi1147,cnwqi1148,cnwqi1149,cnwqi1150,cnwqi1151,cnwqi1152,cnwqi1153,cnwqi1154,cnwqi1155,cnwqi1156,cnwqi1157,cnwqi1158,cnwqi1159,cnwqi1160,cnwqi1161,cnwqi1162,cnwqi1163,cnwqi1164,cnwqi1165,cnwqi1166,cnwqi1167,cnwqi1168,cnwqi1169,cnwqi1170,cnwqi1171,cnwqi1172,cnwqi1173,cnwqi1174,cnwqi1175,cnwqi1176,cnwqi1177,cnwqi1178,cnwqi1179,cnwqi1180,cnwqi1181,cnwqi1182,cnwqi1183,cnwqi1184,cnwqi1185,cnwqi1186,cnwqi1187,cnwqi1188,cnwqi1189,cnwqi1190,cnwqi1191,cnwqi1192,cnwqi1193,cnwqi1194,cnwqi1195,cnwqi1196,cnwqi1197,cnwqi1198,cnwqi1199,cnwqi1200"
"cnwq12","12","level1","通用规范汉字表一级字表（3500字）12","通用规范汉字表一级字表（3500字）12,汉字拼音测试12","cnwqi1201,cnwqi1202,cnwqi1203,cnwqi1204,cnwqi1205,cnwqi1206,cnwqi1207,cnwqi1208,cnwqi1209,cnwqi1210,cnwqi1211,cnwqi1212,cnwqi1213,cnwqi1214,cnwqi1215,cnwqi1216,cnwqi1217,cnwqi1218,cnwqi1219,cnwqi1220,cnwqi1221,cnwqi1222,cnwqi1223,cnwqi1224,cnwqi1225,cnwqi1226,cnwqi1227,cnwqi1228,cnwqi1229,cnwqi1230,cnwqi1231,cnwqi1232,cnwqi1233,cnwqi1234,cnwqi1235,cnwqi1236,cnwqi1237,cnwqi1238,cnwqi1239,cnwqi1240,cnwqi1241,cnwqi1242,cnwqi1243,cnwqi1244,cnwqi1245,cnwqi1246,cnwqi1247,cnwqi1248,cnwqi1249,cnwqi1250,cnwqi1251,cnwqi1252,cnwqi1253,cnwqi1254,cnwqi1255,cnwqi1256,cnwqi1257,cnwqi1258,cnwqi1259,cnwqi1260,cnwqi1261,cnwqi1262,cnwqi1263,cnwqi1264,cnwqi1265,cnwqi1266,cnwqi1267,cnwqi1268,cnwqi1269,cnwqi1270,cnwqi1271,cnwqi1272,cnwqi1273,cnwqi1274,cnwqi1275,cnwqi1276,cnwqi1277,cnwqi1278,cnwqi1279,cnwqi1280,cnwqi1281,cnwqi1282,cnwqi1283,cnwqi1284,cnwqi1285,cnwqi1286,cnwqi1287,cnwqi1288,cnwqi1289,cnwqi1290,cnwqi1291,cnwqi1292,cnwqi1293,cnwqi1294,cnwqi1295,cnwqi1296,cnwqi1297,cnwqi1298,cnwqi1299,cnwqi1300"
"cnwq13","13","level1","通用规范汉字表一级字表（3500字）13","通用规范汉字表一级字表（3500字）13,汉字拼音测试13","cnwqi1301,cnwqi1302,cnwqi1303,cnwqi1304,cnwqi1305,cnwqi1306,cnwqi1307,cnwqi1308,cnwqi1309,cnwqi1310,cnwqi1311,cnwqi1312,cnwqi1313,cnwqi1314,cnwqi1315,cnwqi1316,cnwqi1317,cnwqi1318,cnwqi1319,cnwqi1320,cnwqi1321,cnwqi1322,cnwqi1323,cnwqi1324,cnwqi1325,cnwqi1326,cnwqi1327,cnwqi1328,cnwqi1329,cnwqi1330,cnwqi1331,cnwqi1332,cnwqi1333,cnwqi1334,cnwqi1335,cnwqi1336,cnwqi1337,cnwqi1338,cnwqi1339,cnwqi1340,cnwqi1341,cnwqi1342,cnwqi1343,cnwqi1344,cnwqi1345,cnwqi1346,cnwqi1347,cnwqi1348,cnwqi1349,cnwqi1350,cnwqi1351,cnwqi1352,cnwqi1353,cnwqi1354,cnwqi1355,cnwqi1356,cnwqi1357,cnwqi1358,cnwqi1359,cnwqi1360,cnwqi1361,cnwqi1362,cnwqi1363,cnwqi1364,cnwqi1365,cnwqi1366,cnwqi1367,cnwqi1368,cnwqi1369,cnwqi1370,cnwqi1371,cnwqi1372,cnwqi1373,cnwqi1374,cnwqi1375,cnwqi1376,cnwqi1377,cnwqi1378,cnwqi1379,cnwqi1380,cnwqi1381,cnwqi1382,cnwqi1383,cnwqi1384,cnwqi1385,cnwqi1386,cnwqi1387,cnwqi1388,cnwqi1389,cnwqi1390,cnwqi1391,cnwqi1392,cnwqi1393,cnwqi1394,cnwqi1395,cnwqi1396,cnwqi1397,cnwqi1398,cnwqi1399,cnwqi1400"
"cnwq14","14","level1","通用规范汉字表一级字表（3500字）14","通用规范汉字表一级字表（3500字）14,汉字拼音测试14","cnwqi1401,cnwqi1402,cnwqi1403,cnwqi1404,cnwqi1405,cnwqi1406,cnwqi1407,cnwqi1408,cnwqi1409,cnwqi1410,cnwqi1411,cnwqi1412,cnwqi1413,cnwqi1414,cnwqi1415,cnwqi1416,cnwqi1417,cnwqi1418,cnwqi1419,cnwqi1420,cnwqi1421,cnwqi1422,cnwqi1423,cnwqi1424,cnwqi1425,cnwqi1426,cnwqi1427,cnwqi1428,cnwqi1429,cnwqi1430,cnwqi1431,cnwqi1432,cnwqi1433,cnwqi1434,cnwqi1435,cnwqi1436,cnwqi1437,cnwqi1438,cnwqi1439,cnwqi1440,cnwqi1441,cnwqi1442,cnwqi1443,cnwqi1444,cnwqi1445,cnwqi1446,cnwqi1447,cnwqi1448,cnwqi1449,cnwqi1450,cnwqi1451,cnwqi1452,cnwqi1453,cnwqi1454,cnwqi1455,cnwqi1456,cnwqi1457,cnwqi1458,cnwqi1459,cnwqi1460,cnwqi1461,cnwqi1462,cnwqi1463,cnwqi1464,cnwqi1465,cnwqi1466,cnwqi1467,cnwqi1468,cnwqi1469,cnwqi1470,cnwqi1471,cnwqi1472,cnwqi1473,cnwqi1474,cnwqi1475,cnwqi1476,cnwqi1477,cnwqi1478,cnwqi1479,cnwqi1480,cnwqi1481,cnwqi1482,cnwqi1483,cnwqi1484,cnwqi1485,cnwqi1486,cnwqi1487,cnwqi1488,cnwqi1489,cnwqi1490,cnwqi1491,cnwqi1492,cnwqi1493,cnwqi1494,cnwqi1495,cnwqi1496,cnwqi1497,cnwqi1498,cnwqi1499,cnwqi1500"
"cnwq15","15","level1","通用规范汉字表一级字表（3500字）15","通用规范汉字表一级字表（3500字）15,汉字拼音测试15","cnwqi1501,cnwqi1502,cnwqi1503,cnwqi1504,cnwqi1505,cnwqi1506,cnwqi1507,cnwqi1508,cnwqi1509,cnwqi1510,cnwqi1511,cnwqi1512,cnwqi1513,cnwqi1514,cnwqi1515,cnwqi1516,cnwqi1517,cnwqi1518,cnwqi1519,cnwqi1520,cnwqi1521,cnwqi1522,cnwqi1523,cnwqi1524,cnwqi1525,cnwqi1526,cnwqi1527,cnwqi1528,cnwqi1529,cnwqi1530,cnwqi1531,cnwqi1532,cnwqi1533,cnwqi1534,cnwqi1535,cnwqi1536,cnwqi1537,cnwqi1538,cnwqi1539,cnwqi1540,cnwqi1541,cnwqi1542,cnwqi1543,cnwqi1544,cnwqi1545,cnwqi1546,cnwqi1547,cnwqi1548,cnwqi1549,cnwqi1550,cnwqi1551,cnwqi1552,cnwqi1553,cnwqi1554,cnwqi1555,cnwqi1556,cnwqi1557,cnwqi1558,cnwqi1559,cnwqi1560,cnwqi1561,cnwqi1562,cnwqi1563,cnwqi1564,cnwqi1565,cnwqi1566,cnwqi1567,cnwqi1568,cnwqi1569,cnwqi1570,cnwqi1571,cnwqi1572,cnwqi1573,cnwqi1574,cnwqi1575,cnwqi1576,cnwqi1577,cnwqi1578,cnwqi1579,cnwqi1580,cnwqi1581,cnwqi1582,cnwqi1583,cnwqi1584,cnwqi1585,cnwqi1586,cnwqi1587,cnwqi1588,cnwqi1589,cnwqi1590,cnwqi1591,cnwqi1592,cnwqi1593,cnwqi1594,cnwqi1595,cnwqi1596,cnwqi1597,cnwqi1598,cnwqi1599,cnwqi1600"
"cnwq16","16","level1","通用规范汉字表一级字表（3500字）16","通用规范汉字表一级字表（3500字）16,汉字拼音测试16","cnwqi1601,cnwqi1602,cnwqi1603,cnwqi1604,cnwqi1605,cnwqi1606,cnwqi1607,cnwqi1608,cnwqi1609,cnwqi1610,cnwqi1611,cnwqi1612,cnwqi1613,cnwqi1614,cnwqi1615,cnwqi1616,cnwqi1617,cnwqi1618,cnwqi1619,cnwqi1620,cnwqi1621,cnwqi1622,cnwqi1623,cnwqi1624,cnwqi1625,cnwqi1626,cnwqi1627,cnwqi1628,cnwqi1629,cnwqi1630,cnwqi1631,cnwqi1632,cnwqi1633,cnwqi1634,cnwqi1635,cnwqi1636,cnwqi1637,cnwqi1638,cnwqi1639,cnwqi1640,cnwqi1641,cnwqi1642,cnwqi1643,cnwqi1644,cnwqi1645,cnwqi1646,cnwqi1647,cnwqi1648,cnwqi1649,cnwqi1650,cnwqi1651,cnwqi1652,cnwqi1653,cnwqi1654,cnwqi1655,cnwqi1656,cnwqi1657,cnwqi1658,cnwqi1659,cnwqi1660,cnwqi1661,cnwqi1662,cnwqi1663,cnwqi1664,cnwqi1665,cnwqi1666,cnwqi1667,cnwqi1668,cnwqi1669,cnwqi1670,cnwqi1671,cnwqi1672,cnwqi1673,cnwqi1674,cnwqi1675,cnwqi1676,cnwqi1677,cnwqi1678,cnwqi1679,cnwqi1680,cnwqi1681,cnwqi1682,cnwqi1683,cnwqi1684,cnwqi1685,cnwqi1686,cnwqi1687,cnwqi1688,cnwqi1689,cnwqi1690,cnwqi1691,cnwqi1692,cnwqi1693,cnwqi1694,cnwqi1695,cnwqi1696,cnwqi1697,cnwqi1698,cnwqi1699,cnwqi1700"
"cnwq17","17","level1","通用规范汉字表一级字表（3500字）17","通用规范汉字表一级字表（3500字）17,汉字拼音测试17","cnwqi1701,cnwqi1702,cnwqi1703,cnwqi1704,cnwqi1705,cnwqi1706,cnwqi1707,cnwqi1708,cnwqi1709,cnwqi1710,cnwqi1711,cnwqi1712,cnwqi1713,cnwqi1714,cnwqi1715,cnwqi1716,cnwqi1717,cnwqi1718,cnwqi1719,cnwqi1720,cnwqi1721,cnwqi1722,cnwqi1723,cnwqi1724,cnwqi1725,cnwqi1726,cnwqi1727,cnwqi1728,cnwqi1729,cnwqi1730,cnwqi1731,cnwqi1732,cnwqi1733,cnwqi1734,cnwqi1735,cnwqi1736,cnwqi1737,cnwqi1738,cnwqi1739,cnwqi1740,cnwqi1741,cnwqi1742,cnwqi1743,cnwqi1744,cnwqi1745,cnwqi1746,cnwqi1747,cnwqi1748,cnwqi1749,cnwqi1750,cnwqi1751,cnwqi1752,cnwqi1753,cnwqi1754,cnwqi1755,cnwqi1756,cnwqi1757,cnwqi1758,cnwqi1759,cnwqi1760,cnwqi1761,cnwqi1762,cnwqi1763,cnwqi1764,cnwqi1765,cnwqi1766,cnwqi1767,cnwqi1768,cnwqi1769,cnwqi1770,cnwqi1771,cnwqi1772,cnwqi1773,cnwqi1774,cnwqi1775,cnwqi1776,cnwqi1777,cnwqi1778,cnwqi1779,cnwqi1780,cnwqi1781,cnwqi1782,cnwqi1783,cnwqi1784,cnwqi1785,cnwqi1786,cnwqi1787,cnwqi1788,cnwqi1789,cnwqi1790,cnwqi1791,cnwqi1792,cnwqi1793,cnwqi1794,cnwqi1795,cnwqi1796,cnwqi1797,cnwqi1798,cnwqi1799,cnwqi1800"
"cnwq18","18","level1","通用规范汉字表一级字表（3500字）18","通用规范汉字表一级字表（3500字）18,汉字拼音测试18","cnwqi1801,cnwqi1802,cnwqi1803,cnwqi1804,cnwqi1805,cnwqi1806,cnwqi1807,cnwqi1808,cnwqi1809,cnwqi1810,cnwqi1811,cnwqi1812,cnwqi1813,cnwqi1814,cnwqi1815,cnwqi1816,cnwqi1817,cnwqi1818,cnwqi1819,cnwqi1820,cnwqi1821,cnwqi1822,cnwqi1823,cnwqi1824,cnwqi1825,cnwqi1826,cnwqi1827,cnwqi1828,cnwqi1829,cnwqi1830,cnwqi1831,cnwqi1832,cnwqi1833,cnwqi1834,cnwqi1835,cnwqi1836,cnwqi1837,cnwqi1838,cnwqi1839,cnwqi1840,cnwqi1841,cnwqi1842,cnwqi1843,cnwqi1844,cnwqi1845,cnwqi1846,cnwqi1847,cnwqi1848,cnwqi1849,cnwqi1850,cnwqi1851,cnwqi1852,cnwqi1853,cnwqi1854,cnwqi1855,cnwqi1856,cnwqi1857,cnwqi1858,cnwqi1859,cnwqi1860,cnwqi1861,cnwqi1862,cnwqi1863,cnwqi1864,cnwqi1865,cnwqi1866,cnwqi1867,cnwqi1868,cnwqi1869,cnwqi1870,cnwqi1871,cnwqi1872,cnwqi1873,cnwqi1874,cnwqi1875,cnwqi1876,cnwqi1877,cnwqi1878,cnwqi1879,cnwqi1880,cnwqi1881,cnwqi1882,cnwqi1883,cnwqi1884,cnwqi1885,cnwqi1886,cnwqi1887,cnwqi1888,cnwqi1889,cnwqi1890,cnwqi1891,cnwqi1892,cnwqi1893,cnwqi1894,cnwqi1895,cnwqi1896,cnwqi1897,cnwqi1898,cnwqi1899,cnwqi1900"
"cnwq19","19","level1","通用规范汉字表一级字表（3500字）19","通用规范汉字表一级字表（3500字）19,汉字拼音测试19","cnwqi1901,cnwqi1902,cnwqi1903,cnwqi1904,cnwqi1905,cnwqi1906,cnwqi1907,cnwqi1908,cnwqi1909,cnwqi1910,cnwqi1911,cnwqi1912,cnwqi1913,cnwqi1914,cnwqi1915,cnwqi1916,cnwqi1917,cnwqi1918,cnwqi1919,cnwqi1920,cnwqi1921,cnwqi1922,cnwqi1923,cnwqi1924,cnwqi1925,cnwqi1926,cnwqi1927,cnwqi1928,cnwqi1929,cnwqi1930,cnwqi1931,cnwqi1932,cnwqi1933,cnwqi1934,cnwqi1935,cnwqi1936,cnwqi1937,cnwqi1938,cnwqi1939,cnwqi1940,cnwqi1941,cnwqi1942,cnwqi1943,cnwqi1944,cnwqi1945,cnwqi1946,cnwqi1947,cnwqi1948,cnwqi1949,cnwqi1950,cnwqi1951,cnwqi1952,cnwqi1953,cnwqi1954,cnwqi1955,cnwqi1956,cnwqi1957,cnwqi1958,cnwqi1959,cnwqi1960,cnwqi1961,cnwqi1962,cnwqi1963,cnwqi1964,cnwqi1965,cnwqi1966,cnwqi1967,cnwqi1968,cnwqi1969,cnwqi1970,cnwqi1971,cnwqi1972,cnwqi1973,cnwqi1974,cnwqi1975,cnwqi1976,cnwqi1977,cnwqi1978,cnwqi1979,cnwqi1980,cnwqi1981,cnwqi1982,cnwqi1983,cnwqi1984,cnwqi1985,cnwqi1986,cnwqi1987,cnwqi1988,cnwqi1989,cnwqi1990,cnwqi1991,cnwqi1992,cnwqi1993,cnwqi1994,cnwqi1995,cnwqi1996,cnwqi1997,cnwqi1998,cnwqi1999,cnwqi2000"
"cnwq20","20","level1","通用规范汉字表一级字表（3500字）20","通用规范汉字表一级字表（3500字）20,汉字拼音测试20","cnwqi2001,cnwqi2002,cnwqi2003,cnwqi2004,cnwqi2005,cnwqi2006,cnwqi2007,cnwqi2008,cnwqi2009,cnwqi2010,cnwqi2011,cnwqi2012,cnwqi2013,cnwqi2014,cnwqi2015,cnwqi2016,cnwqi2017,cnwqi2018,cnwqi2019,cnwqi2020,cnwqi2021,cnwqi2022,cnwqi2023,cnwqi2024,cnwqi2025,cnwqi2026,cnwqi2027,cnwqi2028,cnwqi2029,cnwqi2030,cnwqi2031,cnwqi2032,cnwqi2033,cnwqi2034,cnwqi2035,cnwqi2036,cnwqi2037,cnwqi2038,cnwqi2039,cnwqi2040,cnwqi2041,cnwqi2042,cnwqi2043,cnwqi2044,cnwqi2045,cnwqi2046,cnwqi2047,cnwqi2048,cnwqi2049,cnwqi2050,cnwqi2051,cnwqi2052,cnwqi2053,cnwqi2054,cnwqi2055,cnwqi2056,cnwqi2057,cnwqi2058,cnwqi2059,cnwqi2060,cnwqi2061,cnwqi2062,cnwqi2063,cnwqi2064,cnwqi2065,cnwqi2066,cnwqi2067,cnwqi2068,cnwqi2069,cnwqi2070,cnwqi2071,cnwqi2072,cnwqi2073,cnwqi2074,cnwqi2075,cnwqi2076,cnwqi2077,cnwqi2078,cnwqi2079,cnwqi2080,cnwqi2081,cnwqi2082,cnwqi2083,cnwqi2084,cnwqi2085,cnwqi2086,cnwqi2087,cnwqi2088,cnwqi2089,cnwqi2090,cnwqi2091,cnwqi2092,cnwqi2093,cnwqi2094,cnwqi2095,cnwqi2096,cnwqi2097,cnwqi2098,cnwqi2099,cnwqi2100"
"cnwq21","21","level1","通用规范汉字表一级字表（3500字）21","通用规范汉字表一级字表（3500字）21,汉字拼音测试21","cnwqi2101,cnwqi2102,cnwqi2103,cnwqi2104,cnwqi2105,cnwqi2106,cnwqi2107,cnwqi2108,cnwqi2109,cnwqi2110,cnwqi2111,cnwqi2112,cnwqi2113,cnwqi2114,cnwqi2115,cnwqi2116,cnwqi2117,cnwqi2118,cnwqi2119,cnwqi2120,cnwqi2121,cnwqi2122,cnwqi2123,cnwqi2124,cnwqi2125,cnwqi2126,cnwqi2127,cnwqi2128,cnwqi2129,cnwqi2130,cnwqi2131,cnwqi2132,cnwqi2133,cnwqi2134,cnwqi2135,cnwqi2136,cnwqi2137,cnwqi2138,cnwqi2139,cnwqi2140,cnwqi2141,cnwqi2142,cnwqi2143,cnwqi2144,cnwqi2145,cnwqi2146,cnwqi2147,cnwqi2148,cnwqi2149,cnwqi2150,cnwqi2151,cnwqi2152,cnwqi2153,cnwqi2154,cnwqi2155,cnwqi2156,cnwqi2157,cnwqi2158,cnwqi2159,cnwqi2160,cnwqi2161,cnwqi2162,cnwqi2163,cnwqi2164,cnwqi2165,cnwqi2166,cnwqi2167,cnwqi2168,cnwqi2169,cnwqi2170,cnwqi2171,cnwqi2172,cnwqi2173,cnwqi2174,cnwqi2175,cnwqi2176,cnwqi2177,cnwqi2178,cnwqi2179,cnwqi2180,cnwqi2181,cnwqi2182,cnwqi2183,cnwqi2184,cnwqi2185,cnwqi2186,cnwqi2187,cnwqi2188,cnwqi2189,cnwqi2190,cnwqi2191,cnwqi2192,cnwqi2193,cnwqi2194,cnwqi2195,cnwqi2196,cnwqi2197,cnwqi2198,cnwqi2199,cnwqi2200"
"cnwq22","22","level1","通用规范汉字表一级字表（3500字）22","通用规范汉字表一级字表（3500字）22,汉字拼音测试22","cnwqi2201,cnwqi2202,cnwqi2203,cnwqi2204,cnwqi2205,cnwqi2206,cnwqi2207,cnwqi2208,cnwqi2209,cnwqi2210,cnwqi2211,cnwqi2212,cnwqi2213,cnwqi2214,cnwqi2215,cnwqi2216,cnwqi2217,cnwqi2218,cnwqi2219,cnwqi2220,cnwqi2221,cnwqi2222,cnwqi2223,cnwqi2224,cnwqi2225,cnwqi2226,cnwqi2227,cnwqi2228,cnwqi2229,cnwqi2230,cnwqi2231,cnwqi2232,cnwqi2233,cnwqi2234,cnwqi2235,cnwqi2236,cnwqi2237,cnwqi2238,cnwqi2239,cnwqi2240,cnwqi2241,cnwqi2242,cnwqi2243,cnwqi2244,cnwqi2245,cnwqi2246,cnwqi2247,cnwqi2248,cnwqi2249,cnwqi2250,cnwqi2251,cnwqi2252,cnwqi2253,cnwqi2254,cnwqi2255,cnwqi2256,cnwqi2257,cnwqi2258,cnwqi2259,cnwqi2260,cnwqi2261,cnwqi2262,cnwqi2263,cnwqi2264,cnwqi2265,cnwqi2266,cnwqi2267,cnwqi2268,cnwqi2269,cnwqi2270,cnwqi2271,cnwqi2272,cnwqi2273,cnwqi2274,cnwqi2275,cnwqi2276,cnwqi2277,cnwqi2278,cnwqi2279,cnwqi2280,cnwqi2281,cnwqi2282,cnwqi2283,cnwqi2284,cnwqi2285,cnwqi2286,cnwqi2287,cnwqi2288,cnwqi2289,cnwqi2290,cnwqi2291,cnwqi2292,cnwqi2293,cnwqi2294,cnwqi2295,cnwqi2296,cnwqi2297,cnwqi2298,cnwqi2299,cnwqi2300"
"cnwq23","23","level1","通用规范汉字表一级字表（3500字）23","通用规范汉字表一级字表（3500字）23,汉字拼音测试23","cnwqi2301,cnwqi2302,cnwqi2303,cnwqi2304,cnwqi2305,cnwqi2306,cnwqi2307,cnwqi2308,cnwqi2309,cnwqi2310,cnwqi2311,cnwqi2312,cnwqi2313,cnwqi2314,cnwqi2315,cnwqi2316,cnwqi2317,cnwqi2318,cnwqi2319,cnwqi2320,cnwqi2321,cnwqi2322,cnwqi2323,cnwqi2324,cnwqi2325,cnwqi2326,cnwqi2327,cnwqi2328,cnwqi2329,cnwqi2330,cnwqi2331,cnwqi2332,cnwqi2333,cnwqi2334,cnwqi2335,cnwqi2336,cnwqi2337,cnwqi2338,cnwqi2339,cnwqi2340,cnwqi2341,cnwqi2342,cnwqi2343,cnwqi2344,cnwqi2345,cnwqi2346,cnwqi2347,cnwqi2348,cnwqi2349,cnwqi2350,cnwqi2351,cnwqi2352,cnwqi2353,cnwqi2354,cnwqi2355,cnwqi2356,cnwqi2357,cnwqi2358,cnwqi2359,cnwqi2360,cnwqi2361,cnwqi2362,cnwqi2363,cnwqi2364,cnwqi2365,cnwqi2366,cnwqi2367,cnwqi2368,cnwqi2369,cnwqi2370,cnwqi2371,cnwqi2372,cnwqi2373,cnwqi2374,cnwqi2375,cnwqi2376,cnwqi2377,cnwqi2378,cnwqi2379,cnwqi2380,cnwqi2381,cnwqi2382,cnwqi2383,cnwqi2384,cnwqi2385,cnwqi2386,cnwqi2387,cnwqi2388,cnwqi2389,cnwqi2390,cnwqi2391,cnwqi2392,cnwqi2393,cnwqi2394,cnwqi2395,cnwqi2396,cnwqi2397,cnwqi2398,cnwqi2399,cnwqi2400"
"cnwq24","24","level1","通用规范汉字表一级字表（3500字）24","通用规范汉字表一级字表（3500字）24,汉字拼音测试24","cnwqi2401,cnwqi2402,cnwqi2403,cnwqi2404,cnwqi2405,cnwqi2406,cnwqi2407,cnwqi2408,cnwqi2409,cnwqi2410,cnwqi2411,cnwqi2412,cnwqi2413,cnwqi2414,cnwqi2415,cnwqi2416,cnwqi2417,cnwqi2418,cnwqi2419,cnwqi2420,cnwqi2421,cnwqi2422,cnwqi2423,cnwqi2424,cnwqi2425,cnwqi2426,cnwqi2427,cnwqi2428,cnwqi2429,cnwqi2430,cnwqi2431,cnwqi2432,cnwqi2433,cnwqi2434,cnwqi2435,cnwqi2436,cnwqi2437,cnwqi2438,cnwqi2439,cnwqi2440,cnwqi2441,cnwqi2442,cnwqi2443,cnwqi2444,cnwqi2445,cnwqi2446,cnwqi2447,cnwqi2448,cnwqi2449,cnwqi2450,cnwqi2451,cnwqi2452,cnwqi2453,cnwqi2454,cnwqi2455,cnwqi2456,cnwqi2457,cnwqi2458,cnwqi2459,cnwqi2460,cnwqi2461,cnwqi2462,cnwqi2463,cnwqi2464,cnwqi2465,cnwqi2466,cnwqi2467,cnwqi2468,cnwqi2469,cnwqi2470,cnwqi2471,cnwqi2472,cnwqi2473,cnwqi2474,cnwqi2475,cnwqi2476,cnwqi2477,cnwqi2478,cnwqi2479,cnwqi2480,cnwqi2481,cnwqi2482,cnwqi2483,cnwqi2484,cnwqi2485,cnwqi2486,cnwqi2487,cnwqi2488,cnwqi2489,cnwqi2490,cnwqi2491,cnwqi2492,cnwqi2493,cnwqi2494,cnwqi2495,cnwqi2496,cnwqi2497,cnwqi2498,cnwqi2499,cnwqi2500"
"cnwq25","25","level1","通用规范汉字表一级字表（3500字）25","通用规范汉字表一级字表（3500字）25,汉字拼音测试25","cnwqi2501,cnwqi2502,cnwqi2503,cnwqi2504,cnwqi2505,cnwqi2506,cnwqi2507,cnwqi2508,cnwqi2509,cnwqi2510,cnwqi2511,cnwqi2512,cnwqi2513,cnwqi2514,cnwqi2515,cnwqi2516,cnwqi2517,cnwqi2518,cnwqi2519,cnwqi2520,cnwqi2521,cnwqi2522,cnwqi2523,cnwqi2524,cnwqi2525,cnwqi2526,cnwqi2527,cnwqi2528,cnwqi2529,cnwqi2530,cnwqi2531,cnwqi2532,cnwqi2533,cnwqi2534,cnwqi2535,cnwqi2536,cnwqi2537,cnwqi2538,cnwqi2539,cnwqi2540,cnwqi2541,cnwqi2542,cnwqi2543,cnwqi2544,cnwqi2545,cnwqi2546,cnwqi2547,cnwqi2548,cnwqi2549,cnwqi2550,cnwqi2551,cnwqi2552,cnwqi2553,cnwqi2554,cnwqi2555,cnwqi2556,cnwqi2557,cnwqi2558,cnwqi2559,cnwqi2560,cnwqi2561,cnwqi2562,cnwqi2563,cnwqi2564,cnwqi2565,cnwqi2566,cnwqi2567,cnwqi2568,cnwqi2569,cnwqi2570,cnwqi2571,cnwqi2572,cnwqi2573,cnwqi2574,cnwqi2575,cnwqi2576,cnwqi2577,cnwqi2578,cnwqi2579,cnwqi2580,cnwqi2581,cnwqi2582,cnwqi2583,cnwqi2584,cnwqi2585,cnwqi2586,cnwqi2587,cnwqi2588,cnwqi2589,cnwqi2590,cnwqi2591,cnwqi2592,cnwqi2593,cnwqi2594,cnwqi2595,cnwqi2596,cnwqi2597,cnwqi2598,cnwqi2599,cnwqi2600"
"cnwq26","26","level1","通用规范汉字表一级字表（3500字）26","通用规范汉字表一级字表（3500字）26,汉字拼音测试26","cnwqi2601,cnwqi2602,cnwqi2603,cnwqi2604,cnwqi2605,cnwqi2606,cnwqi2607,cnwqi2608,cnwqi2609,cnwqi2610,cnwqi2611,cnwqi2612,cnwqi2613,cnwqi2614,cnwqi2615,cnwqi2616,cnwqi2617,cnwqi2618,cnwqi2619,cnwqi2620,cnwqi2621,cnwqi2622,cnwqi2623,cnwqi2624,cnwqi2625,cnwqi2626,cnwqi2627,cnwqi2628,cnwqi2629,cnwqi2630,cnwqi2631,cnwqi2632,cnwqi2633,cnwqi2634,cnwqi2635,cnwqi2636,cnwqi2637,cnwqi2638,cnwqi2639,cnwqi2640,cnwqi2641,cnwqi2642,cnwqi2643,cnwqi2644,cnwqi2645,cnwqi2646,cnwqi2647,cnwqi2648,cnwqi2649,cnwqi2650,cnwqi2651,cnwqi2652,cnwqi2653,cnwqi2654,cnwqi2655,cnwqi2656,cnwqi2657,cnwqi2658,cnwqi2659,cnwqi2660,cnwqi2661,cnwqi2662,cnwqi2663,cnwqi2664,cnwqi2665,cnwqi2666,cnwqi2667,cnwqi2668,cnwqi2669,cnwqi2670,cnwqi2671,cnwqi2672,cnwqi2673,cnwqi2674,cnwqi2675,cnwqi2676,cnwqi2677,cnwqi2678,cnwqi2679,cnwqi2680,cnwqi2681,cnwqi2682,cnwqi2683,cnwqi2684,cnwqi2685,cnwqi2686,cnwqi2687,cnwqi2688,cnwqi2689,cnwqi2690,cnwqi2691,cnwqi2692,cnwqi2693,cnwqi2694,cnwqi2695,cnwqi2696,cnwqi2697,cnwqi2698,cnwqi2699,cnwqi2700"
"cnwq27","27","level1","通用规范汉字表一级字表（3500字）27","通用规范汉字表一级字表（3500字）27,汉字拼音测试27","cnwqi2701,cnwqi2702,cnwqi2703,cnwqi2704,cnwqi2705,cnwqi2706,cnwqi2707,cnwqi2708,cnwqi2709,cnwqi2710,cnwqi2711,cnwqi2712,cnwqi2713,cnwqi2714,cnwqi2715,cnwqi2716,cnwqi2717,cnwqi2718,cnwqi2719,cnwqi2720,cnwqi2721,cnwqi2722,cnwqi2723,cnwqi2724,cnwqi2725,cnwqi2726,cnwqi2727,cnwqi2728,cnwqi2729,cnwqi2730,cnwqi2731,cnwqi2732,cnwqi2733,cnwqi2734,cnwqi2735,cnwqi2736,cnwqi2737,cnwqi2738,cnwqi2739,cnwqi2740,cnwqi2741,cnwqi2742,cnwqi2743,cnwqi2744,cnwqi2745,cnwqi2746,cnwqi2747,cnwqi2748,cnwqi2749,cnwqi2750,cnwqi2751,cnwqi2752,cnwqi2753,cnwqi2754,cnwqi2755,cnwqi2756,cnwqi2757,cnwqi2758,cnwqi2759,cnwqi2760,cnwqi2761,cnwqi2762,cnwqi2763,cnwqi2764,cnwqi2765,cnwqi2766,cnwqi2767,cnwqi2768,cnwqi2769,cnwqi2770,cnwqi2771,cnwqi2772,cnwqi2773,cnwqi2774,cnwqi2775,cnwqi2776,cnwqi2777,cnwqi2778,cnwqi2779,cnwqi2780,cnwqi2781,cnwqi2782,cnwqi2783,cnwqi2784,cnwqi2785,cnwqi2786,cnwqi2787,cnwqi2788,cnwqi2789,cnwqi2790,cnwqi2791,cnwqi2792,cnwqi2793,cnwqi2794,cnwqi2795,cnwqi2796,cnwqi2797,cnwqi2798,cnwqi2799,cnwqi2800"
"cnwq28","28","level1","通用规范汉字表一级字表（3500字）28","通用规范汉字表一级字表（3500字）28,汉字拼音测试28","cnwqi2801,cnwqi2802,cnwqi2803,cnwqi2804,cnwqi2805,cnwqi2806,cnwqi2807,cnwqi2808,cnwqi2809,cnwqi2810,cnwqi2811,cnwqi2812,cnwqi2813,cnwqi2814,cnwqi2815,cnwqi2816,cnwqi2817,cnwqi2818,cnwqi2819,cnwqi2820,cnwqi2821,cnwqi2822,cnwqi2823,cnwqi2824,cnwqi2825,cnwqi2826,cnwqi2827,cnwqi2828,cnwqi2829,cnwqi2830,cnwqi2831,cnwqi2832,cnwqi2833,cnwqi2834,cnwqi2835,cnwqi2836,cnwqi2837,cnwqi2838,cnwqi2839,cnwqi2840,cnwqi2841,cnwqi2842,cnwqi2843,cnwqi2844,cnwqi2845,cnwqi2846,cnwqi2847,cnwqi2848,cnwqi2849,cnwqi2850,cnwqi2851,cnwqi2852,cnwqi2853,cnwqi2854,cnwqi2855,cnwqi2856,cnwqi2857,cnwqi2858,cnwqi2859,cnwqi2860,cnwqi2861,cnwqi2862,cnwqi2863,cnwqi2864,cnwqi2865,cnwqi2866,cnwqi2867,cnwqi2868,cnwqi2869,cnwqi2870,cnwqi2871,cnwqi2872,cnwqi2873,cnwqi2874,cnwqi2875,cnwqi2876,cnwqi2877,cnwqi2878,cnwqi2879,cnwqi2880,cnwqi2881,cnwqi2882,cnwqi2883,cnwqi2884,cnwqi2885,cnwqi2886,cnwqi2887,cnwqi2888,cnwqi2889,cnwqi2890,cnwqi2891,cnwqi2892,cnwqi2893,cnwqi2894,cnwqi2895,cnwqi2896,cnwqi2897,cnwqi2898,cnwqi2899,cnwqi2900"
"cnwq29","29","level1","通用规范汉字表一级字表（3500字）29","通用规范汉字表一级字表（3500字）29,汉字拼音测试29","cnwqi2901,cnwqi2902,cnwqi2903,cnwqi2904,cnwqi2905,cnwqi2906,cnwqi2907,cnwqi2908,cnwqi2909,cnwqi2910,cnwqi2911,cnwqi2912,cnwqi2913,cnwqi2914,cnwqi2915,cnwqi2916,cnwqi2917,cnwqi2918,cnwqi2919,cnwqi2920,cnwqi2921,cnwqi2922,cnwqi2923,cnwqi2924,cnwqi2925,cnwqi2926,cnwqi2927,cnwqi2928,cnwqi2929,cnwqi2930,cnwqi2931,cnwqi2932,cnwqi2933,cnwqi2934,cnwqi2935,cnwqi2936,cnwqi2937,cnwqi2938,cnwqi2939,cnwqi2940,cnwqi2941,cnwqi2942,cnwqi2943,cnwqi2944,cnwqi2945,cnwqi2946,cnwqi2947,cnwqi2948,cnwqi2949,cnwqi2950,cnwqi2951,cnwqi2952,cnwqi2953,cnwqi2954,cnwqi2955,cnwqi2956,cnwqi2957,cnwqi2958,cnwqi2959,cnwqi2960,cnwqi2961,cnwqi2962,cnwqi2963,cnwqi2964,cnwqi2965,cnwqi2966,cnwqi2967,cnwqi2968,cnwqi2969,cnwqi2970,cnwqi2971,cnwqi2972,cnwqi2973,cnwqi2974,cnwqi2975,cnwqi2976,cnwqi2977,cnwqi2978,cnwqi2979,cnwqi2980,cnwqi2981,cnwqi2982,cnwqi2983,cnwqi2984,cnwqi2985,cnwqi2986,cnwqi2987,cnwqi2988,cnwqi2989,cnwqi2990,cnwqi2991,cnwqi2992,cnwqi2993,cnwqi2994,cnwqi2995,cnwqi2996,cnwqi2997,cnwqi2998,cnwqi2999,cnwqi3000"
"cnwq30","30","level1","通用规范汉字表一级字表（3500字）30","通用规范汉字表一级字表（3500字）30,汉字拼音测试30","cnwqi3001,cnwqi3002,cnwqi3003,cnwqi3004,cnwqi3005,cnwqi3006,cnwqi3007,cnwqi3008,cnwqi3009,cnwqi3010,cnwqi3011,cnwqi3012,cnwqi3013,cnwqi3014,cnwqi3015,cnwqi3016,cnwqi3017,cnwqi3018,cnwqi3019,cnwqi3020,cnwqi3021,cnwqi3022,cnwqi3023,cnwqi3024,cnwqi3025,cnwqi3026,cnwqi3027,cnwqi3028,cnwqi3029,cnwqi3030,cnwqi3031,cnwqi3032,cnwqi3033,cnwqi3034,cnwqi3035,cnwqi3036,cnwqi3037,cnwqi3038,cnwqi3039,cnwqi3040,cnwqi3041,cnwqi3042,cnwqi3043,cnwqi3044,cnwqi3045,cnwqi3046,cnwqi3047,cnwqi3048,cnwqi3049,cnwqi3050,cnwqi3051,cnwqi3052,cnwqi3053,cnwqi3054,cnwqi3055,cnwqi3056,cnwqi3057,cnwqi3058,cnwqi3059,cnwqi3060,cnwqi3061,cnwqi3062,cnwqi3063,cnwqi3064,cnwqi3065,cnwqi3066,cnwqi3067,cnwqi3068,cnwqi3069,cnwqi3070,cnwqi3071,cnwqi3072,cnwqi3073,cnwqi3074,cnwqi3075,cnwqi3076,cnwqi3077,cnwqi3078,cnwqi3079,cnwqi3080,cnwqi3081,cnwqi3082,cnwqi3083,cnwqi3084,cnwqi3085,cnwqi3086,cnwqi3087,cnwqi3088,cnwqi3089,cnwqi3090,cnwqi3091,cnwqi3092,cnwqi3093,cnwqi3094,cnwqi3095,cnwqi3096,cnwqi3097,cnwqi3098,cnwqi3099,cnwqi3100"
"cnwq31","31","level1","通用规范汉字表一级字表（3500字）31","通用规范汉字表一级字表（3500字）31,汉字拼音测试31","cnwqi3101,cnwqi3102,cnwqi3103,cnwqi3104,cnwqi3105,cnwqi3106,cnwqi3107,cnwqi3108,cnwqi3109,cnwqi3110,cnwqi3111,cnwqi3112,cnwqi3113,cnwqi3114,cnwqi3115,cnwqi3116,cnwqi3117,cnwqi3118,cnwqi3119,cnwqi3120,cnwqi3121,cnwqi3122,cnwqi3123,cnwqi3124,cnwqi3125,cnwqi3126,cnwqi3127,cnwqi3128,cnwqi3129,cnwqi3130,cnwqi3131,cnwqi3132,cnwqi3133,cnwqi3134,cnwqi3135,cnwqi3136,cnwqi3137,cnwqi3138,cnwqi3139,cnwqi3140,cnwqi3141,cnwqi3142,cnwqi3143,cnwqi3144,cnwqi3145,cnwqi3146,cnwqi3147,cnwqi3148,cnwqi3149,cnwqi3150,cnwqi3151,cnwqi3152,cnwqi3153,cnwqi3154,cnwqi3155,cnwqi3156,cnwqi3157,cnwqi3158,cnwqi3159,cnwqi3160,cnwqi3161,cnwqi3162,cnwqi3163,cnwqi3164,cnwqi3165,cnwqi3166,cnwqi3167,cnwqi3168,cnwqi3169,cnwqi3170,cnwqi3171,cnwqi3172,cnwqi3173,cnwqi3174,cnwqi3175,cnwqi3176,cnwqi3177,cnwqi3178,cnwqi3179,cnwqi3180,cnwqi3181,cnwqi3182,cnwqi3183,cnwqi3184,cnwqi3185,cnwqi3186,cnwqi3187,cnwqi3188,cnwqi3189,cnwqi3190,cnwqi3191,cnwqi3192,cnwqi3193,cnwqi3194,cnwqi3195,cnwqi3196,cnwqi3197,cnwqi3198,cnwqi3199,cnwqi3200"
"cnwq32","32","level1","通用规范汉字表一级字表（3500字）32","通用规范汉字表一级字表（3500字）32,汉字拼音测试32","cnwqi3201,cnwqi3202,cnwqi3203,cnwqi3204,cnwqi3205,cnwqi3206,cnwqi3207,cnwqi3208,cnwqi3209,cnwqi3210,cnwqi3211,cnwqi3212,cnwqi3213,cnwqi3214,cnwqi3215,cnwqi3216,cnwqi3217,cnwqi3218,cnwqi3219,cnwqi3220,cnwqi3221,cnwqi3222,cnwqi3223,cnwqi3224,cnwqi3225,cnwqi3226,cnwqi3227,cnwqi3228,cnwqi3229,cnwqi3230,cnwqi3231,cnwqi3232,cnwqi3233,cnwqi3234,cnwqi3235,cnwqi3236,cnwqi3237,cnwqi3238,cnwqi3239,cnwqi3240,cnwqi3241,cnwqi3242,cnwqi3243,cnwqi3244,cnwqi3245,cnwqi3246,cnwqi3247,cnwqi3248,cnwqi3249,cnwqi3250,cnwqi3251,cnwqi3252,cnwqi3253,cnwqi3254,cnwqi3255,cnwqi3256,cnwqi3257,cnwqi3258,cnwqi3259,cnwqi3260,cnwqi3261,cnwqi3262,cnwqi3263,cnwqi3264,cnwqi3265,cnwqi3266,cnwqi3267,cnwqi3268,cnwqi3269,cnwqi3270,cnwqi3271,cnwqi3272,cnwqi3273,cnwqi3274,cnwqi3275,cnwqi3276,cnwqi3277,cnwqi3278,cnwqi3279,cnwqi3280,cnwqi3281,cnwqi3282,cnwqi3283,cnwqi3284,cnwqi3285,cnwqi3286,cnwqi3287,cnwqi3288,cnwqi3289,cnwqi3290,cnwqi3291,cnwqi3292,cnwqi3293,cnwqi3294,cnwqi3295,cnwqi3296,cnwqi3297,cnwqi3298,cnwqi3299,cnwqi3300"
"cnwq33","33","level1","通用规范汉字表一级字表（3500字）33","通用规范汉字表一级字表（3500字）33,汉字拼音测试33","cnwqi3301,cnwqi3302,cnwqi3303,cnwqi3304,cnwqi3305,cnwqi3306,cnwqi3307,cnwqi3308,cnwqi3309,cnwqi3310,cnwqi3311,cnwqi3312,cnwqi3313,cnwqi3314,cnwqi3315,cnwqi3316,cnwqi3317,cnwqi3318,cnwqi3319,cnwqi3320,cnwqi3321,cnwqi3322,cnwqi3323,cnwqi3324,cnwqi3325,cnwqi3326,cnwqi3327,cnwqi3328,cnwqi3329,cnwqi3330,cnwqi3331,cnwqi3332,cnwqi3333,cnwqi3334,cnwqi3335,cnwqi3336,cnwqi3337,cnwqi3338,cnwqi3339,cnwqi3340,cnwqi3341,cnwqi3342,cnwqi3343,cnwqi3344,cnwqi3345,cnwqi3346,cnwqi3347,cnwqi3348,cnwqi3349,cnwqi3350,cnwqi3351,cnwqi3352,cnwqi3353,cnwqi3354,cnwqi3355,cnwqi3356,cnwqi3357,cnwqi3358,cnwqi3359,cnwqi3360,cnwqi3361,cnwqi3362,cnwqi3363,cnwqi3364,cnwqi3365,cnwqi3366,cnwqi3367,cnwqi3368,cnwqi3369,cnwqi3370,cnwqi3371,cnwqi3372,cnwqi3373,cnwqi3374,cnwqi3375,cnwqi3376,cnwqi3377,cnwqi3378,cnwqi3379,cnwqi3380,cnwqi3381,cnwqi3382,cnwqi3383,cnwqi3384,cnwqi3385,cnwqi3386,cnwqi3387,cnwqi3388,cnwqi3389,cnwqi3390,cnwqi3391,cnwqi3392,cnwqi3393,cnwqi3394,cnwqi3395,cnwqi3396,cnwqi3397,cnwqi3398,cnwqi3399,cnwqi3400"
"cnwq34","34","level1","通用规范汉字表一级字表（3500字）34","通用规范汉字表一级字表（3500字）34,汉字拼音测试34","cnwqi3401,cnwqi3402,cnwqi3403,cnwqi3404,cnwqi3405,cnwqi3406,cnwqi3407,cnwqi3408,cnwqi3409,cnwqi3410,cnwqi3411,cnwqi3412,cnwqi3413,cnwqi3414,cnwqi3415,cnwqi3416,cnwqi3417,cnwqi3418,cnwqi3419,cnwqi3420,cnwqi3421,cnwqi3422,cnwqi3423,cnwqi3424,cnwqi3425,cnwqi3426,cnwqi3427,cnwqi3428,cnwqi3429,cnwqi3430,cnwqi3431,cnwqi3432,cnwqi3433,cnwqi3434,cnwqi3435,cnwqi3436,cnwqi3437,cnwqi3438,cnwqi3439,cnwqi3440,cnwqi3441,cnwqi3442,cnwqi3443,cnwqi3444,cnwqi3445,cnwqi3446,cnwqi3447,cnwqi3448,cnwqi3449,cnwqi3450,cnwqi3451,cnwqi3452,cnwqi3453,cnwqi3454,cnwqi3455,cnwqi3456,cnwqi3457,cnwqi3458,cnwqi3459,cnwqi3460,cnwqi3461,cnwqi3462,cnwqi3463,cnwqi3464,cnwqi3465,cnwqi3466,cnwqi3467,cnwqi3468,cnwqi3469,cnwqi3470,cnwqi3471,cnwqi3472,cnwqi3473,cnwqi3474,cnwqi3475,cnwqi3476,cnwqi3477,cnwqi3478,cnwqi3479,cnwqi3480,cnwqi3481,cnwqi3482,cnwqi3483,cnwqi3484,cnwqi3485,cnwqi3486,cnwqi3487,cnwqi3488,cnwqi3489,cnwqi3490,cnwqi3491,cnwqi3492,cnwqi3493,cnwqi3494,cnwqi3495,cnwqi3496,cnwqi3497,cnwqi3498,cnwqi3499,cnwqi3500"
"cnwq35","35","level1","通用规范汉字表一级字表（3500字）35","通用规范汉字表一级字表（3500字）35,汉字拼音测试35","cnwqi3501,cnwqi3502,cnwqi3503,cnwqi3504,cnwqi3505,cnwqi3506,cnwqi3507,cnwqi3508,cnwqi3509,cnwqi3510,cnwqi3511,cnwqi3512,cnwqi3513,cnwqi3514,cnwqi3515,cnwqi3516,cnwqi3517,cnwqi3518,cnwqi3519,cnwqi3520,cnwqi3521,cnwqi3522,cnwqi3523,cnwqi3524,cnwqi3525,cnwqi3526,cnwqi3527,cnwqi3528,cnwqi3529,cnwqi3530,cnwqi3531,cnwqi3532,cnwqi3533,cnwqi3534,cnwqi3535,cnwqi3536,cnwqi3537,cnwqi3538,cnwqi3539,cnwqi3540,cnwqi3541,cnwqi3542,cnwqi3543,cnwqi3544,cnwqi3545,cnwqi3546,cnwqi3547,cnwqi3548,cnwqi3549,cnwqi3550,cnwqi3551,cnwqi3552,cnwqi3553,cnwqi3554,cnwqi3555,cnwqi3556,cnwqi3557,cnwqi3558,cnwqi3559,cnwqi3560,cnwqi3561,cnwqi3562,cnwqi3563,cnwqi3564,cnwqi3565,cnwqi3566,cnwqi3567,cnwqi3568,cnwqi3569,cnwqi3570,cnwqi3571,cnwqi3572,cnwqi3573,cnwqi3574,cnwqi3575,cnwqi3576,cnwqi3577,cnwqi3578,cnwqi3579,cnwqi3580,cnwqi3581,cnwqi3582,cnwqi3583,cnwqi3584,cnwqi3585,cnwqi3586,cnwqi3587,cnwqi3588,cnwqi3589,cnwqi3590,cnwqi3591,cnwqi3592,cnwqi3593,cnwqi3594,cnwqi3595,cnwqi3596,cnwqi3597,cnwqi3598,cnwqi3599,cnwqi3600"
"cnwq36","36","level2","通用规范汉字表二级字表（3000字）36","通用规范汉字表二级字表（3000字）36,汉字拼音测试36","cnwqi3601,cnwqi3602,cnwqi3603,cnwqi3604,cnwqi3605,cnwqi3606,cnwqi3607,cnwqi3608,cnwqi3609,cnwqi3610,cnwqi3611,cnwqi3612,cnwqi3613,cnwqi3614,cnwqi3615,cnwqi3616,cnwqi3617,cnwqi3618,cnwqi3619,cnwqi3620,cnwqi3621,cnwqi3622,cnwqi3623,cnwqi3624,cnwqi3625,cnwqi3626,cnwqi3627,cnwqi3628,cnwqi3629,cnwqi3630,cnwqi3631,cnwqi3632,cnwqi3633,cnwqi3634,cnwqi3635,cnwqi3636,cnwqi3637,cnwqi3638,cnwqi3639,cnwqi3640,cnwqi3641,cnwqi3642,cnwqi3643,cnwqi3644,cnwqi3645,cnwqi3646,cnwqi3647,cnwqi3648,cnwqi3649,cnwqi3650,cnwqi3651,cnwqi3652,cnwqi3653,cnwqi3654,cnwqi3655,cnwqi3656,cnwqi3657,cnwqi3658,cnwqi3659,cnwqi3660,cnwqi3661,cnwqi3662,cnwqi3663,cnwqi3664,cnwqi3665,cnwqi3666,cnwqi3667,cnwqi3668,cnwqi3669,cnwqi3670,cnwqi3671,cnwqi3672,cnwqi3673,cnwqi3674,cnwqi3675,cnwqi3676,cnwqi3677,cnwqi3678,cnwqi3679,cnwqi3680,cnwqi3681,cnwqi3682,cnwqi3683,cnwqi3684,cnwqi3685,cnwqi3686,cnwqi3687,cnwqi3688,cnwqi3689,cnwqi3690,cnwqi3691,cnwqi3692,cnwqi3693,cnwqi3694,cnwqi3695,cnwqi3696,cnwqi3697,cnwqi3698,cnwqi3699,cnwqi3700"
"cnwq37","37","level2","通用规范汉字表二级字表（3000字）37","通用规范汉字表二级字表（3000字）37,汉字拼音测试37","cnwqi3701,cnwqi3702,cnwqi3703,cnwqi3704,cnwqi3705,cnwqi3706,cnwqi3707,cnwqi3708,cnwqi3709,cnwqi3710,cnwqi3711,cnwqi3712,cnwqi3713,cnwqi3714,cnwqi3715,cnwqi3716,cnwqi3717,cnwqi3718,cnwqi3719,cnwqi3720,cnwqi3721,cnwqi3722,cnwqi3723,cnwqi3724,cnwqi3725,cnwqi3726,cnwqi3727,cnwqi3728,cnwqi3729,cnwqi3730,cnwqi3731,cnwqi3732,cnwqi3733,cnwqi3734,cnwqi3735,cnwqi3736,cnwqi3737,cnwqi3738,cnwqi3739,cnwqi3740,cnwqi3741,cnwqi3742,cnwqi3743,cnwqi3744,cnwqi3745,cnwqi3746,cnwqi3747,cnwqi3748,cnwqi3749,cnwqi3750,cnwqi3751,cnwqi3752,cnwqi3753,cnwqi3754,cnwqi3755,cnwqi3756,cnwqi3757,cnwqi3758,cnwqi3759,cnwqi3760,cnwqi3761,cnwqi3762,cnwqi3763,cnwqi3764,cnwqi3765,cnwqi3766,cnwqi3767,cnwqi3768,cnwqi3769,cnwqi3770,cnwqi3771,cnwqi3772,cnwqi3773,cnwqi3774,cnwqi3775,cnwqi3776,cnwqi3777,cnwqi3778,cnwqi3779,cnwqi3780,cnwqi3781,cnwqi3782,cnwqi3783,cnwqi3784,cnwqi3785,cnwqi3786,cnwqi3787,cnwqi3788,cnwqi3789,cnwqi3790,cnwqi3791,cnwqi3792,cnwqi3793,cnwqi3794,cnwqi3795,cnwqi3796,cnwqi3797,cnwqi3798,cnwqi3799,cnwqi3800"
"cnwq38","38","level2","通用规范汉字表二级字表（3000字）38","通用规范汉字表二级字表（3000字）38,汉字拼音测试38","cnwqi3801,cnwqi3802,cnwqi3803,cnwqi3804,cnwqi3805,cnwqi3806,cnwqi3807,cnwqi3808,cnwqi3809,cnwqi3810,cnwqi3811,cnwqi3812,cnwqi3813,cnwqi3814,cnwqi3815,cnwqi3816,cnwqi3817,cnwqi3818,cnwqi3819,cnwqi3820,cnwqi3821,cnwqi3822,cnwqi3823,cnwqi3824,cnwqi3825,cnwqi3826,cnwqi3827,cnwqi3828,cnwqi3829,cnwqi3830,cnwqi3831,cnwqi3832,cnwqi3833,cnwqi3834,cnwqi3835,cnwqi3836,cnwqi3837,cnwqi3838,cnwqi3839,cnwqi3840,cnwqi3841,cnwqi3842,cnwqi3843,cnwqi3844,cnwqi3845,cnwqi3846,cnwqi3847,cnwqi3848,cnwqi3849,cnwqi3850,cnwqi3851,cnwqi3852,cnwqi3853,cnwqi3854,cnwqi3855,cnwqi3856,cnwqi3857,cnwqi3858,cnwqi3859,cnwqi3860,cnwqi3861,cnwqi3862,cnwqi3863,cnwqi3864,cnwqi3865,cnwqi3866,cnwqi3867,cnwqi3868,cnwqi3869,cnwqi3870,cnwqi3871,cnwqi3872,cnwqi3873,cnwqi3874,cnwqi3875,cnwqi3876,cnwqi3877,cnwqi3878,cnwqi3879,cnwqi3880,cnwqi3881,cnwqi3882,cnwqi3883,cnwqi3884,cnwqi3885,cnwqi3886,cnwqi3887,cnwqi3888,cnwqi3889,cnwqi3890,cnwqi3891,cnwqi3892,cnwqi3893,cnwqi3894,cnwqi3895,cnwqi3896,cnwqi3897,cnwqi3898,cnwqi3899,cnwqi3900"
"cnwq39","39","level2","通用规范汉字表二级字表（3000字）39","通用规范汉字表二级字表（3000字）39,汉字拼音测试39","cnwqi3901,cnwqi3902,cnwqi3903,cnwqi3904,cnwqi3905,cnwqi3906,cnwqi3907,cnwqi3908,cnwqi3909,cnwqi3910,cnwqi3911,cnwqi3912,cnwqi3913,cnwqi3914,cnwqi3915,cnwqi3916,cnwqi3917,cnwqi3918,cnwqi3919,cnwqi3920,cnwqi3921,cnwqi3922,cnwqi3923,cnwqi3924,cnwqi3925,cnwqi3926,cnwqi3927,cnwqi3928,cnwqi3929,cnwqi3930,cnwqi3931,cnwqi3932,cnwqi3933,cnwqi3934,cnwqi3935,cnwqi3936,cnwqi3937,cnwqi3938,cnwqi3939,cnwqi3940,cnwqi3941,cnwqi3942,cnwqi3943,cnwqi3944,cnwqi3945,cnwqi3946,cnwqi3947,cnwqi3948,cnwqi3949,cnwqi3950,cnwqi3951,cnwqi3952,cnwqi3953,cnwqi3954,cnwqi3955,cnwqi3956,cnwqi3957,cnwqi3958,cnwqi3959,cnwqi3960,cnwqi3961,cnwqi3962,cnwqi3963,cnwqi3964,cnwqi3965,cnwqi3966,cnwqi3967,cnwqi3968,cnwqi3969,cnwqi3970,cnwqi3971,cnwqi3972,cnwqi3973,cnwqi3974,cnwqi3975,cnwqi3976,cnwqi3977,cnwqi3978,cnwqi3979,cnwqi3980,cnwqi3981,cnwqi3982,cnwqi3983,cnwqi3984,cnwqi3985,cnwqi3986,cnwqi3987,cnwqi3988,cnwqi3989,cnwqi3990,cnwqi3991,cnwqi3992,cnwqi3993,cnwqi3994,cnwqi3995,cnwqi3996,cnwqi3997,cnwqi3998,cnwqi3999,cnwqi4000"
"cnwq40","40","level2","通用规范汉字表二级字表（3000字）40","通用规范汉字表二级字表（3000字）40,汉字拼音测试40","cnwqi4001,cnwqi4002,cnwqi4003,cnwqi4004,cnwqi4005,cnwqi4006,cnwqi4007,cnwqi4008,cnwqi4009,cnwqi4010,cnwqi4011,cnwqi4012,cnwqi4013,cnwqi4014,cnwqi4015,cnwqi4016,cnwqi4017,cnwqi4018,cnwqi4019,cnwqi4020,cnwqi4021,cnwqi4022,cnwqi4023,cnwqi4024,cnwqi4025,cnwqi4026,cnwqi4027,cnwqi4028,cnwqi4029,cnwqi4030,cnwqi4031,cnwqi4032,cnwqi4033,cnwqi4034,cnwqi4035,cnwqi4036,cnwqi4037,cnwqi4038,cnwqi4039,cnwqi4040,cnwqi4041,cnwqi4042,cnwqi4043,cnwqi4044,cnwqi4045,cnwqi4046,cnwqi4047,cnwqi4048,cnwqi4049,cnwqi4050,cnwqi4051,cnwqi4052,cnwqi4053,cnwqi4054,cnwqi4055,cnwqi4056,cnwqi4057,cnwqi4058,cnwqi4059,cnwqi4060,cnwqi4061,cnwqi4062,cnwqi4063,cnwqi4064,cnwqi4065,cnwqi4066,cnwqi4067,cnwqi4068,cnwqi4069,cnwqi4070,cnwqi4071,cnwqi4072,cnwqi4073,cnwqi4074,cnwqi4075,cnwqi4076,cnwqi4077,cnwqi4078,cnwqi4079,cnwqi4080,cnwqi4081,cnwqi4082,cnwqi4083,cnwqi4084,cnwqi4085,cnwqi4086,cnwqi4087,cnwqi4088,cnwqi4089,cnwqi4090,cnwqi4091,cnwqi4092,cnwqi4093,cnwqi4094,cnwqi4095,cnwqi4096,cnwqi4097,cnwqi4098,cnwqi4099,cnwqi4100"
"cnwq41","41","level2","通用规范汉字表二级字表（3000字）41","通用规范汉字表二级字表（3000字）41,汉字拼音测试41","cnwqi4101,cnwqi4102,cnwqi4103,cnwqi4104,cnwqi4105,cnwqi4106,cnwqi4107,cnwqi4108,cnwqi4109,cnwqi4110,cnwqi4111,cnwqi4112,cnwqi4113,cnwqi4114,cnwqi4115,cnwqi4116,cnwqi4117,cnwqi4118,cnwqi4119,cnwqi4120,cnwqi4121,cnwqi4122,cnwqi4123,cnwqi4124,cnwqi4125,cnwqi4126,cnwqi4127,cnwqi4128,cnwqi4129,cnwqi4130,cnwqi4131,cnwqi4132,cnwqi4133,cnwqi4134,cnwqi4135,cnwqi4136,cnwqi4137,cnwqi4138,cnwqi4139,cnwqi4140,cnwqi4141,cnwqi4142,cnwqi4143,cnwqi4144,cnwqi4145,cnwqi4146,cnwqi4147,cnwqi4148,cnwqi4149,cnwqi4150,cnwqi4151,cnwqi4152,cnwqi4153,cnwqi4154,cnwqi4155,cnwqi4156,cnwqi4157,cnwqi4158,cnwqi4159,cnwqi4160,cnwqi4161,cnwqi4162,cnwqi4163,cnwqi4164,cnwqi4165,cnwqi4166,cnwqi4167,cnwqi4168,cnwqi4169,cnwqi4170,cnwqi4171,cnwqi4172,cnwqi4173,cnwqi4174,cnwqi4175,cnwqi4176,cnwqi4177,cnwqi4178,cnwqi4179,cnwqi4180,cnwqi4181,cnwqi4182,cnwqi4183,cnwqi4184,cnwqi4185,cnwqi4186,cnwqi4187,cnwqi4188,cnwqi4189,cnwqi4190,cnwqi4191,cnwqi4192,cnwqi4193,cnwqi4194,cnwqi4195,cnwqi4196,cnwqi4197,cnwqi4198,cnwqi4199,cnwqi4200"
"cnwq42","42","level2","通用规范汉字表二级字表（3000字）42","通用规范汉字表二级字表（3000字）42,汉字拼音测试42","cnwqi4201,cnwqi4202,cnwqi4203,cnwqi4204,cnwqi4205,cnwqi4206,cnwqi4207,cnwqi4208,cnwqi4209,cnwqi4210,cnwqi4211,cnwqi4212,cnwqi4213,cnwqi4214,cnwqi4215,cnwqi4216,cnwqi4217,cnwqi4218,cnwqi4219,cnwqi4220,cnwqi4221,cnwqi4222,cnwqi4223,cnwqi4224,cnwqi4225,cnwqi4226,cnwqi4227,cnwqi4228,cnwqi4229,cnwqi4230,cnwqi4231,cnwqi4232,cnwqi4233,cnwqi4234,cnwqi4235,cnwqi4236,cnwqi4237,cnwqi4238,cnwqi4239,cnwqi4240,cnwqi4241,cnwqi4242,cnwqi4243,cnwqi4244,cnwqi4245,cnwqi4246,cnwqi4247,cnwqi4248,cnwqi4249,cnwqi4250,cnwqi4251,cnwqi4252,cnwqi4253,cnwqi4254,cnwqi4255,cnwqi4256,cnwqi4257,cnwqi4258,cnwqi4259,cnwqi4260,cnwqi4261,cnwqi4262,cnwqi4263,cnwqi4264,cnwqi4265,cnwqi4266,cnwqi4267,cnwqi4268,cnwqi4269,cnwqi4270,cnwqi4271,cnwqi4272,cnwqi4273,cnwqi4274,cnwqi4275,cnwqi4276,cnwqi4277,cnwqi4278,cnwqi4279,cnwqi4280,cnwqi4281,cnwqi4282,cnwqi4283,cnwqi4284,cnwqi4285,cnwqi4286,cnwqi4287,cnwqi4288,cnwqi4289,cnwqi4290,cnwqi4291,cnwqi4292,cnwqi4293,cnwqi4294,cnwqi4295,cnwqi4296,cnwqi4297,cnwqi4298,cnwqi4299,cnwqi4300"
"cnwq43","43","level2","通用规范汉字表二级字表（3000字）43","通用规范汉字表二级字表（3000字）43,汉字拼音测试43","cnwqi4301,cnwqi4302,cnwqi4303,cnwqi4304,cnwqi4305,cnwqi4306,cnwqi4307,cnwqi4308,cnwqi4309,cnwqi4310,cnwqi4311,cnwqi4312,cnwqi4313,cnwqi4314,cnwqi4315,cnwqi4316,cnwqi4317,cnwqi4318,cnwqi4319,cnwqi4320,cnwqi4321,cnwqi4322,cnwqi4323,cnwqi4324,cnwqi4325,cnwqi4326,cnwqi4327,cnwqi4328,cnwqi4329,cnwqi4330,cnwqi4331,cnwqi4332,cnwqi4333,cnwqi4334,cnwqi4335,cnwqi4336,cnwqi4337,cnwqi4338,cnwqi4339,cnwqi4340,cnwqi4341,cnwqi4342,cnwqi4343,cnwqi4344,cnwqi4345,cnwqi4346,cnwqi4347,cnwqi4348,cnwqi4349,cnwqi4350,cnwqi4351,cnwqi4352,cnwqi4353,cnwqi4354,cnwqi4355,cnwqi4356,cnwqi4357,cnwqi4358,cnwqi4359,cnwqi4360,cnwqi4361,cnwqi4362,cnwqi4363,cnwqi4364,cnwqi4365,cnwqi4366,cnwqi4367,cnwqi4368,cnwqi4369,cnwqi4370,cnwqi4371,cnwqi4372,cnwqi4373,cnwqi4374,cnwqi4375,cnwqi4376,cnwqi4377,cnwqi4378,cnwqi4379,cnwqi4380,cnwqi4381,cnwqi4382,cnwqi4383,cnwqi4384,cnwqi4385,cnwqi4386,cnwqi4387,cnwqi4388,cnwqi4389,cnwqi4390,cnwqi4391,cnwqi4392,cnwqi4393,cnwqi4394,cnwqi4395,cnwqi4396,cnwqi4397,cnwqi4398,cnwqi4399,cnwqi4400"
"cnwq44","44","level2","通用规范汉字表二级字表（3000字）44","通用规范汉字表二级字表（3000字）44,汉字拼音测试44","cnwqi4401,cnwqi4402,cnwqi4403,cnwqi4404,cnwqi4405,cnwqi4406,cnwqi4407,cnwqi4408,cnwqi4409,cnwqi4410,cnwqi4411,cnwqi4412,cnwqi4413,cnwqi4414,cnwqi4415,cnwqi4416,cnwqi4417,cnwqi4418,cnwqi4419,cnwqi4420,cnwqi4421,cnwqi4422,cnwqi4423,cnwqi4424,cnwqi4425,cnwqi4426,cnwqi4427,cnwqi4428,cnwqi4429,cnwqi4430,cnwqi4431,cnwqi4432,cnwqi4433,cnwqi4434,cnwqi4435,cnwqi4436,cnwqi4437,cnwqi4438,cnwqi4439,cnwqi4440,cnwqi4441,cnwqi4442,cnwqi4443,cnwqi4444,cnwqi4445,cnwqi4446,cnwqi4447,cnwqi4448,cnwqi4449,cnwqi4450,cnwqi4451,cnwqi4452,cnwqi4453,cnwqi4454,cnwqi4455,cnwqi4456,cnwqi4457,cnwqi4458,cnwqi4459,cnwqi4460,cnwqi4461,cnwqi4462,cnwqi4463,cnwqi4464,cnwqi4465,cnwqi4466,cnwqi4467,cnwqi4468,cnwqi4469,cnwqi4470,cnwqi4471,cnwqi4472,cnwqi4473,cnwqi4474,cnwqi4475,cnwqi4476,cnwqi4477,cnwqi4478,cnwqi4479,cnwqi4480,cnwqi4481,cnwqi4482,cnwqi4483,cnwqi4484,cnwqi4485,cnwqi4486,cnwqi4487,cnwqi4488,cnwqi4489,cnwqi4490,cnwqi4491,cnwqi4492,cnwqi4493,cnwqi4494,cnwqi4495,cnwqi4496,cnwqi4497,cnwqi4498,cnwqi4499,cnwqi4500"
"cnwq45","45","level2","通用规范汉字表二级字表（3000字）45","通用规范汉字表二级字表（3000字）45,汉字拼音测试45","cnwqi4501,cnwqi4502,cnwqi4503,cnwqi4504,cnwqi4505,cnwqi4506,cnwqi4507,cnwqi4508,cnwqi4509,cnwqi4510,cnwqi4511,cnwqi4512,cnwqi4513,cnwqi4514,cnwqi4515,cnwqi4516,cnwqi4517,cnwqi4518,cnwqi4519,cnwqi4520,cnwqi4521,cnwqi4522,cnwqi4523,cnwqi4524,cnwqi4525,cnwqi4526,cnwqi4527,cnwqi4528,cnwqi4529,cnwqi4530,cnwqi4531,cnwqi4532,cnwqi4533,cnwqi4534,cnwqi4535,cnwqi4536,cnwqi4537,cnwqi4538,cnwqi4539,cnwqi4540,cnwqi4541,cnwqi4542,cnwqi4543,cnwqi4544,cnwqi4545,cnwqi4546,cnwqi4547,cnwqi4548,cnwqi4549,cnwqi4550,cnwqi4551,cnwqi4552,cnwqi4553,cnwqi4554,cnwqi4555,cnwqi4556,cnwqi4557,cnwqi4558,cnwqi4559,cnwqi4560,cnwqi4561,cnwqi4562,cnwqi4563,cnwqi4564,cnwqi4565,cnwqi4566,cnwqi4567,cnwqi4568,cnwqi4569,cnwqi4570,cnwqi4571,cnwqi4572,cnwqi4573,cnwqi4574,cnwqi4575,cnwqi4576,cnwqi4577,cnwqi4578,cnwqi4579,cnwqi4580,cnwqi4581,cnwqi4582,cnwqi4583,cnwqi4584,cnwqi4585,cnwqi4586,cnwqi4587,cnwqi4588,cnwqi4589,cnwqi4590,cnwqi4591,cnwqi4592,cnwqi4593,cnwqi4594,cnwqi4595,cnwqi4596,cnwqi4597,cnwqi4598,cnwqi4599,cnwqi4600"
"cnwq46","46","level2","通用规范汉字表二级字表（3000字）46","通用规范汉字表二级字表（3000字）46,汉字拼音测试46","cnwqi4601,cnwqi4602,cnwqi4603,cnwqi4604,cnwqi4605,cnwqi4606,cnwqi4607,cnwqi4608,cnwqi4609,cnwqi4610,cnwqi4611,cnwqi4612,cnwqi4613,cnwqi4614,cnwqi4615,cnwqi4616,cnwqi4617,cnwqi4618,cnwqi4619,cnwqi4620,cnwqi4621,cnwqi4622,cnwqi4623,cnwqi4624,cnwqi4625,cnwqi4626,cnwqi4627,cnwqi4628,cnwqi4629,cnwqi4630,cnwqi4631,cnwqi4632,cnwqi4633,cnwqi4634,cnwqi4635,cnwqi4636,cnwqi4637,cnwqi4638,cnwqi4639,cnwqi4640,cnwqi4641,cnwqi4642,cnwqi4643,cnwqi4644,cnwqi4645,cnwqi4646,cnwqi4647,cnwqi4648,cnwqi4649,cnwqi4650,cnwqi4651,cnwqi4652,cnwqi4653,cnwqi4654,cnwqi4655,cnwqi4656,cnwqi4657,cnwqi4658,cnwqi4659,cnwqi4660,cnwqi4661,cnwqi4662,cnwqi4663,cnwqi4664,cnwqi4665,cnwqi4666,cnwqi4667,cnwqi4668,cnwqi4669,cnwqi4670,cnwqi4671,cnwqi4672,cnwqi4673,cnwqi4674,cnwqi4675,cnwqi4676,cnwqi4677,cnwqi4678,cnwqi4679,cnwqi4680,cnwqi4681,cnwqi4682,cnwqi4683,cnwqi4684,cnwqi4685,cnwqi4686,cnwqi4687,cnwqi4688,cnwqi4689,cnwqi4690,cnwqi4691,cnwqi4692,cnwqi4693,cnwqi4694,cnwqi4695,cnwqi4696,cnwqi4697,cnwqi4698,cnwqi4699,cnwqi4700"
"cnwq47","47","level2","通用规范汉字表二级字表（3000字）47","通用规范汉字表二级字表（3000字）47,汉字拼音测试47","cnwqi4701,cnwqi4702,cnwqi4703,cnwqi4704,cnwqi4705,cnwqi4706,cnwqi4707,cnwqi4708,cnwqi4709,cnwqi4710,cnwqi4711,cnwqi4712,cnwqi4713,cnwqi4714,cnwqi4715,cnwqi4716,cnwqi4717,cnwqi4718,cnwqi4719,cnwqi4720,cnwqi4721,cnwqi4722,cnwqi4723,cnwqi4724,cnwqi4725,cnwqi4726,cnwqi4727,cnwqi4728,cnwqi4729,cnwqi4730,cnwqi4731,cnwqi4732,cnwqi4733,cnwqi4734,cnwqi4735,cnwqi4736,cnwqi4737,cnwqi4738,cnwqi4739,cnwqi4740,cnwqi4741,cnwqi4742,cnwqi4743,cnwqi4744,cnwqi4745,cnwqi4746,cnwqi4747,cnwqi4748,cnwqi4749,cnwqi4750,cnwqi4751,cnwqi4752,cnwqi4753,cnwqi4754,cnwqi4755,cnwqi4756,cnwqi4757,cnwqi4758,cnwqi4759,cnwqi4760,cnwqi4761,cnwqi4762,cnwqi4763,cnwqi4764,cnwqi4765,cnwqi4766,cnwqi4767,cnwqi4768,cnwqi4769,cnwqi4770,cnwqi4771,cnwqi4772,cnwqi4773,cnwqi4774,cnwqi4775,cnwqi4776,cnwqi4777,cnwqi4778,cnwqi4779,cnwqi4780,cnwqi4781,cnwqi4782,cnwqi4783,cnwqi4784,cnwqi4785,cnwqi4786,cnwqi4787,cnwqi4788,cnwqi4789,cnwqi4790,cnwqi4791,cnwqi4792,cnwqi4793,cnwqi4794,cnwqi4795,cnwqi4796,cnwqi4797,cnwqi4798,cnwqi4799,cnwqi4800"
"cnwq48","48","level2","通用规范汉字表二级字表（3000字）48","通用规范汉字表二级字表（3000字）48,汉字拼音测试48","cnwqi4801,cnwqi4802,cnwqi4803,cnwqi4804,cnwqi4805,cnwqi4806,cnwqi4807,cnwqi4808,cnwqi4809,cnwqi4810,cnwqi4811,cnwqi4812,cnwqi4813,cnwqi4814,cnwqi4815,cnwqi4816,cnwqi4817,cnwqi4818,cnwqi4819,cnwqi4820,cnwqi4821,cnwqi4822,cnwqi4823,cnwqi4824,cnwqi4825,cnwqi4826,cnwqi4827,cnwqi4828,cnwqi4829,cnwqi4830,cnwqi4831,cnwqi4832,cnwqi4833,cnwqi4834,cnwqi4835,cnwqi4836,cnwqi4837,cnwqi4838,cnwqi4839,cnwqi4840,cnwqi4841,cnwqi4842,cnwqi4843,cnwqi4844,cnwqi4845,cnwqi4846,cnwqi4847,cnwqi4848,cnwqi4849,cnwqi4850,cnwqi4851,cnwqi4852,cnwqi4853,cnwqi4854,cnwqi4855,cnwqi4856,cnwqi4857,cnwqi4858,cnwqi4859,cnwqi4860,cnwqi4861,cnwqi4862,cnwqi4863,cnwqi4864,cnwqi4865,cnwqi4866,cnwqi4867,cnwqi4868,cnwqi4869,cnwqi4870,cnwqi4871,cnwqi4872,cnwqi4873,cnwqi4874,cnwqi4875,cnwqi4876,cnwqi4877,cnwqi4878,cnwqi4879,cnwqi4880,cnwqi4881,cnwqi4882,cnwqi4883,cnwqi4884,cnwqi4885,cnwqi4886,cnwqi4887,cnwqi4888,cnwqi4889,cnwqi4890,cnwqi4891,cnwqi4892,cnwqi4893,cnwqi4894,cnwqi4895,cnwqi4896,cnwqi4897,cnwqi4898,cnwqi4899,cnwqi4900"
"cnwq49","49","level2","通用规范汉字表二级字表（3000字）49","通用规范汉字表二级字表（3000字）49,汉字拼音测试49","cnwqi4901,cnwqi4902,cnwqi4903,cnwqi4904,cnwqi4905,cnwqi4906,cnwqi4907,cnwqi4908,cnwqi4909,cnwqi4910,cnwqi4911,cnwqi4912,cnwqi4913,cnwqi4914,cnwqi4915,cnwqi4916,cnwqi4917,cnwqi4918,cnwqi4919,cnwqi4920,cnwqi4921,cnwqi4922,cnwqi4923,cnwqi4924,cnwqi4925,cnwqi4926,cnwqi4927,cnwqi4928,cnwqi4929,cnwqi4930,cnwqi4931,cnwqi4932,cnwqi4933,cnwqi4934,cnwqi4935,cnwqi4936,cnwqi4937,cnwqi4938,cnwqi4939,cnwqi4940,cnwqi4941,cnwqi4942,cnwqi4943,cnwqi4944,cnwqi4945,cnwqi4946,cnwqi4947,cnwqi4948,cnwqi4949,cnwqi4950,cnwqi4951,cnwqi4952,cnwqi4953,cnwqi4954,cnwqi4955,cnwqi4956,cnwqi4957,cnwqi4958,cnwqi4959,cnwqi4960,cnwqi4961,cnwqi4962,cnwqi4963,cnwqi4964,cnwqi4965,cnwqi4966,cnwqi4967,cnwqi4968,cnwqi4969,cnwqi4970,cnwqi4971,cnwqi4972,cnwqi4973,cnwqi4974,cnwqi4975,cnwqi4976,cnwqi4977,cnwqi4978,cnwqi4979,cnwqi4980,cnwqi4981,cnwqi4982,cnwqi4983,cnwqi4984,cnwqi4985,cnwqi4986,cnwqi4987,cnwqi4988,cnwqi4989,cnwqi4990,cnwqi4991,cnwqi4992,cnwqi4993,cnwqi4994,cnwqi4995,cnwqi4996,cnwqi4997,cnwqi4998,cnwqi4999,cnwqi5000"
"cnwq50","50","level2","通用规范汉字表二级字表（3000字）50","通用规范汉字表二级字表（3000字）50,汉字拼音测试50","cnwqi5001,cnwqi5002,cnwqi5003,cnwqi5004,cnwqi5005,cnwqi5006,cnwqi5007,cnwqi5008,cnwqi5009,cnwqi5010,cnwqi5011,cnwqi5012,cnwqi5013,cnwqi5014,cnwqi5015,cnwqi5016,cnwqi5017,cnwqi5018,cnwqi5019,cnwqi5020,cnwqi5021,cnwqi5022,cnwqi5023,cnwqi5024,cnwqi5025,cnwqi5026,cnwqi5027,cnwqi5028,cnwqi5029,cnwqi5030,cnwqi5031,cnwqi5032,cnwqi5033,cnwqi5034,cnwqi5035,cnwqi5036,cnwqi5037,cnwqi5038,cnwqi5039,cnwqi5040,cnwqi5041,cnwqi5042,cnwqi5043,cnwqi5044,cnwqi5045,cnwqi5046,cnwqi5047,cnwqi5048,cnwqi5049,cnwqi5050,cnwqi5051,cnwqi5052,cnwqi5053,cnwqi5054,cnwqi5055,cnwqi5056,cnwqi5057,cnwqi5058,cnwqi5059,cnwqi5060,cnwqi5061,cnwqi5062,cnwqi5063,cnwqi5064,cnwqi5065,cnwqi5066,cnwqi5067,cnwqi5068,cnwqi5069,cnwqi5070,cnwqi5071,cnwqi5072,cnwqi5073,cnwqi5074,cnwqi5075,cnwqi5076,cnwqi5077,cnwqi5078,cnwqi5079,cnwqi5080,cnwqi5081,cnwqi5082,cnwqi5083,cnwqi5084,cnwqi5085,cnwqi5086,cnwqi5087,cnwqi5088,cnwqi5089,cnwqi5090,cnwqi5091,cnwqi5092,cnwqi5093,cnwqi5094,cnwqi5095,cnwqi5096,cnwqi5097,cnwqi5098,cnwqi5099,cnwqi5100"
"cnwq51","51","level2","通用规范汉字表二级字表（3000字）51","通用规范汉字表二级字表（3000字）51,汉字拼音测试51","cnwqi5101,cnwqi5102,cnwqi5103,cnwqi5104,cnwqi5105,cnwqi5106,cnwqi5107,cnwqi5108,cnwqi5109,cnwqi5110,cnwqi5111,cnwqi5112,cnwqi5113,cnwqi5114,cnwqi5115,cnwqi5116,cnwqi5117,cnwqi5118,cnwqi5119,cnwqi5120,cnwqi5121,cnwqi5122,cnwqi5123,cnwqi5124,cnwqi5125,cnwqi5126,cnwqi5127,cnwqi5128,cnwqi5129,cnwqi5130,cnwqi5131,cnwqi5132,cnwqi5133,cnwqi5134,cnwqi5135,cnwqi5136,cnwqi5137,cnwqi5138,cnwqi5139,cnwqi5140,cnwqi5141,cnwqi5142,cnwqi5143,cnwqi5144,cnwqi5145,cnwqi5146,cnwqi5147,cnwqi5148,cnwqi5149,cnwqi5150,cnwqi5151,cnwqi5152,cnwqi5153,cnwqi5154,cnwqi5155,cnwqi5156,cnwqi5157,cnwqi5158,cnwqi5159,cnwqi5160,cnwqi5161,cnwqi5162,cnwqi5163,cnwqi5164,cnwqi5165,cnwqi5166,cnwqi5167,cnwqi5168,cnwqi5169,cnwqi5170,cnwqi5171,cnwqi5172,cnwqi5173,cnwqi5174,cnwqi5175,cnwqi5176,cnwqi5177,cnwqi5178,cnwqi5179,cnwqi5180,cnwqi5181,cnwqi5182,cnwqi5183,cnwqi5184,cnwqi5185,cnwqi5186,cnwqi5187,cnwqi5188,cnwqi5189,cnwqi5190,cnwqi5191,cnwqi5192,cnwqi5193,cnwqi5194,cnwqi5195,cnwqi5196,cnwqi5197,cnwqi5198,cnwqi5199,cnwqi5200"
"cnwq52","52","level2","通用规范汉字表二级字表（3000字）52","通用规范汉字表二级字表（3000字）52,汉字拼音测试52","cnwqi5201,cnwqi5202,cnwqi5203,cnwqi5204,cnwqi5205,cnwqi5206,cnwqi5207,cnwqi5208,cnwqi5209,cnwqi5210,cnwqi5211,cnwqi5212,cnwqi5213,cnwqi5214,cnwqi5215,cnwqi5216,cnwqi5217,cnwqi5218,cnwqi5219,cnwqi5220,cnwqi5221,cnwqi5222,cnwqi5223,cnwqi5224,cnwqi5225,cnwqi5226,cnwqi5227,cnwqi5228,cnwqi5229,cnwqi5230,cnwqi5231,cnwqi5232,cnwqi5233,cnwqi5234,cnwqi5235,cnwqi5236,cnwqi5237,cnwqi5238,cnwqi5239,cnwqi5240,cnwqi5241,cnwqi5242,cnwqi5243,cnwqi5244,cnwqi5245,cnwqi5246,cnwqi5247,cnwqi5248,cnwqi5249,cnwqi5250,cnwqi5251,cnwqi5252,cnwqi5253,cnwqi5254,cnwqi5255,cnwqi5256,cnwqi5257,cnwqi5258,cnwqi5259,cnwqi5260,cnwqi5261,cnwqi5262,cnwqi5263,cnwqi5264,cnwqi5265,cnwqi5266,cnwqi5267,cnwqi5268,cnwqi5269,cnwqi5270,cnwqi5271,cnwqi5272,cnwqi5273,cnwqi5274,cnwqi5275,cnwqi5276,cnwqi5277,cnwqi5278,cnwqi5279,cnwqi5280,cnwqi5281,cnwqi5282,cnwqi5283,cnwqi5284,cnwqi5285,cnwqi5286,cnwqi5287,cnwqi5288,cnwqi5289,cnwqi5290,cnwqi5291,cnwqi5292,cnwqi5293,cnwqi5294,cnwqi5295,cnwqi5296,cnwqi5297,cnwqi5298,cnwqi5299,cnwqi5300"
"cnwq53","53","level2","通用规范汉字表二级字表（3000字）53","通用规范汉字表二级字表（3000字）53,汉字拼音测试53","cnwqi5301,cnwqi5302,cnwqi5303,cnwqi5304,cnwqi5305,cnwqi5306,cnwqi5307,cnwqi5308,cnwqi5309,cnwqi5310,cnwqi5311,cnwqi5312,cnwqi5313,cnwqi5314,cnwqi5315,cnwqi5316,cnwqi5317,cnwqi5318,cnwqi5319,cnwqi5320,cnwqi5321,cnwqi5322,cnwqi5323,cnwqi5324,cnwqi5325,cnwqi5326,cnwqi5327,cnwqi5328,cnwqi5329,cnwqi5330,cnwqi5331,cnwqi5332,cnwqi5333,cnwqi5334,cnwqi5335,cnwqi5336,cnwqi5337,cnwqi5338,cnwqi5339,cnwqi5340,cnwqi5341,cnwqi5342,cnwqi5343,cnwqi5344,cnwqi5345,cnwqi5346,cnwqi5347,cnwqi5348,cnwqi5349,cnwqi5350,cnwqi5351,cnwqi5352,cnwqi5353,cnwqi5354,cnwqi5355,cnwqi5356,cnwqi5357,cnwqi5358,cnwqi5359,cnwqi5360,cnwqi5361,cnwqi5362,cnwqi5363,cnwqi5364,cnwqi5365,cnwqi5366,cnwqi5367,cnwqi5368,cnwqi5369,cnwqi5370,cnwqi5371,cnwqi5372,cnwqi5373,cnwqi5374,cnwqi5375,cnwqi5376,cnwqi5377,cnwqi5378,cnwqi5379,cnwqi5380,cnwqi5381,cnwqi5382,cnwqi5383,cnwqi5384,cnwqi5385,cnwqi5386,cnwqi5387,cnwqi5388,cnwqi5389,cnwqi5390,cnwqi5391,cnwqi5392,cnwqi5393,cnwqi5394,cnwqi5395,cnwqi5396,cnwqi5397,cnwqi5398,cnwqi5399,cnwqi5400"
"cnwq54","54","level2","通用规范汉字表二级字表（3000字）54","通用规范汉字表二级字表（3000字）54,汉字拼音测试54","cnwqi5401,cnwqi5402,cnwqi5403,cnwqi5404,cnwqi5405,cnwqi5406,cnwqi5407,cnwqi5408,cnwqi5409,cnwqi5410,cnwqi5411,cnwqi5412,cnwqi5413,cnwqi5414,cnwqi5415,cnwqi5416,cnwqi5417,cnwqi5418,cnwqi5419,cnwqi5420,cnwqi5421,cnwqi5422,cnwqi5423,cnwqi5424,cnwqi5425,cnwqi5426,cnwqi5427,cnwqi5428,cnwqi5429,cnwqi5430,cnwqi5431,cnwqi5432,cnwqi5433,cnwqi5434,cnwqi5435,cnwqi5436,cnwqi5437,cnwqi5438,cnwqi5439,cnwqi5440,cnwqi5441,cnwqi5442,cnwqi5443,cnwqi5444,cnwqi5445,cnwqi5446,cnwqi5447,cnwqi5448,cnwqi5449,cnwqi5450,cnwqi5451,cnwqi5452,cnwqi5453,cnwqi5454,cnwqi5455,cnwqi5456,cnwqi5457,cnwqi5458,cnwqi5459,cnwqi5460,cnwqi5461,cnwqi5462,cnwqi5463,cnwqi5464,cnwqi5465,cnwqi5466,cnwqi5467,cnwqi5468,cnwqi5469,cnwqi5470,cnwqi5471,cnwqi5472,cnwqi5473,cnwqi5474,cnwqi5475,cnwqi5476,cnwqi5477,cnwqi5478,cnwqi5479,cnwqi5480,cnwqi5481,cnwqi5482,cnwqi5483,cnwqi5484,cnwqi5485,cnwqi5486,cnwqi5487,cnwqi5488,cnwqi5489,cnwqi5490,cnwqi5491,cnwqi5492,cnwqi5493,cnwqi5494,cnwqi5495,cnwqi5496,cnwqi5497,cnwqi5498,cnwqi5499,cnwqi5500"
"cnwq55","55","level2","通用规范汉字表二级字表（3000字）55","通用规范汉字表二级字表（3000字）55,汉字拼音测试55","cnwqi5501,cnwqi5502,cnwqi5503,cnwqi5504,cnwqi5505,cnwqi5506,cnwqi5507,cnwqi5508,cnwqi5509,cnwqi5510,cnwqi5511,cnwqi5512,cnwqi5513,cnwqi5514,cnwqi5515,cnwqi5516,cnwqi5517,cnwqi5518,cnwqi5519,cnwqi5520,cnwqi5521,cnwqi5522,cnwqi5523,cnwqi5524,cnwqi5525,cnwqi5526,cnwqi5527,cnwqi5528,cnwqi5529,cnwqi5530,cnwqi5531,cnwqi5532,cnwqi5533,cnwqi5534,cnwqi5535,cnwqi5536,cnwqi5537,cnwqi5538,cnwqi5539,cnwqi5540,cnwqi5541,cnwqi5542,cnwqi5543,cnwqi5544,cnwqi5545,cnwqi5546,cnwqi5547,cnwqi5548,cnwqi5549,cnwqi5550,cnwqi5551,cnwqi5552,cnwqi5553,cnwqi5554,cnwqi5555,cnwqi5556,cnwqi5557,cnwqi5558,cnwqi5559,cnwqi5560,cnwqi5561,cnwqi5562,cnwqi5563,cnwqi5564,cnwqi5565,cnwqi5566,cnwqi5567,cnwqi5568,cnwqi5569,cnwqi5570,cnwqi5571,cnwqi5572,cnwqi5573,cnwqi5574,cnwqi5575,cnwqi5576,cnwqi5577,cnwqi5578,cnwqi5579,cnwqi5580,cnwqi5581,cnwqi5582,cnwqi5583,cnwqi5584,cnwqi5585,cnwqi5586,cnwqi5587,cnwqi5588,cnwqi5589,cnwqi5590,cnwqi5591,cnwqi5592,cnwqi5593,cnwqi5594,cnwqi5595,cnwqi5596,cnwqi5597,cnwqi5598,cnwqi5599,cnwqi5600"
"cnwq56","56","level2","通用规范汉字表二级字表（3000字）56","通用规范汉字表二级字表（3000字）56,汉字拼音测试56","cnwqi5601,cnwqi5602,cnwqi5603,cnwqi5604,cnwqi5605,cnwqi5606,cnwqi5607,cnwqi5608,cnwqi5609,cnwqi5610,cnwqi5611,cnwqi5612,cnwqi5613,cnwqi5614,cnwqi5615,cnwqi5616,cnwqi5617,cnwqi5618,cnwqi5619,cnwqi5620,cnwqi5621,cnwqi5622,cnwqi5623,cnwqi5624,cnwqi5625,cnwqi5626,cnwqi5627,cnwqi5628,cnwqi5629,cnwqi5630,cnwqi5631,cnwqi5632,cnwqi5633,cnwqi5634,cnwqi5635,cnwqi5636,cnwqi5637,cnwqi5638,cnwqi5639,cnwqi5640,cnwqi5641,cnwqi5642,cnwqi5643,cnwqi5644,cnwqi5645,cnwqi5646,cnwqi5647,cnwqi5648,cnwqi5649,cnwqi5650,cnwqi5651,cnwqi5652,cnwqi5653,cnwqi5654,cnwqi5655,cnwqi5656,cnwqi5657,cnwqi5658,cnwqi5659,cnwqi5660,cnwqi5661,cnwqi5662,cnwqi5663,cnwqi5664,cnwqi5665,cnwqi5666,cnwqi5667,cnwqi5668,cnwqi5669,cnwqi5670,cnwqi5671,cnwqi5672,cnwqi5673,cnwqi5674,cnwqi5675,cnwqi5676,cnwqi5677,cnwqi5678,cnwqi5679,cnwqi5680,cnwqi5681,cnwqi5682,cnwqi5683,cnwqi5684,cnwqi5685,cnwqi5686,cnwqi5687,cnwqi5688,cnwqi5689,cnwqi5690,cnwqi5691,cnwqi5692,cnwqi5693,cnwqi5694,cnwqi5695,cnwqi5696,cnwqi5697,cnwqi5698,cnwqi5699,cnwqi5700"
"cnwq57","57","level2","通用规范汉字表二级字表（3000字）57","通用规范汉字表二级字表（3000字）57,汉字拼音测试57","cnwqi5701,cnwqi5702,cnwqi5703,cnwqi5704,cnwqi5705,cnwqi5706,cnwqi5707,cnwqi5708,cnwqi5709,cnwqi5710,cnwqi5711,cnwqi5712,cnwqi5713,cnwqi5714,cnwqi5715,cnwqi5716,cnwqi5717,cnwqi5718,cnwqi5719,cnwqi5720,cnwqi5721,cnwqi5722,cnwqi5723,cnwqi5724,cnwqi5725,cnwqi5726,cnwqi5727,cnwqi5728,cnwqi5729,cnwqi5730,cnwqi5731,cnwqi5732,cnwqi5733,cnwqi5734,cnwqi5735,cnwqi5736,cnwqi5737,cnwqi5738,cnwqi5739,cnwqi5740,cnwqi5741,cnwqi5742,cnwqi5743,cnwqi5744,cnwqi5745,cnwqi5746,cnwqi5747,cnwqi5748,cnwqi5749,cnwqi5750,cnwqi5751,cnwqi5752,cnwqi5753,cnwqi5754,cnwqi5755,cnwqi5756,cnwqi5757,cnwqi5758,cnwqi5759,cnwqi5760,cnwqi5761,cnwqi5762,cnwqi5763,cnwqi5764,cnwqi5765,cnwqi5766,cnwqi5767,cnwqi5768,cnwqi5769,cnwqi5770,cnwqi5771,cnwqi5772,cnwqi5773,cnwqi5774,cnwqi5775,cnwqi5776,cnwqi5777,cnwqi5778,cnwqi5779,cnwqi5780,cnwqi5781,cnwqi5782,cnwqi5783,cnwqi5784,cnwqi5785,cnwqi5786,cnwqi5787,cnwqi5788,cnwqi5789,cnwqi5790,cnwqi5791,cnwqi5792,cnwqi5793,cnwqi5794,cnwqi5795,cnwqi5796,cnwqi5797,cnwqi5798,cnwqi5799,cnwqi5800"
"cnwq58","58","level2","通用规范汉字表二级字表（3000字）58","通用规范汉字表二级字表（3000字）58,汉字拼音测试58","cnwqi5801,cnwqi5802,cnwqi5803,cnwqi5804,cnwqi5805,cnwqi5806,cnwqi5807,cnwqi5808,cnwqi5809,cnwqi5810,cnwqi5811,cnwqi5812,cnwqi5813,cnwqi5814,cnwqi5815,cnwqi5816,cnwqi5817,cnwqi5818,cnwqi5819,cnwqi5820,cnwqi5821,cnwqi5822,cnwqi5823,cnwqi5824,cnwqi5825,cnwqi5826,cnwqi5827,cnwqi5828,cnwqi5829,cnwqi5830,cnwqi5831,cnwqi5832,cnwqi5833,cnwqi5834,cnwqi5835,cnwqi5836,cnwqi5837,cnwqi5838,cnwqi5839,cnwqi5840,cnwqi5841,cnwqi5842,cnwqi5843,cnwqi5844,cnwqi5845,cnwqi5846,cnwqi5847,cnwqi5848,cnwqi5849,cnwqi5850,cnwqi5851,cnwqi5852,cnwqi5853,cnwqi5854,cnwqi5855,cnwqi5856,cnwqi5857,cnwqi5858,cnwqi5859,cnwqi5860,cnwqi5861,cnwqi5862,cnwqi5863,cnwqi5864,cnwqi5865,cnwqi5866,cnwqi5867,cnwqi5868,cnwqi5869,cnwqi5870,cnwqi5871,cnwqi5872,cnwqi5873,cnwqi5874,cnwqi5875,cnwqi5876,cnwqi5877,cnwqi5878,cnwqi5879,cnwqi5880,cnwqi5881,cnwqi5882,cnwqi5883,cnwqi5884,cnwqi5885,cnwqi5886,cnwqi5887,cnwqi5888,cnwqi5889,cnwqi5890,cnwqi5891,cnwqi5892,cnwqi5893,cnwqi5894,cnwqi5895,cnwqi5896,cnwqi5897,cnwqi5898,cnwqi5899,cnwqi5900"
"cnwq59","59","level2","通用规范汉字表二级字表（3000字）59","通用规范汉字表二级字表（3000字）59,汉字拼音测试59","cnwqi5901,cnwqi5902,cnwqi5903,cnwqi5904,cnwqi5905,cnwqi5906,cnwqi5907,cnwqi5908,cnwqi5909,cnwqi5910,cnwqi5911,cnwqi5912,cnwqi5913,cnwqi5914,cnwqi5915,cnwqi5916,cnwqi5917,cnwqi5918,cnwqi5919,cnwqi5920,cnwqi5921,cnwqi5922,cnwqi5923,cnwqi5924,cnwqi5925,cnwqi5926,cnwqi5927,cnwqi5928,cnwqi5929,cnwqi5930,cnwqi5931,cnwqi5932,cnwqi5933,cnwqi5934,cnwqi5935,cnwqi5936,cnwqi5937,cnwqi5938,cnwqi5939,cnwqi5940,cnwqi5941,cnwqi5942,cnwqi5943,cnwqi5944,cnwqi5945,cnwqi5946,cnwqi5947,cnwqi5948,cnwqi5949,cnwqi5950,cnwqi5951,cnwqi5952,cnwqi5953,cnwqi5954,cnwqi5955,cnwqi5956,cnwqi5957,cnwqi5958,cnwqi5959,cnwqi5960,cnwqi5961,cnwqi5962,cnwqi5963,cnwqi5964,cnwqi5965,cnwqi5966,cnwqi5967,cnwqi5968,cnwqi5969,cnwqi5970,cnwqi5971,cnwqi5972,cnwqi5973,cnwqi5974,cnwqi5975,cnwqi5976,cnwqi5977,cnwqi5978,cnwqi5979,cnwqi5980,cnwqi5981,cnwqi5982,cnwqi5983,cnwqi5984,cnwqi5985,cnwqi5986,cnwqi5987,cnwqi5988,cnwqi5989,cnwqi5990,cnwqi5991,cnwqi5992,cnwqi5993,cnwqi5994,cnwqi5995,cnwqi5996,cnwqi5997,cnwqi5998,cnwqi5999,cnwqi6000"
"cnwq60","60","level2","通用规范汉字表二级字表（3000字）60","通用规范汉字表二级字表（3000字）60,汉字拼音测试60","cnwqi6001,cnwqi6002,cnwqi6003,cnwqi6004,cnwqi6005,cnwqi6006,cnwqi6007,cnwqi6008,cnwqi6009,cnwqi6010,cnwqi6011,cnwqi6012,cnwqi6013,cnwqi6014,cnwqi6015,cnwqi6016,cnwqi6017,cnwqi6018,cnwqi6019,cnwqi6020,cnwqi6021,cnwqi6022,cnwqi6023,cnwqi6024,cnwqi6025,cnwqi6026,cnwqi6027,cnwqi6028,cnwqi6029,cnwqi6030,cnwqi6031,cnwqi6032,cnwqi6033,cnwqi6034,cnwqi6035,cnwqi6036,cnwqi6037,cnwqi6038,cnwqi6039,cnwqi6040,cnwqi6041,cnwqi6042,cnwqi6043,cnwqi6044,cnwqi6045,cnwqi6046,cnwqi6047,cnwqi6048,cnwqi6049,cnwqi6050,cnwqi6051,cnwqi6052,cnwqi6053,cnwqi6054,cnwqi6055,cnwqi6056,cnwqi6057,cnwqi6058,cnwqi6059,cnwqi6060,cnwqi6061,cnwqi6062,cnwqi6063,cnwqi6064,cnwqi6065,cnwqi6066,cnwqi6067,cnwqi6068,cnwqi6069,cnwqi6070,cnwqi6071,cnwqi6072,cnwqi6073,cnwqi6074,cnwqi6075,cnwqi6076,cnwqi6077,cnwqi6078,cnwqi6079,cnwqi6080,cnwqi6081,cnwqi6082,cnwqi6083,cnwqi6084,cnwqi6085,cnwqi6086,cnwqi6087,cnwqi6088,cnwqi6089,cnwqi6090,cnwqi6091,cnwqi6092,cnwqi6093,cnwqi6094,cnwqi6095,cnwqi6096,cnwqi6097,cnwqi6098,cnwqi6099,cnwqi6100"
"cnwq61","61","level3","通用规范汉字表三级字表（1605字）61","通用规范汉字表三级字表（1605字）61,汉字拼音测试61","cnwqi6101,cnwqi6102,cnwqi6103,cnwqi6104,cnwqi6105,cnwqi6106,cnwqi6107,cnwqi6108,cnwqi6109,cnwqi6110,cnwqi6111,cnwqi6112,cnwqi6113,cnwqi6114,cnwqi6115,cnwqi6116,cnwqi6117,cnwqi6118,cnwqi6119,cnwqi6120,cnwqi6121,cnwqi6122,cnwqi6123,cnwqi6124,cnwqi6125,cnwqi6126,cnwqi6127,cnwqi6128,cnwqi6129,cnwqi6130,cnwqi6131,cnwqi6132,cnwqi6133,cnwqi6134,cnwqi6135,cnwqi6136,cnwqi6137,cnwqi6138,cnwqi6139,cnwqi6140,cnwqi6141,cnwqi6142,cnwqi6143,cnwqi6144,cnwqi6145,cnwqi6146,cnwqi6147,cnwqi6148,cnwqi6149,cnwqi6150,cnwqi6151,cnwqi6152,cnwqi6153,cnwqi6154,cnwqi6155,cnwqi6156,cnwqi6157,cnwqi6158,cnwqi6159,cnwqi6160,cnwqi6161,cnwqi6162,cnwqi6163,cnwqi6164,cnwqi6165,cnwqi6166,cnwqi6167,cnwqi6168,cnwqi6169,cnwqi6170,cnwqi6171,cnwqi6172,cnwqi6173,cnwqi6174,cnwqi6175,cnwqi6176,cnwqi6177,cnwqi6178,cnwqi6179,cnwqi6180,cnwqi6181,cnwqi6182,cnwqi6183,cnwqi6184,cnwqi6185,cnwqi6186,cnwqi6187,cnwqi6188,cnwqi6189,cnwqi6190,cnwqi6191,cnwqi6192,cnwqi6193,cnwqi6194,cnwqi6195,cnwqi6196,cnwqi6197,cnwqi6198,cnwqi6199,cnwqi6200"
"cnwq62","62","level3","通用规范汉字表三级字表（1605字）62","通用规范汉字表三级字表（1605字）62,汉字拼音测试62","cnwqi6201,cnwqi6202,cnwqi6203,cnwqi6204,cnwqi6205,cnwqi6206,cnwqi6207,cnwqi6208,cnwqi6209,cnwqi6210,cnwqi6211,cnwqi6212,cnwqi6213,cnwqi6214,cnwqi6215,cnwqi6216,cnwqi6217,cnwqi6218,cnwqi6219,cnwqi6220,cnwqi6221,cnwqi6222,cnwqi6223,cnwqi6224,cnwqi6225,cnwqi6226,cnwqi6227,cnwqi6228,cnwqi6229,cnwqi6230,cnwqi6231,cnwqi6232,cnwqi6233,cnwqi6234,cnwqi6235,cnwqi6236,cnwqi6237,cnwqi6238,cnwqi6239,cnwqi6240,cnwqi6241,cnwqi6242,cnwqi6243,cnwqi6244,cnwqi6245,cnwqi6246,cnwqi6247,cnwqi6248,cnwqi6249,cnwqi6250,cnwqi6251,cnwqi6252,cnwqi6253,cnwqi6254,cnwqi6255,cnwqi6256,cnwqi6257,cnwqi6258,cnwqi6259,cnwqi6260,cnwqi6261,cnwqi6262,cnwqi6263,cnwqi6264,cnwqi6265,cnwqi6266,cnwqi6267,cnwqi6268,cnwqi6269,cnwqi6270,cnwqi6271,cnwqi6272,cnwqi6273,cnwqi6274,cnwqi6275,cnwqi6276,cnwqi6277,cnwqi6278,cnwqi6279,cnwqi6280,cnwqi6281,cnwqi6282,cnwqi6283,cnwqi6284,cnwqi6285,cnwqi6286,cnwqi6287,cnwqi6288,cnwqi6289,cnwqi6290,cnwqi6291,cnwqi6292,cnwqi6293,cnwqi6294,cnwqi6295,cnwqi6296,cnwqi6297,cnwqi6298,cnwqi6299,cnwqi6300"
"cnwq63","63","level3","通用规范汉字表三级字表（1605字）63","通用规范汉字表三级字表（1605字）63,汉字拼音测试63","cnwqi6301,cnwqi6302,cnwqi6303,cnwqi6304,cnwqi6305,cnwqi6306,cnwqi6307,cnwqi6308,cnwqi6309,cnwqi6310,cnwqi6311,cnwqi6312,cnwqi6313,cnwqi6314,cnwqi6315,cnwqi6316,cnwqi6317,cnwqi6318,cnwqi6319,cnwqi6320,cnwqi6321,cnwqi6322,cnwqi6323,cnwqi6324,cnwqi6325,cnwqi6326,cnwqi6327,cnwqi6328,cnwqi6329,cnwqi6330,cnwqi6331,cnwqi6332,cnwqi6333,cnwqi6334,cnwqi6335,cnwqi6336,cnwqi6337,cnwqi6338,cnwqi6339,cnwqi6340,cnwqi6341,cnwqi6342,cnwqi6343,cnwqi6344,cnwqi6345,cnwqi6346,cnwqi6347,cnwqi6348,cnwqi6349,cnwqi6350,cnwqi6351,cnwqi6352,cnwqi6353,cnwqi6354,cnwqi6355,cnwqi6356,cnwqi6357,cnwqi6358,cnwqi6359,cnwqi6360,cnwqi6361,cnwqi6362,cnwqi6363,cnwqi6364,cnwqi6365,cnwqi6366,cnwqi6367,cnwqi6368,cnwqi6369,cnwqi6370,cnwqi6371,cnwqi6372,cnwqi6373,cnwqi6374,cnwqi6375,cnwqi6376,cnwqi6377,cnwqi6378,cnwqi6379,cnwqi6380,cnwqi6381,cnwqi6382,cnwqi6383,cnwqi6384,cnwqi6385,cnwqi6386,cnwqi6387,cnwqi6388,cnwqi6389,cnwqi6390,cnwqi6391,cnwqi6392,cnwqi6393,cnwqi6394,cnwqi6395,cnwqi6396,cnwqi6397,cnwqi6398,cnwqi6399,cnwqi6400"
"cnwq64","64","level3","通用规范汉字表三级字表（1605字）64","通用规范汉字表三级字表（1605字）64,汉字拼音测试64","cnwqi6401,cnwqi6402,cnwqi6403,cnwqi6404,cnwqi6405,cnwqi6406,cnwqi6407,cnwqi6408,cnwqi6409,cnwqi6410,cnwqi6411,cnwqi6412,cnwqi6413,cnwqi6414,cnwqi6415,cnwqi6416,cnwqi6417,cnwqi6418,cnwqi6419,cnwqi6420,cnwqi6421,cnwqi6422,cnwqi6423,cnwqi6424,cnwqi6425,cnwqi6426,cnwqi6427,cnwqi6428,cnwqi6429,cnwqi6430,cnwqi6431,cnwqi6432,cnwqi6433,cnwqi6434,cnwqi6435,cnwqi6436,cnwqi6437,cnwqi6438,cnwqi6439,cnwqi6440,cnwqi6441,cnwqi6442,cnwqi6443,cnwqi6444,cnwqi6445,cnwqi6446,cnwqi6447,cnwqi6448,cnwqi6449,cnwqi6450,cnwqi6451,cnwqi6452,cnwqi6453,cnwqi6454,cnwqi6455,cnwqi6456,cnwqi6457,cnwqi6458,cnwqi6459,cnwqi6460,cnwqi6461,cnwqi6462,cnwqi6463,cnwqi6464,cnwqi6465,cnwqi6466,cnwqi6467,cnwqi6468,cnwqi6469,cnwqi6470,cnwqi6471,cnwqi6472,cnwqi6473,cnwqi6474,cnwqi6475,cnwqi6476,cnwqi6477,cnwqi6478,cnwqi6479,cnwqi6480,cnwqi6481,cnwqi6482,cnwqi6483,cnwqi6484,cnwqi6485,cnwqi6486,cnwqi6487,cnwqi6488,cnwqi6489,cnwqi6490,cnwqi6491,cnwqi6492,cnwqi6493,cnwqi6494,cnwqi6495,cnwqi6496,cnwqi6497,cnwqi6498,cnwqi6499,cnwqi6500"
"cnwq65","65","level3","通用规范汉字表三级字表（1605字）65","通用规范汉字表三级字表（1605字）65,汉字拼音测试65","cnwqi6501,cnwqi6502,cnwqi6503,cnwqi6504,cnwqi6505,cnwqi6506,cnwqi6507,cnwqi6508,cnwqi6509,cnwqi6510,cnwqi6511,cnwqi6512,cnwqi6513,cnwqi6514,cnwqi6515,cnwqi6516,cnwqi6517,cnwqi6518,cnwqi6519,cnwqi6520,cnwqi6521,cnwqi6522,cnwqi6523,cnwqi6524,cnwqi6525,cnwqi6526,cnwqi6527,cnwqi6528,cnwqi6529,cnwqi6530,cnwqi6531,cnwqi6532,cnwqi6533,cnwqi6534,cnwqi6535,cnwqi6536,cnwqi6537,cnwqi6538,cnwqi6539,cnwqi6540,cnwqi6541,cnwqi6542,cnwqi6543,cnwqi6544,cnwqi6545,cnwqi6546,cnwqi6547,cnwqi6548,cnwqi6549,cnwqi6550,cnwqi6551,cnwqi6552,cnwqi6553,cnwqi6554,cnwqi6555,cnwqi6556,cnwqi6557,cnwqi6558,cnwqi6559,cnwqi6560,cnwqi6561,cnwqi6562,cnwqi6563,cnwqi6564,cnwqi6565,cnwqi6566,cnwqi6567,cnwqi6568,cnwqi6569,cnwqi6570,cnwqi6571,cnwqi6572,cnwqi6573,cnwqi6574,cnwqi6575,cnwqi6576,cnwqi6577,cnwqi6578,cnwqi6579,cnwqi6580,cnwqi6581,cnwqi6582,cnwqi6583,cnwqi6584,cnwqi6585,cnwqi6586,cnwqi6587,cnwqi6588,cnwqi6589,cnwqi6590,cnwqi6591,cnwqi6592,cnwqi6593,cnwqi6594,cnwqi6595,cnwqi6596,cnwqi6597,cnwqi6598,cnwqi6599,cnwqi6600"
"cnwq66","66","level3","通用规范汉字表三级字表（1605字）66","通用规范汉字表三级字表（1605字）66,汉字拼音测试66","cnwqi6601,cnwqi6602,cnwqi6603,cnwqi6604,cnwqi6605,cnwqi6606,cnwqi6607,cnwqi6608,cnwqi6609,cnwqi6610,cnwqi6611,cnwqi6612,cnwqi6613,cnwqi6614,cnwqi6615,cnwqi6616,cnwqi6617,cnwqi6618,cnwqi6619,cnwqi6620,cnwqi6621,cnwqi6622,cnwqi6623,cnwqi6624,cnwqi6625,cnwqi6626,cnwqi6627,cnwqi6628,cnwqi6629,cnwqi6630,cnwqi6631,cnwqi6632,cnwqi6633,cnwqi6634,cnwqi6635,cnwqi6636,cnwqi6637,cnwqi6638,cnwqi6639,cnwqi6640,cnwqi6641,cnwqi6642,cnwqi6643,cnwqi6644,cnwqi6645,cnwqi6646,cnwqi6647,cnwqi6648,cnwqi6649,cnwqi6650,cnwqi6651,cnwqi6652,cnwqi6653,cnwqi6654,cnwqi6655,cnwqi6656,cnwqi6657,cnwqi6658,cnwqi6659,cnwqi6660,cnwqi6661,cnwqi6662,cnwqi6663,cnwqi6664,cnwqi6665,cnwqi6666,cnwqi6667,cnwqi6668,cnwqi6669,cnwqi6670,cnwqi6671,cnwqi6672,cnwqi6673,cnwqi6674,cnwqi6675,cnwqi6676,cnwqi6677,cnwqi6678,cnwqi6679,cnwqi6680,cnwqi6681,cnwqi6682,cnwqi6683,cnwqi6684,cnwqi6685,cnwqi6686,cnwqi6687,cnwqi6688,cnwqi6689,cnwqi6690,cnwqi6691,cnwqi6692,cnwqi6693,cnwqi6694,cnwqi6695,cnwqi6696,cnwqi6697,cnwqi6698,cnwqi6699,cnwqi6700"
"cnwq67","67","level3","通用规范汉字表三级字表（1605字）67","通用规范汉字表三级字表（1605字）67,汉字拼音测试67","cnwqi6701,cnwqi6702,cnwqi6703,cnwqi6704,cnwqi6705,cnwqi6706,cnwqi6707,cnwqi6708,cnwqi6709,cnwqi6710,cnwqi6711,cnwqi6712,cnwqi6713,cnwqi6714,cnwqi6715,cnwqi6716,cnwqi6717,cnwqi6718,cnwqi6719,cnwqi6720,cnwqi6721,cnwqi6722,cnwqi6723,cnwqi6724,cnwqi6725,cnwqi6726,cnwqi6727,cnwqi6728,cnwqi6729,cnwqi6730,cnwqi6731,cnwqi6732,cnwqi6733,cnwqi6734,cnwqi6735,cnwqi6736,cnwqi6737,cnwqi6738,cnwqi6739,cnwqi6740,cnwqi6741,cnwqi6742,cnwqi6743,cnwqi6744,cnwqi6745,cnwqi6746,cnwqi6747,cnwqi6748,cnwqi6749,cnwqi6750,cnwqi6751,cnwqi6752,cnwqi6753,cnwqi6754,cnwqi6755,cnwqi6756,cnwqi6757,cnwqi6758,cnwqi6759,cnwqi6760,cnwqi6761,cnwqi6762,cnwqi6763,cnwqi6764,cnwqi6765,cnwqi6766,cnwqi6767,cnwqi6768,cnwqi6769,cnwqi6770,cnwqi6771,cnwqi6772,cnwqi6773,cnwqi6774,cnwqi6775,cnwqi6776,cnwqi6777,cnwqi6778,cnwqi6779,cnwqi6780,cnwqi6781,cnwqi6782,cnwqi6783,cnwqi6784,cnwqi6785,cnwqi6786,cnwqi6787,cnwqi6788,cnwqi6789,cnwqi6790,cnwqi6791,cnwqi6792,cnwqi6793,cnwqi6794,cnwqi6795,cnwqi6796,cnwqi6797,cnwqi6798,cnwqi6799,cnwqi6800"
"cnwq68","68","level3","通用规范汉字表三级字表（1605字）68","通用规范汉字表三级字表（1605字）68,汉字拼音测试68","cnwqi6801,cnwqi6802,cnwqi6803,cnwqi6804,cnwqi6805,cnwqi6806,cnwqi6807,cnwqi6808,cnwqi6809,cnwqi6810,cnwqi6811,cnwqi6812,cnwqi6813,cnwqi6814,cnwqi6815,cnwqi6816,cnwqi6817,cnwqi6818,cnwqi6819,cnwqi6820,cnwqi6821,cnwqi6822,cnwqi6823,cnwqi6824,cnwqi6825,cnwqi6826,cnwqi6827,cnwqi6828,cnwqi6829,cnwqi6830,cnwqi6831,cnwqi6832,cnwqi6833,cnwqi6834,cnwqi6835,cnwqi6836,cnwqi6837,cnwqi6838,cnwqi6839,cnwqi6840,cnwqi6841,cnwqi6842,cnwqi6843,cnwqi6844,cnwqi6845,cnwqi6846,cnwqi6847,cnwqi6848,cnwqi6849,cnwqi6850,cnwqi6851,cnwqi6852,cnwqi6853,cnwqi6854,cnwqi6855,cnwqi6856,cnwqi6857,cnwqi6858,cnwqi6859,cnwqi6860,cnwqi6861,cnwqi6862,cnwqi6863,cnwqi6864,cnwqi6865,cnwqi6866,cnwqi6867,cnwqi6868,cnwqi6869,cnwqi6870,cnwqi6871,cnwqi6872,cnwqi6873,cnwqi6874,cnwqi6875,cnwqi6876,cnwqi6877,cnwqi6878,cnwqi6879,cnwqi6880,cnwqi6881,cnwqi6882,cnwqi6883,cnwqi6884,cnwqi6885,cnwqi6886,cnwqi6887,cnwqi6888,cnwqi6889,cnwqi6890,cnwqi6891,cnwqi6892,cnwqi6893,cnwqi6894,cnwqi6895,cnwqi6896,cnwqi6897,cnwqi6898,cnwqi6899,cnwqi6900"
"cnwq69","69","level3","通用规范汉字表三级字表（1605字）69","通用规范汉字表三级字表（1605字）69,汉字拼音测试69","cnwqi6901,cnwqi6902,cnwqi6903,cnwqi6904,cnwqi6905,cnwqi6906,cnwqi6907,cnwqi6908,cnwqi6909,cnwqi6910,cnwqi6911,cnwqi6912,cnwqi6913,cnwqi6914,cnwqi6915,cnwqi6916,cnwqi6917,cnwqi6918,cnwqi6919,cnwqi6920,cnwqi6921,cnwqi6922,cnwqi6923,cnwqi6924,cnwqi6925,cnwqi6926,cnwqi6927,cnwqi6928,cnwqi6929,cnwqi6930,cnwqi6931,cnwqi6932,cnwqi6933,cnwqi6934,cnwqi6935,cnwqi6936,cnwqi6937,cnwqi6938,cnwqi6939,cnwqi6940,cnwqi6941,cnwqi6942,cnwqi6943,cnwqi6944,cnwqi6945,cnwqi6946,cnwqi6947,cnwqi6948,cnwqi6949,cnwqi6950,cnwqi6951,cnwqi6952,cnwqi6953,cnwqi6954,cnwqi6955,cnwqi6956,cnwqi6957,cnwqi6958,cnwqi6959,cnwqi6960,cnwqi6961,cnwqi6962,cnwqi6963,cnwqi6964,cnwqi6965,cnwqi6966,cnwqi6967,cnwqi6968,cnwqi6969,cnwqi6970,cnwqi6971,cnwqi6972,cnwqi6973,cnwqi6974,cnwqi6975,cnwqi6976,cnwqi6977,cnwqi6978,cnwqi6979,cnwqi6980,cnwqi6981,cnwqi6982,cnwqi6983,cnwqi6984,cnwqi6985,cnwqi6986,cnwqi6987,cnwqi6988,cnwqi6989,cnwqi6990,cnwqi6991,cnwqi6992,cnwqi6993,cnwqi6994,cnwqi6995,cnwqi6996,cnwqi6997,cnwqi6998,cnwqi6999,cnwqi7000"
"cnwq70","70","level3","通用规范汉字表三级字表（1605字）70","通用规范汉字表三级字表（1605字）70,汉字拼音测试70","cnwqi7001,cnwqi7002,cnwqi7003,cnwqi7004,cnwqi7005,cnwqi7006,cnwqi7007,cnwqi7008,cnwqi7009,cnwqi7010,cnwqi7011,cnwqi7012,cnwqi7013,cnwqi7014,cnwqi7015,cnwqi7016,cnwqi7017,cnwqi7018,cnwqi7019,cnwqi7020,cnwqi7021,cnwqi7022,cnwqi7023,cnwqi7024,cnwqi7025,cnwqi7026,cnwqi7027,cnwqi7028,cnwqi7029,cnwqi7030,cnwqi7031,cnwqi7032,cnwqi7033,cnwqi7034,cnwqi7035,cnwqi7036,cnwqi7037,cnwqi7038,cnwqi7039,cnwqi7040,cnwqi7041,cnwqi7042,cnwqi7043,cnwqi7044,cnwqi7045,cnwqi7046,cnwqi7047,cnwqi7048,cnwqi7049,cnwqi7050,cnwqi7051,cnwqi7052,cnwqi7053,cnwqi7054,cnwqi7055,cnwqi7056,cnwqi7057,cnwqi7058,cnwqi7059,cnwqi7060,cnwqi7061,cnwqi7062,cnwqi7063,cnwqi7064,cnwqi7065,cnwqi7066,cnwqi7067,cnwqi7068,cnwqi7069,cnwqi7070,cnwqi7071,cnwqi7072,cnwqi7073,cnwqi7074,cnwqi7075,cnwqi7076,cnwqi7077,cnwqi7078,cnwqi7079,cnwqi7080,cnwqi7081,cnwqi7082,cnwqi7083,cnwqi7084,cnwqi7085,cnwqi7086,cnwqi7087,cnwqi7088,cnwqi7089,cnwqi7090,cnwqi7091,cnwqi7092,cnwqi7093,cnwqi7094,cnwqi7095,cnwqi7096,cnwqi7097,cnwqi7098,cnwqi7099,cnwqi7100"
"cnwq71","71","level3","通用规范汉字表三级字表（1605字）71","通用规范汉字表三级字表（1605字）71,汉字拼音测试71","cnwqi7101,cnwqi7102,cnwqi7103,cnwqi7104,cnwqi7105,cnwqi7106,cnwqi7107,cnwqi7108,cnwqi7109,cnwqi7110,cnwqi7111,cnwqi7112,cnwqi7113,cnwqi7114,cnwqi7115,cnwqi7116,cnwqi7117,cnwqi7118,cnwqi7119,cnwqi7120,cnwqi7121,cnwqi7122,cnwqi7123,cnwqi7124,cnwqi7125,cnwqi7126,cnwqi7127,cnwqi7128,cnwqi7129,cnwqi7130,cnwqi7131,cnwqi7132,cnwqi7133,cnwqi7134,cnwqi7135,cnwqi7136,cnwqi7137,cnwqi7138,cnwqi7139,cnwqi7140,cnwqi7141,cnwqi7142,cnwqi7143,cnwqi7144,cnwqi7145,cnwqi7146,cnwqi7147,cnwqi7148,cnwqi7149,cnwqi7150,cnwqi7151,cnwqi7152,cnwqi7153,cnwqi7154,cnwqi7155,cnwqi7156,cnwqi7157,cnwqi7158,cnwqi7159,cnwqi7160,cnwqi7161,cnwqi7162,cnwqi7163,cnwqi7164,cnwqi7165,cnwqi7166,cnwqi7167,cnwqi7168,cnwqi7169,cnwqi7170,cnwqi7171,cnwqi7172,cnwqi7173,cnwqi7174,cnwqi7175,cnwqi7176,cnwqi7177,cnwqi7178,cnwqi7179,cnwqi7180,cnwqi7181,cnwqi7182,cnwqi7183,cnwqi7184,cnwqi7185,cnwqi7186,cnwqi7187,cnwqi7188,cnwqi7189,cnwqi7190,cnwqi7191,cnwqi7192,cnwqi7193,cnwqi7194,cnwqi7195,cnwqi7196,cnwqi7197,cnwqi7198,cnwqi7199,cnwqi7200"
"cnwq72","72","level3","通用规范汉字表三级字表（1605字）72","通用规范汉字表三级字表（1605字）72,汉字拼音测试72","cnwqi7201,cnwqi7202,cnwqi7203,cnwqi7204,cnwqi7205,cnwqi7206,cnwqi7207,cnwqi7208,cnwqi7209,cnwqi7210,cnwqi7211,cnwqi7212,cnwqi7213,cnwqi7214,cnwqi7215,cnwqi7216,cnwqi7217,cnwqi7218,cnwqi7219,cnwqi7220,cnwqi7221,cnwqi7222,cnwqi7223,cnwqi7224,cnwqi7225,cnwqi7226,cnwqi7227,cnwqi7228,cnwqi7229,cnwqi7230,cnwqi7231,cnwqi7232,cnwqi7233,cnwqi7234,cnwqi7235,cnwqi7236,cnwqi7237,cnwqi7238,cnwqi7239,cnwqi7240,cnwqi7241,cnwqi7242,cnwqi7243,cnwqi7244,cnwqi7245,cnwqi7246,cnwqi7247,cnwqi7248,cnwqi7249,cnwqi7250,cnwqi7251,cnwqi7252,cnwqi7253,cnwqi7254,cnwqi7255,cnwqi7256,cnwqi7257,cnwqi7258,cnwqi7259,cnwqi7260,cnwqi7261,cnwqi7262,cnwqi7263,cnwqi7264,cnwqi7265,cnwqi7266,cnwqi7267,cnwqi7268,cnwqi7269,cnwqi7270,cnwqi7271,cnwqi7272,cnwqi7273,cnwqi7274,cnwqi7275,cnwqi7276,cnwqi7277,cnwqi7278,cnwqi7279,cnwqi7280,cnwqi7281,cnwqi7282,cnwqi7283,cnwqi7284,cnwqi7285,cnwqi7286,cnwqi7287,cnwqi7288,cnwqi7289,cnwqi7290,cnwqi7291,cnwqi7292,cnwqi7293,cnwqi7294,cnwqi7295,cnwqi7296,cnwqi7297,cnwqi7298,cnwqi7299,cnwqi7300"
"cnwq73","73","level3","通用规范汉字表三级字表（1605字）73","通用规范汉字表三级字表（1605字）73,汉字拼音测试73","cnwqi7301,cnwqi7302,cnwqi7303,cnwqi7304,cnwqi7305,cnwqi7306,cnwqi7307,cnwqi7308,cnwqi7309,cnwqi7310,cnwqi7311,cnwqi7312,cnwqi7313,cnwqi7314,cnwqi7315,cnwqi7316,cnwqi7317,cnwqi7318,cnwqi7319,cnwqi7320,cnwqi7321,cnwqi7322,cnwqi7323,cnwqi7324,cnwqi7325,cnwqi7326,cnwqi7327,cnwqi7328,cnwqi7329,cnwqi7330,cnwqi7331,cnwqi7332,cnwqi7333,cnwqi7334,cnwqi7335,cnwqi7336,cnwqi7337,cnwqi7338,cnwqi7339,cnwqi7340,cnwqi7341,cnwqi7342,cnwqi7343,cnwqi7344,cnwqi7345,cnwqi7346,cnwqi7347,cnwqi7348,cnwqi7349,cnwqi7350,cnwqi7351,cnwqi7352,cnwqi7353,cnwqi7354,cnwqi7355,cnwqi7356,cnwqi7357,cnwqi7358,cnwqi7359,cnwqi7360,cnwqi7361,cnwqi7362,cnwqi7363,cnwqi7364,cnwqi7365,cnwqi7366,cnwqi7367,cnwqi7368,cnwqi7369,cnwqi7370,cnwqi7371,cnwqi7372,cnwqi7373,cnwqi7374,cnwqi7375,cnwqi7376,cnwqi7377,cnwqi7378,cnwqi7379,cnwqi7380,cnwqi7381,cnwqi7382,cnwqi7383,cnwqi7384,cnwqi7385,cnwqi7386,cnwqi7387,cnwqi7388,cnwqi7389,cnwqi7390,cnwqi7391,cnwqi7392,cnwqi7393,cnwqi7394,cnwqi7395,cnwqi7396,cnwqi7397,cnwqi7398,cnwqi7399,cnwqi7400"
"cnwq74","74","level3","通用规范汉字表三级字表（1605字）74","通用规范汉字表三级字表（1605字）74,汉字拼音测试74","cnwqi7401,cnwqi7402,cnwqi7403,cnwqi7404,cnwqi7405,cnwqi7406,cnwqi7407,cnwqi7408,cnwqi7409,cnwqi7410,cnwqi7411,cnwqi7412,cnwqi7413,cnwqi7414,cnwqi7415,cnwqi7416,cnwqi7417,cnwqi7418,cnwqi7419,cnwqi7420,cnwqi7421,cnwqi7422,cnwqi7423,cnwqi7424,cnwqi7425,cnwqi7426,cnwqi7427,cnwqi7428,cnwqi7429,cnwqi7430,cnwqi7431,cnwqi7432,cnwqi7433,cnwqi7434,cnwqi7435,cnwqi7436,cnwqi7437,cnwqi7438,cnwqi7439,cnwqi7440,cnwqi7441,cnwqi7442,cnwqi7443,cnwqi7444,cnwqi7445,cnwqi7446,cnwqi7447,cnwqi7448,cnwqi7449,cnwqi7450,cnwqi7451,cnwqi7452,cnwqi7453,cnwqi7454,cnwqi7455,cnwqi7456,cnwqi7457,cnwqi7458,cnwqi7459,cnwqi7460,cnwqi7461,cnwqi7462,cnwqi7463,cnwqi7464,cnwqi7465,cnwqi7466,cnwqi7467,cnwqi7468,cnwqi7469,cnwqi7470,cnwqi7471,cnwqi7472,cnwqi7473,cnwqi7474,cnwqi7475,cnwqi7476,cnwqi7477,cnwqi7478,cnwqi7479,cnwqi7480,cnwqi7481,cnwqi7482,cnwqi7483,cnwqi7484,cnwqi7485,cnwqi7486,cnwqi7487,cnwqi7488,cnwqi7489,cnwqi7490,cnwqi7491,cnwqi7492,cnwqi7493,cnwqi7494,cnwqi7495,cnwqi7496,cnwqi7497,cnwqi7498,cnwqi7499,cnwqi7500"
"cnwq75","75","level3","通用规范汉字表三级字表（1605字）75","通用规范汉字表三级字表（1605字）75,汉字拼音测试75","cnwqi7501,cnwqi7502,cnwqi7503,cnwqi7504,cnwqi7505,cnwqi7506,cnwqi7507,cnwqi7508,cnwqi7509,cnwqi7510,cnwqi7511,cnwqi7512,cnwqi7513,cnwqi7514,cnwqi7515,cnwqi7516,cnwqi7517,cnwqi7518,cnwqi7519,cnwqi7520,cnwqi7521,cnwqi7522,cnwqi7523,cnwqi7524,cnwqi7525,cnwqi7526,cnwqi7527,cnwqi7528,cnwqi7529,cnwqi7530,cnwqi7531,cnwqi7532,cnwqi7533,cnwqi7534,cnwqi7535,cnwqi7536,cnwqi7537,cnwqi7538,cnwqi7539,cnwqi7540,cnwqi7541,cnwqi7542,cnwqi7543,cnwqi7544,cnwqi7545,cnwqi7546,cnwqi7547,cnwqi7548,cnwqi7549,cnwqi7550,cnwqi7551,cnwqi7552,cnwqi7553,cnwqi7554,cnwqi7555,cnwqi7556,cnwqi7557,cnwqi7558,cnwqi7559,cnwqi7560,cnwqi7561,cnwqi7562,cnwqi7563,cnwqi7564,cnwqi7565,cnwqi7566,cnwqi7567,cnwqi7568,cnwqi7569,cnwqi7570,cnwqi7571,cnwqi7572,cnwqi7573,cnwqi7574,cnwqi7575,cnwqi7576,cnwqi7577,cnwqi7578,cnwqi7579,cnwqi7580,cnwqi7581,cnwqi7582,cnwqi7583,cnwqi7584,cnwqi7585,cnwqi7586,cnwqi7587,cnwqi7588,cnwqi7589,cnwqi7590,cnwqi7591,cnwqi7592,cnwqi7593,cnwqi7594,cnwqi7595,cnwqi7596,cnwqi7597,cnwqi7598,cnwqi7599,cnwqi7600"
"cnwq76","76","level3","通用规范汉字表三级字表（1605字）76","通用规范汉字表三级字表（1605字）76,汉字拼音测试76","cnwqi7601,cnwqi7602,cnwqi7603,cnwqi7604,cnwqi7605,cnwqi7606,cnwqi7607,cnwqi7608,cnwqi7609,cnwqi7610,cnwqi7611,cnwqi7612,cnwqi7613,cnwqi7614,cnwqi7615,cnwqi7616,cnwqi7617,cnwqi7618,cnwqi7619,cnwqi7620,cnwqi7621,cnwqi7622,cnwqi7623,cnwqi7624,cnwqi7625,cnwqi7626,cnwqi7627,cnwqi7628,cnwqi7629,cnwqi7630,cnwqi7631,cnwqi7632,cnwqi7633,cnwqi7634,cnwqi7635,cnwqi7636,cnwqi7637,cnwqi7638,cnwqi7639,cnwqi7640,cnwqi7641,cnwqi7642,cnwqi7643,cnwqi7644,cnwqi7645,cnwqi7646,cnwqi7647,cnwqi7648,cnwqi7649,cnwqi7650,cnwqi7651,cnwqi7652,cnwqi7653,cnwqi7654,cnwqi7655,cnwqi7656,cnwqi7657,cnwqi7658,cnwqi7659,cnwqi7660,cnwqi7661,cnwqi7662,cnwqi7663,cnwqi7664,cnwqi7665,cnwqi7666,cnwqi7667,cnwqi7668,cnwqi7669,cnwqi7670,cnwqi7671,cnwqi7672,cnwqi7673,cnwqi7674,cnwqi7675,cnwqi7676,cnwqi7677,cnwqi7678,cnwqi7679,cnwqi7680,cnwqi7681,cnwqi7682,cnwqi7683,cnwqi7684,cnwqi7685,cnwqi7686,cnwqi7687,cnwqi7688,cnwqi7689,cnwqi7690,cnwqi7691,cnwqi7692,cnwqi7693,cnwqi7694,cnwqi7695,cnwqi7696,cnwqi7697,cnwqi7698,cnwqi7699,cnwqi7700"
"cnwq77","77","level3","通用规范汉字表三级字表（1605字）77","通用规范汉字表三级字表（1605字）77,汉字拼音测试77","cnwqi7701,cnwqi7702,cnwqi7703,cnwqi7704,cnwqi7705,cnwqi7706,cnwqi7707,cnwqi7708,cnwqi7709,cnwqi7710,cnwqi7711,cnwqi7712,cnwqi7713,cnwqi7714,cnwqi7715,cnwqi7716,cnwqi7717,cnwqi7718,cnwqi7719,cnwqi7720,cnwqi7721,cnwqi7722,cnwqi7723,cnwqi7724,cnwqi7725,cnwqi7726,cnwqi7727,cnwqi7728,cnwqi7729,cnwqi7730,cnwqi7731,cnwqi7732,cnwqi7733,cnwqi7734,cnwqi7735,cnwqi7736,cnwqi7737,cnwqi7738,cnwqi7739,cnwqi7740,cnwqi7741,cnwqi7742,cnwqi7743,cnwqi7744,cnwqi7745,cnwqi7746,cnwqi7747,cnwqi7748,cnwqi7749,cnwqi7750,cnwqi7751,cnwqi7752,cnwqi7753,cnwqi7754,cnwqi7755,cnwqi7756,cnwqi7757,cnwqi7758,cnwqi7759,cnwqi7760,cnwqi7761,cnwqi7762,cnwqi7763,cnwqi7764,cnwqi7765,cnwqi7766,cnwqi7767,cnwqi7768,cnwqi7769,cnwqi7770,cnwqi7771,cnwqi7772,cnwqi7773,cnwqi7774,cnwqi7775,cnwqi7776,cnwqi7777,cnwqi7778,cnwqi7779,cnwqi7780,cnwqi7781,cnwqi7782,cnwqi7783,cnwqi7784,cnwqi7785,cnwqi7786,cnwqi7787,cnwqi7788,cnwqi7789,cnwqi7790,cnwqi7791,cnwqi7792,cnwqi7793,cnwqi7794,cnwqi7795,cnwqi7796,cnwqi7797,cnwqi7798,cnwqi7799,cnwqi7800"
"cnwq78","78","level3","通用规范汉字表三级字表（1605字）78","通用规范汉字表三级字表（1605字）78,汉字拼音测试78","cnwqi7801,cnwqi7802,cnwqi7803,cnwqi7804,cnwqi7805,cnwqi7806,cnwqi7807,cnwqi7808,cnwqi7809,cnwqi7810,cnwqi7811,cnwqi7812,cnwqi7813,cnwqi7814,cnwqi7815,cnwqi7816,cnwqi7817,cnwqi7818,cnwqi7819,cnwqi7820,cnwqi7821,cnwqi7822,cnwqi7823,cnwqi7824,cnwqi7825,cnwqi7826,cnwqi7827,cnwqi7828,cnwqi7829,cnwqi7830,cnwqi7831,cnwqi7832,cnwqi7833,cnwqi7834,cnwqi7835,cnwqi7836,cnwqi7837,cnwqi7838,cnwqi7839,cnwqi7840,cnwqi7841,cnwqi7842,cnwqi7843,cnwqi7844,cnwqi7845,cnwqi7846,cnwqi7847,cnwqi7848,cnwqi7849,cnwqi7850,cnwqi7851,cnwqi7852,cnwqi7853,cnwqi7854,cnwqi7855,cnwqi7856,cnwqi7857,cnwqi7858,cnwqi7859,cnwqi7860,cnwqi7861,cnwqi7862,cnwqi7863,cnwqi7864,cnwqi7865,cnwqi7866,cnwqi7867,cnwqi7868,cnwqi7869,cnwqi7870,cnwqi7871,cnwqi7872,cnwqi7873,cnwqi7874,cnwqi7875,cnwqi7876,cnwqi7877,cnwqi7878,cnwqi7879,cnwqi7880,cnwqi7881,cnwqi7882,cnwqi7883,cnwqi7884,cnwqi7885,cnwqi7886,cnwqi7887,cnwqi7888,cnwqi7889,cnwqi7890,cnwqi7891,cnwqi7892,cnwqi7893,cnwqi7894,cnwqi7895,cnwqi7896,cnwqi7897,cnwqi7898,cnwqi7899,cnwqi7900"
"cnwq79","79","level3","通用规范汉字表三级字表（1605字）79","通用规范汉字表三级字表（1605字）79,汉字拼音测试79","cnwqi7901,cnwqi7902,cnwqi7903,cnwqi7904,cnwqi7905,cnwqi7906,cnwqi7907,cnwqi7908,cnwqi7909,cnwqi7910,cnwqi7911,cnwqi7912,cnwqi7913,cnwqi7914,cnwqi7915,cnwqi7916,cnwqi7917,cnwqi7918,cnwqi7919,cnwqi7920,cnwqi7921,cnwqi7922,cnwqi7923,cnwqi7924,cnwqi7925,cnwqi7926,cnwqi7927,cnwqi7928,cnwqi7929,cnwqi7930,cnwqi7931,cnwqi7932,cnwqi7933,cnwqi7934,cnwqi7935,cnwqi7936,cnwqi7937,cnwqi7938,cnwqi7939,cnwqi7940,cnwqi7941,cnwqi7942,cnwqi7943,cnwqi7944,cnwqi7945,cnwqi7946,cnwqi7947,cnwqi7948,cnwqi7949,cnwqi7950,cnwqi7951,cnwqi7952,cnwqi7953,cnwqi7954,cnwqi7955,cnwqi7956,cnwqi7957,cnwqi7958,cnwqi7959,cnwqi7960,cnwqi7961,cnwqi7962,cnwqi7963,cnwqi7964,cnwqi7965,cnwqi7966,cnwqi7967,cnwqi7968,cnwqi7969,cnwqi7970,cnwqi7971,cnwqi7972,cnwqi7973,cnwqi7974,cnwqi7975,cnwqi7976,cnwqi7977,cnwqi7978,cnwqi7979,cnwqi7980,cnwqi7981,cnwqi7982,cnwqi7983,cnwqi7984,cnwqi7985,cnwqi7986,cnwqi7987,cnwqi7988,cnwqi7989,cnwqi7990,cnwqi7991,cnwqi7992,cnwqi7993,cnwqi7994,cnwqi7995,cnwqi7996,cnwqi7997,cnwqi7998,cnwqi7999,cnwqi8000"
"cnwq80","80","level3","通用规范汉字表三级字表（1605字）80","通用规范汉字表三级字表（1605字）80,汉字拼音测试80","cnwqi8001,cnwqi8002,cnwqi8003,cnwqi8004,cnwqi8005,cnwqi8006,cnwqi8007,cnwqi8008,cnwqi8009,cnwqi8010,cnwqi8011,cnwqi8012,cnwqi8013,cnwqi8014,cnwqi8015,cnwqi8016,cnwqi8017,cnwqi8018,cnwqi8019,cnwqi8020,cnwqi8021,cnwqi8022,cnwqi8023,cnwqi8024,cnwqi8025,cnwqi8026,cnwqi8027,cnwqi8028,cnwqi8029,cnwqi8030,cnwqi8031,cnwqi8032,cnwqi8033,cnwqi8034,cnwqi8035,cnwqi8036,cnwqi8037,cnwqi8038,cnwqi8039,cnwqi8040,cnwqi8041,cnwqi8042,cnwqi8043,cnwqi8044,cnwqi8045,cnwqi8046,cnwqi8047,cnwqi8048,cnwqi8049,cnwqi8050,cnwqi8051,cnwqi8052,cnwqi8053,cnwqi8054,cnwqi8055,cnwqi8056,cnwqi8057,cnwqi8058,cnwqi8059,cnwqi8060,cnwqi8061,cnwqi8062,cnwqi8063,cnwqi8064,cnwqi8065,cnwqi8066,cnwqi8067,cnwqi8068,cnwqi8069,cnwqi8070,cnwqi8071,cnwqi8072,cnwqi8073,cnwqi8074,cnwqi8075,cnwqi8076,cnwqi8077,cnwqi8078,cnwqi8079,cnwqi8080,cnwqi8081,cnwqi8082,cnwqi8083,cnwqi8084,cnwqi8085,cnwqi8086,cnwqi8087,cnwqi8088,cnwqi8089,cnwqi8090,cnwqi8091,cnwqi8092,cnwqi8093,cnwqi8094,cnwqi8095,cnwqi8096,cnwqi8097,cnwqi8098,cnwqi8099,cnwqi8100"
"cnwq81","81","level3","通用规范汉字表三级字表（1605字）81","通用规范汉字表三级字表（1605字）81,汉字拼音测试81","cnwqi8101,cnwqi8102,cnwqi8103,cnwqi8104,cnwqi8105"
