id,seq,type,name,desc,items
meqzp01,0001,primary,"Primary Quiz First",       "For Primary Textbook 1","meqzp01000,meqzp01001,meqzp01002,meqzp01003,meqzp01004,meqzp01005,meqzp01006,meqzp01007,meqzp01008,meqzp01009,meqzp01010,meqzp01011,meqzp01012,meqzp01013,meqzp01014,meqzp01015,meqzp01016,meqzp01017,meqzp01018,meqzp01019,meqzp01020,meqzp01021,meqzp01022,meqzp01023,meqzp01024,meqzp01025,meqzp01026,meqzp01027,meqzp01028,meqzp01029,meqzp01030,meqzp01031,meqzp01032,meqzp01033,meqzp01034,meqzp01035,meqzp01036,meqzp01037,meqzp01038,meqzp01039,meqzp01040,meqzp01041,meqzp01042,meqzp01043,meqzp01044,meqzp01045,meqzp01046,meqzp01047,meqzp01048,meqzp01049,meqzp01050,meqzp01051,meqzp01052,meqzp01053,meqzp01054,meqzp01055,meqzp01056,meqzp01057,meqzp01058,meqzp01059,meqzp01060,meqzp01061,meqzp01062,meqzp01063,meqzp01064,meqzp01065,meqzp01066,meqzp01067,meqzp01068,meqzp01069,meqzp01070,meqzp01071,meqzp01072,meqzp01073,meqzp01074,meqzp01075,meqzp01076,meqzp01077,meqzp01078,meqzp01079,meqzp01080,meqzp01081,meqzp01082,meqzp01083,meqzp01084,meqzp01085,meqzp01086,meqzp01087,meqzp01088,meqzp01089,meqzp01090,meqzp01091,meqzp01092,meqzp01093,meqzp01094,meqzp01095,meqzp01096,meqzp01097,meqzp01098,meqzp01099,meqzp01100,meqzp01101"
meqzp02,0002,primary,"Primary Quiz Second",      "For Primary Textbook 2","meqzp02000,meqzp02001,meqzp02002,meqzp02003,meqzp02004,meqzp02005,meqzp02006,meqzp02007,meqzp02008,meqzp02009,meqzp02010,meqzp02011,meqzp02012,meqzp02013,meqzp02014,meqzp02015,meqzp02016,meqzp02017,meqzp02018,meqzp02019,meqzp02020,meqzp02021,meqzp02022,meqzp02023,meqzp02024,meqzp02025,meqzp02026,meqzp02027,meqzp02028,meqzp02029,meqzp02030,meqzp02031,meqzp02032,meqzp02033,meqzp02034,meqzp02035,meqzp02036,meqzp02037,meqzp02038,meqzp02039,meqzp02040,meqzp02041,meqzp02042,meqzp02043,meqzp02044,meqzp02045,meqzp02046,meqzp02047,meqzp02048,meqzp02049,meqzp02050,meqzp02051,meqzp02052,meqzp02053,meqzp02054,meqzp02055,meqzp02056,meqzp02057,meqzp02058,meqzp02059,meqzp02060,meqzp02061,meqzp02062,meqzp02063,meqzp02064,meqzp02065,meqzp02066,meqzp02067,meqzp02068,meqzp02069,meqzp02070,meqzp02071,meqzp02072,meqzp02073,meqzp02074,meqzp02075,meqzp02076,meqzp02077,meqzp02078,meqzp02079,meqzp02080,meqzp02081,meqzp02082,meqzp02083,meqzp02084,meqzp02085,meqzp02086,meqzp02087,meqzp02088,meqzp02089,meqzp02090,meqzp02091,meqzp02092,meqzp02093,meqzp02094,meqzp02095,meqzp02096,meqzp02097,meqzp02098,meqzp02099,meqzp02100,meqzp02101"
meqzp03,0003,primary,"Primary Quiz Third",       "For Primary Textbook 3",""
meqzp04,0004,primary,"Primary Quiz Fourth",      "For Primary Textbook 4",""
meqzp05,0005,primary,"Primary Quiz Fifth",       "For Primary Textbook 5",""
meqzp06,0006,primary,"Primary Quiz Sixth",       "For Primary Textbook 6",""
meqzp07,0007,primary,"Primary Quiz Seventh",     "For Primary Textbook 7",""
meqzp08,0008,primary,"Primary Quiz Eightth",     "For Primary Textbook 8",""

meqzj01,0001,junior,"Junior Quiz First",         "For Junior Textbook 01",""
meqzj02,0002,junior,"Junior Quiz Second",        "For Junior Textbook 02",""
meqzj03,0003,junior,"Junior Quiz Third",         "For Junior Textbook 03",""
meqzj04,0004,junior,"Junior Quiz Fourth",        "For Junior Textbook 04",""
meqzj05,0005,junior,"Junior Quiz Fifth",         "For Junior Textbook 05",""
meqzj06,0006,junior,"Junior Quiz Sixth",         "For Junior Textbook 06",""
meqzj07,0007,junior,"Junior Quiz Seventh",       "For Junior Textbook 07",""
meqzj08,0008,junior,"Junior Quiz Eightth",       "For Junior Textbook 08",""
meqzj09,0009,junior,"Junior Quiz Nineth",        "For Junior Textbook 09",""
meqzj10,0010,junior,"Junior Quiz Tenth",         "For Junior Textbook 10",""
meqzj11,0011,junior,"Junior Quiz Eleventh",      "For Junior Textbook 11",""
meqzj12,0012,junior,"Junior Quiz Twelveth",      "For Junior Textbook 12",""
meqzj13,0013,junior,"Junior Quiz Thirteenth",    "For Junior Textbook 13",""
meqzj14,0014,junior,"Junior Quiz Fourteenth",    "For Junior Textbook 14",""
meqzj15,0015,junior,"Junior Quiz Fifteenth",     "For Junior Textbook 15",""
meqzj16,0016,junior,"Junior Quiz Sixteenth",     "For Junior Textbook 16",""
meqzj17,0017,junior,"Junior Quiz Seventeenth",   "For Junior Textbook 17",""
meqzj18,0018,junior,"Junior Quiz Eightteenth",   "For Junior Textbook 18",""
meqzj19,0019,junior,"Junior Quiz Nineteenth",    "For Junior Textbook 19",""
meqzj20,0020,junior,"Junior Quiz twentieth",     "For Junior Textbook 20",""
meqzj21,0021,junior,"Junior Quiz TwentyFirst",   "For Junior Textbook 21",""

meqzs01,0001,senior,"Senior Quiz First",         "For Senior Textbook 01",""
meqzs02,0002,senior,"Senior Quiz Second",        "For Senior Textbook 02",""
meqzs03,0003,senior,"Senior Quiz Third",         "For Senior Textbook 03",""
meqzs04,0004,senior,"Senior Quiz Fourth",        "For Senior Textbook 04",""
meqzs05,0005,senior,"Senior Quiz Fifth",         "For Senior Textbook 05",""
meqzs06,0006,senior,"Senior Quiz Sixth",         "For Senior Textbook 06",""
meqzs07,0007,senior,"Senior Quiz Seventh",       "For Senior Textbook 07",""
meqzs08,0008,senior,"Senior Quiz Eightth",       "For Senior Textbook 08",""
meqzs09,0009,senior,"Senior Quiz Nineth",        "For Senior Textbook 09",""
meqzs10,0010,senior,"Senior Quiz Tenth",         "For Senior Textbook 10",""
meqzs11,0011,senior,"Senior Quiz Eleventh",      "For Senior Textbook 11",""
meqzs12,0012,senior,"Senior Quiz Twelveth",      "For Senior Textbook 12",""
meqzs13,0013,senior,"Senior Quiz Thirteenth",    "For Senior Textbook 13",""
meqzs14,0014,senior,"Senior Quiz Fourteenth",    "For Senior Textbook 14",""
meqzs15,0015,senior,"Senior Quiz Fifteenth",     "For Senior Textbook 15",""
meqzs16,0016,senior,"Senior Quiz Sixteenth",     "For Senior Textbook 16",""
meqzs17,0017,senior,"Senior Quiz Seventeenth",   "For Senior Textbook 17",""
meqzs18,0018,senior,"Senior Quiz Eightteenth",   "For Senior Textbook 18",""
meqzs19,0019,senior,"Senior Quiz Nineteenth",    "For Senior Textbook 19",""
meqzs20,0020,senior,"Senior Quiz twentieth",     "For Senior Textbook 20",""
meqzs21,0021,senior,"Senior Quiz TwentyFirst",   "For Senior Textbook 21",""
meqzs22,0022,senior,"Senior Quiz TwentySecond",  "For Senior Textbook 22",""
meqzs23,0023,senior,"Senior Quiz TwentyThird",   "For Senior Textbook 23",""
meqzs24,0024,senior,"Senior Quiz TwentyFourth",  "For Senior Textbook 24",""
meqzs25,0025,senior,"Senior Quiz TwentyFifth",   "For Senior Textbook 25",""
meqzs26,0026,senior,"Senior Quiz TwentySixth",   "For Senior Textbook 26",""
meqzs27,0027,senior,"Senior Quiz TwentySeventh", "For Senior Textbook 27",""
meqzs28,0028,senior,"Senior Quiz TwentyEightth", "For Senior Textbook 28",""
meqzs29,0029,senior,"Senior Quiz TwentyNineth",  "For Senior Textbook 29",""
meqzs30,0030,senior,"Senior Quiz Thirtieth",     "For Senior Textbook 30",""
