seq,word,Unicode,pinyin
0001/3500,一,U+4E00,yī
0002/3500,乙,U+4E59,yǐ
0003/3500,二,U+4E8C,èr
0004/3500,十,U+5341,shí
0005/3500,丁,U+4E01,dīng
0006/3500,厂,U+5382,chǎng
0007/3500,七,U+4E03,qī
0008/3500,卜,U+535C,bo，bǔ
0009/3500,八,U+516B,bā
0010/3500,人,U+4EBA,rén
0011/3500,入,U+5165,rù
0012/3500,儿,U+513F,ér
0013/3500,匕,U+5315,bǐ
0014/3500,几,U+51E0,jī，jǐ
0015/3500,九,U+4E5D,jiǔ
0016/3500,刁,U+5201,diāo
0017/3500,了,U+4E86,le，liǎo
0018/3500,刀,U+5200,dāo
0019/3500,力,U+529B,lì
0020/3500,乃,U+4E43,nǎi
0021/3500,又,U+53C8,yòu
0022/3500,三,U+4E09,sān
0023/3500,干,U+5E72,gān，gàn
0024/3500,于,U+4E8E,yú
0025/3500,亏,U+4E8F,kuī
0026/3500,工,U+5DE5,gōng
0027/3500,土,U+571F,tǔ
0028/3500,士,U+58EB,shì
0029/3500,才,U+624D,cái
0030/3500,下,U+4E0B,xià
0031/3500,寸,U+5BF8,cùn
0032/3500,大,U+5927,dà，dài
0033/3500,丈,U+4E08,zhàng
0034/3500,与,U+4E0E,yǔ，yù
0035/3500,万,U+4E07,mò，wàn
0036/3500,上,U+4E0A,shǎng，shàng
0037/3500,小,U+5C0F,xiǎo
0038/3500,口,U+53E3,kǒu
0039/3500,山,U+5C71,shān
0040/3500,巾,U+5DFE,jīn
0041/3500,千,U+5343,qiān
0042/3500,乞,U+4E5E,qǐ
0043/3500,川,U+5DDD,chuān
0044/3500,亿,U+4EBF,yì
0045/3500,个,U+4E2A,gě，gè
0046/3500,夕,U+5915,xī
0047/3500,久,U+4E45,jiǔ
0048/3500,么,U+4E48,me
0049/3500,勺,U+52FA,sháo
0050/3500,凡,U+51E1,fán
0051/3500,丸,U+4E38,wán
0052/3500,及,U+53CA,jí
0053/3500,广,U+5E7F,guǎng
0054/3500,亡,U+4EA1,wáng
0055/3500,门,U+95E8,mén
0056/3500,丫,U+4E2B,yā
0057/3500,义,U+4E49,yì
0058/3500,之,U+4E4B,zhī
0059/3500,尸,U+5C38,shī
0060/3500,己,U+5DF1,jǐ
0061/3500,已,U+5DF2,yǐ
0062/3500,巳,U+5DF3,sì
0063/3500,弓,U+5F13,gōng
0064/3500,子,U+5B50,zǐ
0065/3500,卫,U+536B,wèi
0066/3500,也,U+4E5F,yě
0067/3500,女,U+5973,nǚ
0068/3500,刃,U+5203,rèn
0069/3500,飞,U+98DE,fēi
0070/3500,习,U+4E60,xí
0071/3500,叉,U+53C9,chā，chá，chǎ，chà
0072/3500,马,U+9A6C,mǎ
0073/3500,乡,U+4E61,xiāng
0074/3500,丰,U+4E30,fēng
0075/3500,王,U+738B,wáng
0076/3500,开,U+5F00,kāi
0077/3500,井,U+4E95,jǐng
0078/3500,天,U+5929,tiān
0079/3500,夫,U+592B,fū
0080/3500,元,U+5143,yuán
0081/3500,无,U+65E0,mó，wú
0082/3500,云,U+4E91,yún
0083/3500,专,U+4E13,zhuān
0084/3500,丐,U+4E10,gài
0085/3500,扎,U+624E,zā，zhā，zhá
0086/3500,艺,U+827A,yì
0087/3500,木,U+6728,mù
0088/3500,五,U+4E94,wǔ
0089/3500,支,U+652F,zhī
0090/3500,厅,U+5385,tīng
0091/3500,不,U+4E0D,bù
0092/3500,犬,U+72AC,quǎn
0093/3500,太,U+592A,tài
0094/3500,区,U+533A,ōu，qū
0095/3500,历,U+5386,lì
0096/3500,歹,U+6B79,dǎi
0097/3500,友,U+53CB,yǒu
0098/3500,尤,U+5C24,yóu
0099/3500,匹,U+5339,pǐ
0100/3500,车,U+8F66,chē，jū
0101/3500,巨,U+5DE8,jù
0102/3500,牙,U+7259,yá
0103/3500,屯,U+5C6F,tún
0104/3500,戈,U+6208,gē
0105/3500,比,U+6BD4,bǐ
0106/3500,互,U+4E92,hù
0107/3500,切,U+5207,qiē，qiè
0108/3500,瓦,U+74E6,wǎ，wà
0109/3500,止,U+6B62,zhǐ
0110/3500,少,U+5C11,shǎo，shào
0111/3500,曰,U+66F0,yuē
0112/3500,日,U+65E5,rì
0113/3500,中,U+4E2D,zhōng，zhòng
0114/3500,贝,U+8D1D,bèi
0115/3500,冈,U+5188,gāng
0116/3500,内,U+5185,nèi
0117/3500,水,U+6C34,shuǐ
0118/3500,见,U+89C1,jiàn，xiàn
0119/3500,午,U+5348,wǔ
0120/3500,牛,U+725B,niú
0121/3500,手,U+624B,shǒu
0122/3500,气,U+6C14,qì
0123/3500,毛,U+6BDB,máo
0124/3500,壬,U+58EC,rén
0125/3500,升,U+5347,shēng
0126/3500,夭,U+592D,yāo
0127/3500,长,U+957F,cháng，zhǎng
0128/3500,仁,U+4EC1,rén
0129/3500,什,U+4EC0,shén，shí
0130/3500,片,U+7247,piān，piàn
0131/3500,仆,U+4EC6,pū，pú
0132/3500,化,U+5316,huà
0133/3500,仇,U+4EC7,chóu，qiú
0134/3500,币,U+5E01,bì
0135/3500,仍,U+4ECD,réng
0136/3500,仅,U+4EC5,jǐn
0137/3500,斤,U+65A4,jīn
0138/3500,爪,U+722A,zhǎo，zhuǎ
0139/3500,反,U+53CD,fǎn
0140/3500,介,U+4ECB,jiè
0141/3500,父,U+7236,fù
0142/3500,从,U+4ECE,cóng
0143/3500,仑,U+4ED1,lún
0144/3500,今,U+4ECA,jīn
0145/3500,凶,U+51F6,xiōng
0146/3500,分,U+5206,fēn，fèn
0147/3500,乏,U+4E4F,fá
0148/3500,公,U+516C,gōng
0149/3500,仓,U+4ED3,cāng
0150/3500,月,U+6708,yuè
0151/3500,氏,U+6C0F,shì，zhī
0152/3500,勿,U+52FF,wù
0153/3500,欠,U+6B20,qiàn
0154/3500,风,U+98CE,fēng
0155/3500,丹,U+4E39,dān
0156/3500,匀,U+5300,yún
0157/3500,乌,U+4E4C,wū
0158/3500,勾,U+52FE,gōu，gòu
0159/3500,凤,U+51E4,fèng
0160/3500,六,U+516D,liù
0161/3500,文,U+6587,wén
0162/3500,亢,U+4EA2,kàng
0163/3500,方,U+65B9,fāng
0164/3500,火,U+706B,huǒ
0165/3500,为,U+4E3A,wéi，wèi
0166/3500,斗,U+6597,dǒu，dòu
0167/3500,忆,U+5FC6,yì
0168/3500,计,U+8BA1,jì
0169/3500,订,U+8BA2,dìng
0170/3500,户,U+6237,hù
0171/3500,认,U+8BA4,rèn
0172/3500,冗,U+5197,rǒng
0173/3500,讥,U+8BA5,jī
0174/3500,心,U+5FC3,xīn
0175/3500,尺,U+5C3A,chě，chǐ
0176/3500,引,U+5F15,yǐn
0177/3500,丑,U+4E11,chǒu
0178/3500,巴,U+5DF4,bā
0179/3500,孔,U+5B54,kǒng
0180/3500,队,U+961F,duì
0181/3500,办,U+529E,bàn
0182/3500,以,U+4EE5,yǐ
0183/3500,允,U+5141,yǔn
0184/3500,予,U+4E88,yú，yǔ
0185/3500,邓,U+9093,dèng
0186/3500,劝,U+529D,quàn
0187/3500,双,U+53CC,shuāng
0188/3500,书,U+4E66,shū
0189/3500,幻,U+5E7B,huàn
0190/3500,玉,U+7389,yù
0191/3500,刊,U+520A,kān
0192/3500,未,U+672A,wèi
0193/3500,末,U+672B,mò
0194/3500,示,U+793A,shì
0195/3500,击,U+51FB,jī
0196/3500,打,U+6253,dá，dǎ
0197/3500,巧,U+5DE7,qiǎo
0198/3500,正,U+6B63,zhēng，zhèng
0199/3500,扑,U+6251,pū
0200/3500,卉,U+5349,huì
0201/3500,扒,U+6252,bā，pá
0202/3500,功,U+529F,gōng
0203/3500,扔,U+6254,rēng
0204/3500,去,U+53BB,qù
0205/3500,甘,U+7518,gān
0206/3500,世,U+4E16,shì
0207/3500,艾,U+827E,ài，yì
0208/3500,古,U+53E4,gǔ
0209/3500,节,U+8282,jiē，jié
0210/3500,本,U+672C,běn
0211/3500,术,U+672F,shù，zhú
0212/3500,可,U+53EF,kě，kè
0213/3500,丙,U+4E19,bǐng
0214/3500,左,U+5DE6,zuǒ
0215/3500,厉,U+5389,lì
0216/3500,石,U+77F3,dàn，shí
0217/3500,右,U+53F3,yòu
0218/3500,布,U+5E03,bù
0219/3500,夯,U+592F,hāng
0220/3500,戊,U+620A,wù
0221/3500,龙,U+9F99,lóng
0222/3500,平,U+5E73,píng
0223/3500,灭,U+706D,miè
0224/3500,轧,U+8F67,yà，zhá
0225/3500,东,U+4E1C,dōng
0226/3500,卡,U+5361,kǎ，qiǎ
0227/3500,北,U+5317,běi
0228/3500,占,U+5360,zhān，zhàn
0229/3500,凸,U+51F8,tū
0230/3500,卢,U+5362,lú
0231/3500,业,U+4E1A,yè
0232/3500,旧,U+65E7,jiù
0233/3500,帅,U+5E05,shuài
0234/3500,归,U+5F52,guī
0235/3500,旦,U+65E6,dàn
0236/3500,目,U+76EE,mù
0237/3500,且,U+4E14,qiě
0238/3500,叶,U+53F6,xié，yè
0239/3500,甲,U+7532,jiǎ
0240/3500,申,U+7533,shēn
0241/3500,叮,U+53EE,dīng
0242/3500,电,U+7535,diàn
0243/3500,号,U+53F7,háo，hào
0244/3500,田,U+7530,tián
0245/3500,由,U+7531,yóu
0246/3500,只,U+53EA,zhī，zhǐ
0247/3500,叭,U+53ED,bā
0248/3500,史,U+53F2,shǐ
0249/3500,央,U+592E,yāng
0250/3500,兄,U+5144,xiōng
0251/3500,叽,U+53FD,jī
0252/3500,叼,U+53FC,diāo
0253/3500,叫,U+53EB,jiào
0254/3500,叩,U+53E9,kòu
0255/3500,叨,U+53E8,dāo，dáo，tāo
0256/3500,另,U+53E6,lìng
0257/3500,叹,U+53F9,tàn
0258/3500,冉,U+5189,rǎn
0259/3500,皿,U+76BF,mǐn
0260/3500,凹,U+51F9,āo
0261/3500,囚,U+56DA,qiú
0262/3500,四,U+56DB,sì
0263/3500,生,U+751F,shēng
0264/3500,矢,U+77E2,shǐ
0265/3500,失,U+5931,shī
0266/3500,乍,U+4E4D,zhà
0267/3500,禾,U+79BE,hé
0268/3500,丘,U+4E18,qiū
0269/3500,付,U+4ED8,fù
0270/3500,仗,U+4ED7,zhàng
0271/3500,代,U+4EE3,dài
0272/3500,仙,U+4ED9,xiān
0273/3500,们,U+4EEC,mén，men
0274/3500,仪,U+4EEA,yí
0275/3500,白,U+767D,bái
0276/3500,仔,U+4ED4,zǎi，zǐ
0277/3500,他,U+4ED6,tā
0278/3500,斥,U+65A5,chì
0279/3500,瓜,U+74DC,guā
0280/3500,乎,U+4E4E,hū
0281/3500,丛,U+4E1B,cóng
0282/3500,令,U+4EE4,líng，lǐng，lìng
0283/3500,用,U+7528,yòng
0284/3500,甩,U+7529,shuǎi
0285/3500,印,U+5370,yìn
0286/3500,尔,U+5C14,ěr
0287/3500,乐,U+4E50,lè，yuè
0288/3500,句,U+53E5,gōu，jù
0289/3500,匆,U+5306,cōng
0290/3500,册,U+518C,cè
0291/3500,卯,U+536F,mǎo
0292/3500,犯,U+72AF,fàn
0293/3500,外,U+5916,wài
0294/3500,处,U+5904,chǔ，chù
0295/3500,冬,U+51AC,dōng
0296/3500,鸟,U+9E1F,niǎo
0297/3500,务,U+52A1,wù
0298/3500,包,U+5305,bāo
0299/3500,饥,U+9965,jī
0300/3500,主,U+4E3B,zhǔ
0301/3500,市,U+5E02,shì
0302/3500,立,U+7ACB,lì
0303/3500,冯,U+51AF,féng
0304/3500,玄,U+7384,xuán
0305/3500,闪,U+95EA,shǎn
0306/3500,兰,U+5170,lán
0307/3500,半,U+534A,bàn
0308/3500,汁,U+6C41,zhī
0309/3500,汇,U+6C47,huì
0310/3500,头,U+5934,tóu
0311/3500,汉,U+6C49,hàn
0312/3500,宁,U+5B81,níng，nìng
0313/3500,穴,U+7A74,xué
0314/3500,它,U+5B83,tā
0315/3500,讨,U+8BA8,tǎo
0316/3500,写,U+5199,xiě
0317/3500,让,U+8BA9,ràng
0318/3500,礼,U+793C,lǐ
0319/3500,训,U+8BAD,xùn
0320/3500,议,U+8BAE,yì
0321/3500,必,U+5FC5,bì
0322/3500,讯,U+8BAF,xùn
0323/3500,记,U+8BB0,jì
0324/3500,永,U+6C38,yǒng
0325/3500,司,U+53F8,sī
0326/3500,尼,U+5C3C,ní
0327/3500,民,U+6C11,mín
0328/3500,弗,U+5F17,fú
0329/3500,弘,U+5F18,hóng
0330/3500,出,U+51FA,chū
0331/3500,辽,U+8FBD,liáo
0332/3500,奶,U+5976,nǎi
0333/3500,奴,U+5974,nú
0334/3500,召,U+53EC,shào，zhào
0335/3500,加,U+52A0,jiā
0336/3500,皮,U+76AE,pí
0337/3500,边,U+8FB9,biān
0338/3500,孕,U+5B55,yùn
0339/3500,发,U+53D1,fā，fà
0340/3500,圣,U+5723,shèng
0341/3500,对,U+5BF9,duì
0342/3500,台,U+53F0,tāi，tái
0343/3500,矛,U+77DB,máo
0344/3500,纠,U+7EA0,jiū
0345/3500,母,U+6BCD,mǔ
0346/3500,幼,U+5E7C,yòu
0347/3500,丝,U+4E1D,sī
0348/3500,邦,U+90A6,bāng
0349/3500,式,U+5F0F,shì
0350/3500,迂,U+8FC2,yū
0351/3500,刑,U+5211,xíng
0352/3500,戎,U+620E,róng
0353/3500,动,U+52A8,dòng
0354/3500,扛,U+625B,gāng，káng
0355/3500,寺,U+5BFA,sì
0356/3500,吉,U+5409,jí
0357/3500,扣,U+6263,kòu
0358/3500,考,U+8003,kǎo
0359/3500,托,U+6258,tuō
0360/3500,老,U+8001,lǎo
0361/3500,巩,U+5DE9,gǒng
0362/3500,圾,U+573E,jī
0363/3500,执,U+6267,zhí
0364/3500,扩,U+6269,kuò
0365/3500,扫,U+626B,sǎo，sào
0366/3500,地,U+5730,de，dì
0367/3500,场,U+573A,cháng，chǎng
0368/3500,扬,U+626C,yáng
0369/3500,耳,U+8033,ěr
0370/3500,芋,U+828B,yù
0371/3500,共,U+5171,gòng
0372/3500,芒,U+8292,máng
0373/3500,亚,U+4E9A,yà
0374/3500,芝,U+829D,zhī
0375/3500,朽,U+673D,xiǔ
0376/3500,朴,U+6734,piáo，pò，pǔ
0377/3500,机,U+673A,jī
0378/3500,权,U+6743,quán
0379/3500,过,U+8FC7,guō，guò
0380/3500,臣,U+81E3,chén
0381/3500,吏,U+540F,lì
0382/3500,再,U+518D,zài
0383/3500,协,U+534F,xié
0384/3500,西,U+897F,xī
0385/3500,压,U+538B,yā，yà
0386/3500,厌,U+538C,yàn
0387/3500,戌,U+620C,qu，xū
0388/3500,在,U+5728,zài
0389/3500,百,U+767E,bǎi
0390/3500,有,U+6709,yǒu
0391/3500,存,U+5B58,cún
0392/3500,而,U+800C,ér
0393/3500,页,U+9875,yè
0394/3500,匠,U+5320,jiàng
0395/3500,夸,U+5938,kuā
0396/3500,夺,U+593A,duó
0397/3500,灰,U+7070,huī
0398/3500,达,U+8FBE,dá
0399/3500,列,U+5217,liè
0400/3500,死,U+6B7B,sǐ
0401/3500,成,U+6210,chéng
0402/3500,夹,U+5939,gā，jiā，jiá
0403/3500,夷,U+5937,yí
0404/3500,轨,U+8F68,guǐ
0405/3500,邪,U+90AA,xié
0406/3500,尧,U+5C27,yáo
0407/3500,划,U+5212,huá，huà
0408/3500,迈,U+8FC8,mài
0409/3500,毕,U+6BD5,bì
0410/3500,至,U+81F3,zhì
0411/3500,此,U+6B64,cǐ
0412/3500,贞,U+8D1E,zhēn
0413/3500,师,U+5E08,shī
0414/3500,尘,U+5C18,chén
0415/3500,尖,U+5C16,jiān
0416/3500,劣,U+52A3,liè
0417/3500,光,U+5149,guāng
0418/3500,当,U+5F53,dāng，dàng
0419/3500,早,U+65E9,zǎo
0420/3500,吁,U+5401,xū，yū，yù
0421/3500,吐,U+5410,tǔ，tù
0422/3500,吓,U+5413,hè，xià
0423/3500,虫,U+866B,chóng
0424/3500,曲,U+66F2,qū，qǔ
0425/3500,团,U+56E2,tuán
0426/3500,吕,U+5415,lǚ
0427/3500,同,U+540C,tóng，tòng
0428/3500,吊,U+540A,diào
0429/3500,吃,U+5403,chī
0430/3500,因,U+56E0,yīn
0431/3500,吸,U+5438,xī
0432/3500,吗,U+5417,má，mǎ，ma
0433/3500,吆,U+5406,yāo
0434/3500,屿,U+5C7F,yǔ
0435/3500,屹,U+5C79,yì
0436/3500,岁,U+5C81,suì
0437/3500,帆,U+5E06,fān
0438/3500,回,U+56DE,huí
0439/3500,岂,U+5C82,qǐ
0440/3500,则,U+5219,zé
0441/3500,刚,U+521A,gāng
0442/3500,网,U+7F51,wǎng
0443/3500,肉,U+8089,ròu
0444/3500,年,U+5E74,nián
0445/3500,朱,U+6731,zhū
0446/3500,先,U+5148,xiān
0447/3500,丢,U+4E22,diū
0448/3500,廷,U+5EF7,tíng
0449/3500,舌,U+820C,shé
0450/3500,竹,U+7AF9,zhú
0451/3500,迁,U+8FC1,qiān
0452/3500,乔,U+4E54,qiáo
0453/3500,迄,U+8FC4,qì
0454/3500,伟,U+4F1F,wěi
0455/3500,传,U+4F20,chuán，zhuàn
0456/3500,乒,U+4E52,pīng
0457/3500,乓,U+4E53,pāng
0458/3500,休,U+4F11,xiū
0459/3500,伍,U+4F0D,wǔ
0460/3500,伏,U+4F0F,fú
0461/3500,优,U+4F18,yōu
0462/3500,臼,U+81FC,jiù
0463/3500,伐,U+4F10,fá
0464/3500,延,U+5EF6,yán
0465/3500,仲,U+4EF2,zhòng
0466/3500,件,U+4EF6,jiàn
0467/3500,任,U+4EFB,rén，rèn
0468/3500,伤,U+4F24,shāng
0469/3500,价,U+4EF7,jià，jie
0470/3500,伦,U+4F26,lún
0471/3500,份,U+4EFD,fèn
0472/3500,华,U+534E,huá，huà
0473/3500,仰,U+4EF0,yǎng
0474/3500,仿,U+4EFF,fǎng
0475/3500,伙,U+4F19,huǒ
0476/3500,伪,U+4F2A,wěi
0477/3500,自,U+81EA,zì
0478/3500,伊,U+4F0A,yī
0479/3500,血,U+8840,xiě，xuè
0480/3500,向,U+5411,xiàng
0481/3500,似,U+4F3C,shì，sì
0482/3500,后,U+540E,hòu
0483/3500,行,U+884C,háng，héng，xíng
0484/3500,舟,U+821F,zhōu
0485/3500,全,U+5168,quán
0486/3500,会,U+4F1A,huì，kuài
0487/3500,杀,U+6740,shā
0488/3500,合,U+5408,gě，hé
0489/3500,兆,U+5146,zhào
0490/3500,企,U+4F01,qǐ
0491/3500,众,U+4F17,zhòng
0492/3500,爷,U+7237,yé
0493/3500,伞,U+4F1E,sǎn
0494/3500,创,U+521B,chuāng，chuàng
0495/3500,肌,U+808C,jī
0496/3500,肋,U+808B,lèi
0497/3500,朵,U+6735,duǒ
0498/3500,杂,U+6742,zá
0499/3500,危,U+5371,wēi
0500/3500,旬,U+65EC,xún
0501/3500,旨,U+65E8,zhǐ
0502/3500,旭,U+65ED,xù
0503/3500,负,U+8D1F,fù
0504/3500,匈,U+5308,xiōng
0505/3500,名,U+540D,míng
0506/3500,各,U+5404,gè
0507/3500,多,U+591A,duō
0508/3500,争,U+4E89,zhēng
0509/3500,色,U+8272,sè，shǎi
0510/3500,壮,U+58EE,zhuàng
0511/3500,冲,U+51B2,chōng，chòng
0512/3500,妆,U+5986,zhuāng
0513/3500,冰,U+51B0,bīng
0514/3500,庄,U+5E84,zhuāng
0515/3500,庆,U+5E86,qìng
0516/3500,亦,U+4EA6,yì
0517/3500,刘,U+5218,liú
0518/3500,齐,U+9F50,qí
0519/3500,交,U+4EA4,jiāo
0520/3500,衣,U+8863,yī
0521/3500,次,U+6B21,cì
0522/3500,产,U+4EA7,chǎn
0523/3500,决,U+51B3,jué
0524/3500,亥,U+4EA5,hài
0525/3500,充,U+5145,chōng
0526/3500,妄,U+5984,wàng
0527/3500,闭,U+95ED,bì
0528/3500,问,U+95EE,wèn
0529/3500,闯,U+95EF,chuǎng
0530/3500,羊,U+7F8A,yáng
0531/3500,并,U+5E76,bīng，bìng
0532/3500,关,U+5173,guān
0533/3500,米,U+7C73,mǐ
0534/3500,灯,U+706F,dēng
0535/3500,州,U+5DDE,zhōu
0536/3500,汗,U+6C57,hán，hàn
0537/3500,污,U+6C61,wū
0538/3500,江,U+6C5F,jiāng
0539/3500,汛,U+6C5B,xùn
0540/3500,池,U+6C60,chí
0541/3500,汝,U+6C5D,rǔ
0542/3500,汤,U+6C64,tāng
0543/3500,忙,U+5FD9,máng
0544/3500,兴,U+5174,xīng，xìng
0545/3500,宇,U+5B87,yǔ
0546/3500,守,U+5B88,shǒu
0547/3500,宅,U+5B85,zhái
0548/3500,字,U+5B57,zì
0549/3500,安,U+5B89,ān
0550/3500,讲,U+8BB2,jiǎng
0551/3500,讳,U+8BB3,huì
0552/3500,军,U+519B,jūn
0553/3500,讶,U+8BB6,yà
0554/3500,许,U+8BB8,xǔ
0555/3500,讹,U+8BB9,é
0556/3500,论,U+8BBA,lún，lùn
0557/3500,讼,U+8BBC,sòng
0558/3500,农,U+519C,nóng
0559/3500,讽,U+8BBD,fěng
0560/3500,设,U+8BBE,shè
0561/3500,访,U+8BBF,fǎng
0562/3500,诀,U+8BC0,jué
0563/3500,寻,U+5BFB,xún
0564/3500,那,U+90A3,nā，nà
0565/3500,迅,U+8FC5,xùn
0566/3500,尽,U+5C3D,jǐn，jìn
0567/3500,导,U+5BFC,dǎo
0568/3500,异,U+5F02,yì
0569/3500,弛,U+5F1B,chí
0570/3500,孙,U+5B59,sūn
0571/3500,阵,U+9635,zhèn
0572/3500,阳,U+9633,yáng
0573/3500,收,U+6536,shōu
0574/3500,阶,U+9636,jiē
0575/3500,阴,U+9634,yīn
0576/3500,防,U+9632,fáng
0577/3500,奸,U+5978,jiān
0578/3500,如,U+5982,rú
0579/3500,妇,U+5987,fù
0580/3500,妃,U+5983,fēi
0581/3500,好,U+597D,hǎo，hào
0582/3500,她,U+5979,tā
0583/3500,妈,U+5988,mā
0584/3500,戏,U+620F,xì
0585/3500,羽,U+7FBD,yǔ
0586/3500,观,U+89C2,guān，guàn
0587/3500,欢,U+6B22,huān
0588/3500,买,U+4E70,mǎi
0589/3500,红,U+7EA2,hóng
0590/3500,驮,U+9A6E,duò，tuó
0591/3500,纤,U+7EA4,qiàn，xiān
0592/3500,驯,U+9A6F,xùn
0593/3500,约,U+7EA6,yāo，yuē
0594/3500,级,U+7EA7,jí
0595/3500,纪,U+7EAA,jǐ，jì
0596/3500,驰,U+9A70,chí
0597/3500,纫,U+7EAB,rèn
0598/3500,巡,U+5DE1,xún
0599/3500,寿,U+5BFF,shòu
0600/3500,弄,U+5F04,lòng，nòng
0601/3500,麦,U+9EA6,mài
0602/3500,玖,U+7396,jiǔ
0603/3500,玛,U+739B,mǎ
0604/3500,形,U+5F62,xíng
0605/3500,进,U+8FDB,jìn
0606/3500,戒,U+6212,jiè
0607/3500,吞,U+541E,tūn
0608/3500,远,U+8FDC,yuǎn
0609/3500,违,U+8FDD,wéi
0610/3500,韧,U+97E7,rèn
0611/3500,运,U+8FD0,yùn
0612/3500,扶,U+6276,fú
0613/3500,抚,U+629A,fǔ
0614/3500,坛,U+575B,tán
0615/3500,技,U+6280,jì
0616/3500,坏,U+574F,huài
0617/3500,抠,U+62A0,kōu
0618/3500,扰,U+6270,rǎo
0619/3500,扼,U+627C,è
0620/3500,拒,U+62D2,jù
0621/3500,找,U+627E,zhǎo
0622/3500,批,U+6279,pī
0623/3500,址,U+5740,zhǐ
0624/3500,扯,U+626F,chě
0625/3500,走,U+8D70,zǒu
0626/3500,抄,U+6284,chāo
0627/3500,贡,U+8D21,gòng
0628/3500,汞,U+6C5E,gǒng
0629/3500,坝,U+575D,bà
0630/3500,攻,U+653B,gōng
0631/3500,赤,U+8D64,chì
0632/3500,折,U+6298,shé，zhē，zhé
0633/3500,抓,U+6293,zhuā
0634/3500,扳,U+6273,bān
0635/3500,抡,U+62A1,lūn
0636/3500,扮,U+626E,bàn
0637/3500,抢,U+62A2,qiāng，qiǎng
0638/3500,孝,U+5B5D,xiào
0639/3500,坎,U+574E,kǎn
0640/3500,均,U+5747,jūn
0641/3500,抑,U+6291,yì
0642/3500,抛,U+629B,pāo
0643/3500,投,U+6295,tóu
0644/3500,坟,U+575F,fén
0645/3500,坑,U+5751,kēng
0646/3500,抗,U+6297,kàng
0647/3500,坊,U+574A,fāng，fáng
0648/3500,抖,U+6296,dǒu
0649/3500,护,U+62A4,hù
0650/3500,壳,U+58F3,ké，qiào
0651/3500,志,U+5FD7,zhì
0652/3500,块,U+5757,kuài
0653/3500,扭,U+626D,niǔ
0654/3500,声,U+58F0,shēng
0655/3500,把,U+628A,bǎ，bà
0656/3500,报,U+62A5,bào
0657/3500,拟,U+62DF,nǐ
0658/3500,却,U+5374,què
0659/3500,抒,U+6292,shū
0660/3500,劫,U+52AB,jié
0661/3500,芙,U+8299,fú
0662/3500,芜,U+829C,wú
0663/3500,苇,U+82C7,wěi
0664/3500,芽,U+82BD,yá
0665/3500,花,U+82B1,huā
0666/3500,芹,U+82B9,qín
0667/3500,芥,U+82A5,gài，jiè
0668/3500,芬,U+82AC,fēn
0669/3500,苍,U+82CD,cāng
0670/3500,芳,U+82B3,fāng
0671/3500,严,U+4E25,yán
0672/3500,芦,U+82A6,lú，lǔ
0673/3500,芯,U+82AF,xīn，xìn
0674/3500,劳,U+52B3,láo
0675/3500,克,U+514B,kè
0676/3500,芭,U+82AD,bā
0677/3500,苏,U+82CF,sū
0678/3500,杆,U+6746,gān，gǎn
0679/3500,杠,U+6760,gàng
0680/3500,杜,U+675C,dù
0681/3500,材,U+6750,cái
0682/3500,村,U+6751,cūn
0683/3500,杖,U+6756,zhàng
0684/3500,杏,U+674F,xìng
0685/3500,杉,U+6749,shā，shān
0686/3500,巫,U+5DEB,wū
0687/3500,极,U+6781,jí
0688/3500,李,U+674E,lǐ
0689/3500,杨,U+6768,yáng
0690/3500,求,U+6C42,qiú
0691/3500,甫,U+752B,fǔ
0692/3500,匣,U+5323,xiá
0693/3500,更,U+66F4,gēng，gèng
0694/3500,束,U+675F,shù
0695/3500,吾,U+543E,wú
0696/3500,豆,U+8C46,dòu
0697/3500,两,U+4E24,liǎng
0698/3500,酉,U+9149,yǒu
0699/3500,丽,U+4E3D,lí，lì
0700/3500,医,U+533B,yī
0701/3500,辰,U+8FB0,chén
0702/3500,励,U+52B1,lì
0703/3500,否,U+5426,fǒu，pǐ
0704/3500,还,U+8FD8,hái，huán
0705/3500,尬,U+5C2C,gà
0706/3500,歼,U+6B7C,jiān
0707/3500,来,U+6765,lái
0708/3500,连,U+8FDE,lián
0709/3500,轩,U+8F69,xuān
0710/3500,步,U+6B65,bù
0711/3500,卤,U+5364,lǔ
0712/3500,坚,U+575A,jiān
0713/3500,肖,U+8096,xiāo，xiào
0714/3500,旱,U+65F1,hàn
0715/3500,盯,U+76EF,dīng
0716/3500,呈,U+5448,chéng
0717/3500,时,U+65F6,shí
0718/3500,吴,U+5434,wú
0719/3500,助,U+52A9,zhù
0720/3500,县,U+53BF,xiàn
0721/3500,里,U+91CC,lǐ
0722/3500,呆,U+5446,dāi
0723/3500,吱,U+5431,zhī，zī
0724/3500,吠,U+5420,fèi
0725/3500,呕,U+5455,ǒu
0726/3500,园,U+56ED,yuán
0727/3500,旷,U+65F7,kuàng
0728/3500,围,U+56F4,wéi
0729/3500,呀,U+5440,yā，ya
0730/3500,吨,U+5428,dūn
0731/3500,足,U+8DB3,zú
0732/3500,邮,U+90AE,yóu
0733/3500,男,U+7537,nán
0734/3500,困,U+56F0,kùn
0735/3500,吵,U+5435,chāo，chǎo
0736/3500,串,U+4E32,chuàn
0737/3500,员,U+5458,yuán，yùn
0738/3500,呐,U+5450,nà
0739/3500,听,U+542C,tīng
0740/3500,吟,U+541F,yín
0741/3500,吩,U+5429,fēn
0742/3500,呛,U+545B,qiāng，qiàng
0743/3500,吻,U+543B,wěn
0744/3500,吹,U+5439,chuī
0745/3500,呜,U+545C,wū
0746/3500,吭,U+542D,háng，kēng
0747/3500,吧,U+5427,bā，ba
0748/3500,邑,U+9091,yì
0749/3500,吼,U+543C,hǒu
0750/3500,囤,U+56E4,dùn，tún
0751/3500,别,U+522B,bié，biè
0752/3500,吮,U+542E,shǔn
0753/3500,岖,U+5C96,qū
0754/3500,岗,U+5C97,gāng，gǎng
0755/3500,帐,U+5E10,zhàng
0756/3500,财,U+8D22,cái
0757/3500,针,U+9488,zhēn
0758/3500,钉,U+9489,dīng，dìng
0759/3500,牡,U+7261,mǔ
0760/3500,告,U+544A,gào
0761/3500,我,U+6211,wǒ
0762/3500,乱,U+4E71,luàn
0763/3500,利,U+5229,lì
0764/3500,秃,U+79C3,tū
0765/3500,秀,U+79C0,xiù
0766/3500,私,U+79C1,sī
0767/3500,每,U+6BCF,měi
0768/3500,兵,U+5175,bīng
0769/3500,估,U+4F30,gū，gù
0770/3500,体,U+4F53,tī，tǐ
0771/3500,何,U+4F55,hé
0772/3500,佐,U+4F50,zuǒ
0773/3500,佑,U+4F51,yòu
0774/3500,但,U+4F46,dàn
0775/3500,伸,U+4F38,shēn
0776/3500,佃,U+4F43,diàn
0777/3500,作,U+4F5C,zuō，zuò
0778/3500,伯,U+4F2F,bǎi，bó
0779/3500,伶,U+4F36,líng
0780/3500,佣,U+4F63,yōng，yòng
0781/3500,低,U+4F4E,dī
0782/3500,你,U+4F60,nǐ
0783/3500,住,U+4F4F,zhù
0784/3500,位,U+4F4D,wèi
0785/3500,伴,U+4F34,bàn
0786/3500,身,U+8EAB,shēn
0787/3500,皂,U+7682,zào
0788/3500,伺,U+4F3A,cì，sì
0789/3500,佛,U+4F5B,fó，fú
0790/3500,囱,U+56F1,cōng
0791/3500,近,U+8FD1,jìn
0792/3500,彻,U+5F7B,chè
0793/3500,役,U+5F79,yì
0794/3500,返,U+8FD4,fǎn
0795/3500,余,U+4F59,yú
0796/3500,希,U+5E0C,xī
0797/3500,坐,U+5750,zuò
0798/3500,谷,U+8C37,gǔ
0799/3500,妥,U+59A5,tuǒ
0800/3500,含,U+542B,hán
0801/3500,邻,U+90BB,lín
0802/3500,岔,U+5C94,chà
0803/3500,肝,U+809D,gān
0804/3500,肛,U+809B,gāng
0805/3500,肚,U+809A,dǔ，dù
0806/3500,肘,U+8098,zhǒu
0807/3500,肠,U+80A0,cháng
0808/3500,龟,U+9F9F,guī，jūn，qiū
0809/3500,甸,U+7538,diàn
0810/3500,免,U+514D,miǎn
0811/3500,狂,U+72C2,kuáng
0812/3500,犹,U+72B9,yóu
0813/3500,狈,U+72C8,bèi
0814/3500,角,U+89D2,jiǎo，jué
0815/3500,删,U+5220,shān
0816/3500,条,U+6761,tiáo
0817/3500,彤,U+5F64,tóng
0818/3500,卵,U+5375,luǎn
0819/3500,灸,U+7078,jiǔ
0820/3500,岛,U+5C9B,dǎo
0821/3500,刨,U+5228,bào，páo
0822/3500,迎,U+8FCE,yíng
0823/3500,饭,U+996D,fàn
0824/3500,饮,U+996E,yǐn，yìn
0825/3500,系,U+7CFB,jì，xì
0826/3500,言,U+8A00,yán
0827/3500,冻,U+51BB,dòng
0828/3500,状,U+72B6,zhuàng
0829/3500,亩,U+4EA9,mǔ
0830/3500,况,U+51B5,kuàng
0831/3500,床,U+5E8A,chuáng
0832/3500,库,U+5E93,kù
0833/3500,庇,U+5E87,bì
0834/3500,疗,U+7597,liáo
0835/3500,吝,U+541D,lìn
0836/3500,应,U+5E94,yīng，yìng
0837/3500,这,U+8FD9,zhè
0838/3500,冷,U+51B7,lěng
0839/3500,庐,U+5E90,lú
0840/3500,序,U+5E8F,xù
0841/3500,辛,U+8F9B,xīn
0842/3500,弃,U+5F03,qì
0843/3500,冶,U+51B6,yě
0844/3500,忘,U+5FD8,wàng
0845/3500,闰,U+95F0,rùn
0846/3500,闲,U+95F2,xián
0847/3500,间,U+95F4,jiān，jiàn
0848/3500,闷,U+95F7,mēn，mèn
0849/3500,判,U+5224,pàn
0850/3500,兑,U+5151,duì
0851/3500,灶,U+7076,zào
0852/3500,灿,U+707F,càn
0853/3500,灼,U+707C,zhuó
0854/3500,弟,U+5F1F,dì
0855/3500,汪,U+6C6A,wāng
0856/3500,沐,U+6C90,mù
0857/3500,沛,U+6C9B,pèi
0858/3500,汰,U+6C70,tài
0859/3500,沥,U+6CA5,lì
0860/3500,沙,U+6C99,shā，shà
0861/3500,汽,U+6C7D,qì
0862/3500,沃,U+6C83,wò
0863/3500,沦,U+6CA6,lún
0864/3500,汹,U+6C79,xiōng
0865/3500,泛,U+6CDB,fàn
0866/3500,沧,U+6CA7,cāng
0867/3500,没,U+6CA1,méi，mò
0868/3500,沟,U+6C9F,gōu
0869/3500,沪,U+6CAA,hù
0870/3500,沈,U+6C88,shěn
0871/3500,沉,U+6C89,chén
0872/3500,沁,U+6C81,qìn
0873/3500,怀,U+6000,huái
0874/3500,忧,U+5FE7,yōu
0875/3500,忱,U+5FF1,chén
0876/3500,快,U+5FEB,kuài
0877/3500,完,U+5B8C,wán
0878/3500,宋,U+5B8B,sòng
0879/3500,宏,U+5B8F,hóng
0880/3500,牢,U+7262,láo
0881/3500,究,U+7A76,jiū
0882/3500,穷,U+7A77,qióng
0883/3500,灾,U+707E,zāi
0884/3500,良,U+826F,liáng
0885/3500,证,U+8BC1,zhèng
0886/3500,启,U+542F,qǐ
0887/3500,评,U+8BC4,píng
0888/3500,补,U+8865,bǔ
0889/3500,初,U+521D,chū
0890/3500,社,U+793E,shè
0891/3500,祀,U+7940,sì
0892/3500,识,U+8BC6,shí，zhì
0893/3500,诈,U+8BC8,zhà
0894/3500,诉,U+8BC9,sù
0895/3500,罕,U+7F55,hǎn
0896/3500,诊,U+8BCA,zhěn
0897/3500,词,U+8BCD,cí
0898/3500,译,U+8BD1,yì
0899/3500,君,U+541B,jūn
0900/3500,灵,U+7075,líng
0901/3500,即,U+5373,jí
0902/3500,层,U+5C42,céng
0903/3500,屁,U+5C41,pì
0904/3500,尿,U+5C3F,niào，suī
0905/3500,尾,U+5C3E,wěi，yǐ
0906/3500,迟,U+8FDF,chí
0907/3500,局,U+5C40,jú
0908/3500,改,U+6539,gǎi
0909/3500,张,U+5F20,zhāng
0910/3500,忌,U+5FCC,jì
0911/3500,际,U+9645,jì
0912/3500,陆,U+9646,liù，lù
0913/3500,阿,U+963F,ā，ē
0914/3500,陈,U+9648,chén
0915/3500,阻,U+963B,zǔ
0916/3500,附,U+9644,fù
0917/3500,坠,U+5760,zhuì
0918/3500,妓,U+5993,jì
0919/3500,妙,U+5999,miào
0920/3500,妖,U+5996,yāo
0921/3500,姊,U+59CA,zǐ
0922/3500,妨,U+59A8,fáng
0923/3500,妒,U+5992,dù
0924/3500,努,U+52AA,nǔ
0925/3500,忍,U+5FCD,rěn
0926/3500,劲,U+52B2,jìn，jìng
0927/3500,矣,U+77E3,yǐ
0928/3500,鸡,U+9E21,jī
0929/3500,纬,U+7EAC,wěi
0930/3500,驱,U+9A71,qū
0931/3500,纯,U+7EAF,chún
0932/3500,纱,U+7EB1,shā
0933/3500,纲,U+7EB2,gāng
0934/3500,纳,U+7EB3,nà
0935/3500,驳,U+9A73,bó
0936/3500,纵,U+7EB5,zòng
0937/3500,纷,U+7EB7,fēn
0938/3500,纸,U+7EB8,zhǐ
0939/3500,纹,U+7EB9,wén
0940/3500,纺,U+7EBA,fǎng
0941/3500,驴,U+9A74,lǘ
0942/3500,纽,U+7EBD,niǔ
0943/3500,奉,U+5949,fèng
0944/3500,玩,U+73A9,wán
0945/3500,环,U+73AF,huán
0946/3500,武,U+6B66,wǔ
0947/3500,青,U+9752,qīng
0948/3500,责,U+8D23,zé
0949/3500,现,U+73B0,xiàn
0950/3500,玫,U+73AB,méi
0951/3500,表,U+8868,biǎo
0952/3500,规,U+89C4,guī
0953/3500,抹,U+62B9,mā，mǒ，mò
0954/3500,卦,U+5366,guà
0955/3500,坷,U+5777,kē，kě
0956/3500,坯,U+576F,pī
0957/3500,拓,U+62D3,tà，tuò
0958/3500,拢,U+62E2,lǒng
0959/3500,拔,U+62D4,bá
0960/3500,坪,U+576A,píng
0961/3500,拣,U+62E3,jiǎn
0962/3500,坦,U+5766,tǎn
0963/3500,担,U+62C5,dān，dàn
0964/3500,坤,U+5764,kūn
0965/3500,押,U+62BC,yā
0966/3500,抽,U+62BD,chōu
0967/3500,拐,U+62D0,guǎi
0968/3500,拖,U+62D6,tuō
0969/3500,者,U+8005,zhě
0970/3500,拍,U+62CD,pāi
0971/3500,顶,U+9876,dǐng
0972/3500,拆,U+62C6,chāi
0973/3500,拎,U+62CE,līn
0974/3500,拥,U+62E5,yōng
0975/3500,抵,U+62B5,dǐ
0976/3500,拘,U+62D8,jū
0977/3500,势,U+52BF,shì
0978/3500,抱,U+62B1,bào
0979/3500,拄,U+62C4,zhǔ
0980/3500,垃,U+5783,lā
0981/3500,拉,U+62C9,lā，lá
0982/3500,拦,U+62E6,lán
0983/3500,幸,U+5E78,xìng
0984/3500,拌,U+62CC,bàn
0985/3500,拧,U+62E7,níng，nǐng，nìng
0986/3500,拂,U+62C2,fú
0987/3500,拙,U+62D9,zhuō
0988/3500,招,U+62DB,zhāo
0989/3500,坡,U+5761,pō
0990/3500,披,U+62AB,pī
0991/3500,拨,U+62E8,bō
0992/3500,择,U+62E9,zé，zhái
0993/3500,抬,U+62AC,tái
0994/3500,拇,U+62C7,mǔ
0995/3500,拗,U+62D7,ào，niù
0996/3500,其,U+5176,qí
0997/3500,取,U+53D6,qǔ
0998/3500,茉,U+8309,mò
0999/3500,苦,U+82E6,kǔ
1000/3500,昔,U+6614,xī
1001/3500,苛,U+82DB,kē
1002/3500,若,U+82E5,ruò
1003/3500,茂,U+8302,mào
1004/3500,苹,U+82F9,píng
1005/3500,苗,U+82D7,miáo
1006/3500,英,U+82F1,yīng
1007/3500,苟,U+82DF,gǒu
1008/3500,苑,U+82D1,yuàn
1009/3500,苞,U+82DE,bāo
1010/3500,范,U+8303,fàn
1011/3500,直,U+76F4,zhí
1012/3500,茁,U+8301,zhuó
1013/3500,茄,U+8304,jiā，qié
1014/3500,茎,U+830E,jīng
1015/3500,苔,U+82D4,tāi，tái
1016/3500,茅,U+8305,máo
1017/3500,枉,U+6789,wǎng
1018/3500,林,U+6797,lín
1019/3500,枝,U+679D,zhī
1020/3500,杯,U+676F,bēi
1021/3500,枢,U+67A2,shū
1022/3500,柜,U+67DC,guì，jǔ
1023/3500,枚,U+679A,méi
1024/3500,析,U+6790,xī
1025/3500,板,U+677F,bǎn
1026/3500,松,U+677E,sōng
1027/3500,枪,U+67AA,qiāng
1028/3500,枫,U+67AB,fēng
1029/3500,构,U+6784,gòu
1030/3500,杭,U+676D,háng
1031/3500,杰,U+6770,jié
1032/3500,述,U+8FF0,shù
1033/3500,枕,U+6795,zhěn
1034/3500,丧,U+4E27,sāng，sàng
1035/3500,或,U+6216,huò
1036/3500,画,U+753B,huà
1037/3500,卧,U+5367,wò
1038/3500,事,U+4E8B,shì
1039/3500,刺,U+523A,cī，cì
1040/3500,枣,U+67A3,zǎo
1041/3500,雨,U+96E8,yǔ
1042/3500,卖,U+5356,mài
1043/3500,郁,U+90C1,yù
1044/3500,矾,U+77FE,fán
1045/3500,矿,U+77FF,kuàng
1046/3500,码,U+7801,mǎ
1047/3500,厕,U+5395,cè
1048/3500,奈,U+5948,nài
1049/3500,奔,U+5954,bēn，bèn
1050/3500,奇,U+5947,jī，qí
1051/3500,奋,U+594B,fèn
1052/3500,态,U+6001,tài
1053/3500,欧,U+6B27,ōu
1054/3500,殴,U+6BB4,ōu
1055/3500,垄,U+5784,lǒng
1056/3500,妻,U+59BB,qī
1057/3500,轰,U+8F70,hōng
1058/3500,顷,U+9877,qǐng
1059/3500,转,U+8F6C,zhuǎn，zhuàn
1060/3500,斩,U+65A9,zhǎn
1061/3500,轮,U+8F6E,lún
1062/3500,软,U+8F6F,ruǎn
1063/3500,到,U+5230,dào
1064/3500,非,U+975E,fēi
1065/3500,叔,U+53D4,shū
1066/3500,歧,U+6B67,qí
1067/3500,肯,U+80AF,kěn
1068/3500,齿,U+9F7F,chǐ
1069/3500,些,U+4E9B,xiē
1070/3500,卓,U+5353,zhuó
1071/3500,虎,U+864E,hǔ
1072/3500,虏,U+864F,lǔ
1073/3500,肾,U+80BE,shèn
1074/3500,贤,U+8D24,xián
1075/3500,尚,U+5C1A,shàng
1076/3500,旺,U+65FA,wàng
1077/3500,具,U+5177,jù
1078/3500,味,U+5473,wèi
1079/3500,果,U+679C,guǒ
1080/3500,昆,U+6606,kūn
1081/3500,国,U+56FD,guó
1082/3500,哎,U+54CE,āi
1083/3500,咕,U+5495,gū
1084/3500,昌,U+660C,chāng
1085/3500,呵,U+5475,hē
1086/3500,畅,U+7545,chàng
1087/3500,明,U+660E,míng
1088/3500,易,U+6613,yì
1089/3500,咙,U+5499,lóng
1090/3500,昂,U+6602,áng
1091/3500,迪,U+8FEA,dí
1092/3500,典,U+5178,diǎn
1093/3500,固,U+56FA,gù
1094/3500,忠,U+5FE0,zhōng
1095/3500,呻,U+547B,shēn
1096/3500,咒,U+5492,zhòu
1097/3500,咋,U+548B,zǎ，zé，zhā
1098/3500,咐,U+5490,fù
1099/3500,呼,U+547C,hū
1100/3500,鸣,U+9E23,míng
1101/3500,咏,U+548F,yǒng
1102/3500,呢,U+5462,ne，ní
1103/3500,咄,U+5484,duō
1104/3500,咖,U+5496,gā，kā
1105/3500,岸,U+5CB8,àn
1106/3500,岩,U+5CA9,yán
1107/3500,帖,U+5E16,tiē，tiě，tiè
1108/3500,罗,U+7F57,luó
1109/3500,帜,U+5E1C,zhì
1110/3500,帕,U+5E15,pà
1111/3500,岭,U+5CAD,lǐng
1112/3500,凯,U+51EF,kǎi
1113/3500,败,U+8D25,bài
1114/3500,账,U+8D26,zhàng
1115/3500,贩,U+8D29,fàn
1116/3500,贬,U+8D2C,biǎn
1117/3500,购,U+8D2D,gòu
1118/3500,贮,U+8D2E,zhù
1119/3500,图,U+56FE,tú
1120/3500,钓,U+9493,diào
1121/3500,制,U+5236,zhì
1122/3500,知,U+77E5,zhī
1123/3500,迭,U+8FED,dié
1124/3500,氛,U+6C1B,fēn
1125/3500,垂,U+5782,chuí
1126/3500,牧,U+7267,mù
1127/3500,物,U+7269,wù
1128/3500,乖,U+4E56,guāi
1129/3500,刮,U+522E,guā
1130/3500,秆,U+79C6,gǎn
1131/3500,和,U+548C,hé，hè，hú，huó，huò，huo
1132/3500,季,U+5B63,jì
1133/3500,委,U+59D4,wěi
1134/3500,秉,U+79C9,bǐng
1135/3500,佳,U+4F73,jiā
1136/3500,侍,U+4F8D,shì
1137/3500,岳,U+5CB3,yuè
1138/3500,供,U+4F9B,gōng，gòng
1139/3500,使,U+4F7F,shǐ
1140/3500,例,U+4F8B,lì
1141/3500,侠,U+4FA0,xiá
1142/3500,侥,U+4FA5,jiǎo，yáo
1143/3500,版,U+7248,bǎn
1144/3500,侄,U+4F84,zhí
1145/3500,侦,U+4FA6,zhēn
1146/3500,侣,U+4FA3,lǚ
1147/3500,侧,U+4FA7,cè
1148/3500,凭,U+51ED,píng
1149/3500,侨,U+4FA8,qiáo
1150/3500,佩,U+4F69,pèi
1151/3500,货,U+8D27,huò
1152/3500,侈,U+4F88,chǐ
1153/3500,依,U+4F9D,yī
1154/3500,卑,U+5351,bēi
1155/3500,的,U+7684,de，dī，dí，dì
1156/3500,迫,U+8FEB,pǎi，pò
1157/3500,质,U+8D28,zhì
1158/3500,欣,U+6B23,xīn
1159/3500,征,U+5F81,zhēng
1160/3500,往,U+5F80,wǎng
1161/3500,爬,U+722C,pá
1162/3500,彼,U+5F7C,bǐ
1163/3500,径,U+5F84,jìng
1164/3500,所,U+6240,suǒ
1165/3500,舍,U+820D,shě，shè
1166/3500,金,U+91D1,jīn
1167/3500,刹,U+5239,chà，shā
1168/3500,命,U+547D,mìng
1169/3500,肴,U+80B4,yáo
1170/3500,斧,U+65A7,fǔ
1171/3500,爸,U+7238,bà
1172/3500,采,U+91C7,cǎi，cài
1173/3500,觅,U+89C5,mì
1174/3500,受,U+53D7,shòu
1175/3500,乳,U+4E73,rǔ
1176/3500,贪,U+8D2A,tān
1177/3500,念,U+5FF5,niàn
1178/3500,贫,U+8D2B,pín
1179/3500,忿,U+5FFF,fèn
1180/3500,肤,U+80A4,fū
1181/3500,肺,U+80BA,fèi
1182/3500,肢,U+80A2,zhī
1183/3500,肿,U+80BF,zhǒng
1184/3500,胀,U+80C0,zhàng
1185/3500,朋,U+670B,péng
1186/3500,股,U+80A1,gǔ
1187/3500,肮,U+80AE,āng
1188/3500,肪,U+80AA,fáng
1189/3500,肥,U+80A5,féi
1190/3500,服,U+670D,fú，fù
1191/3500,胁,U+80C1,xié
1192/3500,周,U+5468,zhōu
1193/3500,昏,U+660F,hūn
1194/3500,鱼,U+9C7C,yú
1195/3500,兔,U+5154,tù
1196/3500,狐,U+72D0,hú
1197/3500,忽,U+5FFD,hū
1198/3500,狗,U+72D7,gǒu
1199/3500,狞,U+72DE,níng
1200/3500,备,U+5907,bèi
1201/3500,饰,U+9970,shì
1202/3500,饱,U+9971,bǎo
1203/3500,饲,U+9972,sì
1204/3500,变,U+53D8,biàn
1205/3500,京,U+4EAC,jīng
1206/3500,享,U+4EAB,xiǎng
1207/3500,庞,U+5E9E,páng
1208/3500,店,U+5E97,diàn
1209/3500,夜,U+591C,yè
1210/3500,庙,U+5E99,miào
1211/3500,府,U+5E9C,fǔ
1212/3500,底,U+5E95,dǐ
1213/3500,疟,U+759F,nüè，yào
1214/3500,疙,U+7599,gē
1215/3500,疚,U+759A,jiù
1216/3500,剂,U+5242,jì
1217/3500,卒,U+5352,cù，zú
1218/3500,郊,U+90CA,jiāo
1219/3500,庚,U+5E9A,gēng
1220/3500,废,U+5E9F,fèi
1221/3500,净,U+51C0,jìng
1222/3500,盲,U+76F2,máng
1223/3500,放,U+653E,fàng
1224/3500,刻,U+523B,kè
1225/3500,育,U+80B2,yù
1226/3500,氓,U+6C13,máng
1227/3500,闸,U+95F8,zhá
1228/3500,闹,U+95F9,nào
1229/3500,郑,U+90D1,zhèng
1230/3500,券,U+5238,quàn，xuàn
1231/3500,卷,U+5377,juǎn，juàn
1232/3500,单,U+5355,chán，dān，shàn
1233/3500,炬,U+70AC,jù
1234/3500,炒,U+7092,chǎo
1235/3500,炊,U+708A,chuī
1236/3500,炕,U+7095,kàng
1237/3500,炎,U+708E,yán
1238/3500,炉,U+7089,lú
1239/3500,沫,U+6CAB,mò
1240/3500,浅,U+6D45,qiǎn
1241/3500,法,U+6CD5,fǎ
1242/3500,泄,U+6CC4,xiè
1243/3500,沽,U+6CBD,gū
1244/3500,河,U+6CB3,hé
1245/3500,沾,U+6CBE,zhān
1246/3500,泪,U+6CEA,lèi
1247/3500,沮,U+6CAE,jǔ
1248/3500,油,U+6CB9,yóu
1249/3500,泊,U+6CCA,bó，pō
1250/3500,沿,U+6CBF,yán
1251/3500,泡,U+6CE1,pāo，pào
1252/3500,注,U+6CE8,zhù
1253/3500,泣,U+6CE3,qì
1254/3500,泞,U+6CDE,nìng
1255/3500,泻,U+6CFB,xiè
1256/3500,泌,U+6CCC,bì，mì
1257/3500,泳,U+6CF3,yǒng
1258/3500,泥,U+6CE5,ní，nì
1259/3500,沸,U+6CB8,fèi
1260/3500,沼,U+6CBC,zhǎo
1261/3500,波,U+6CE2,bō
1262/3500,泼,U+6CFC,pō
1263/3500,泽,U+6CFD,zé
1264/3500,治,U+6CBB,zhì
1265/3500,怔,U+6014,zhèng
1266/3500,怯,U+602F,qiè
1267/3500,怖,U+6016,bù
1268/3500,性,U+6027,xìng
1269/3500,怕,U+6015,pà
1270/3500,怜,U+601C,lián
1271/3500,怪,U+602A,guài
1272/3500,怡,U+6021,yí
1273/3500,学,U+5B66,xué
1274/3500,宝,U+5B9D,bǎo
1275/3500,宗,U+5B97,zōng
1276/3500,定,U+5B9A,dìng
1277/3500,宠,U+5BA0,chǒng
1278/3500,宜,U+5B9C,yí
1279/3500,审,U+5BA1,shěn
1280/3500,宙,U+5B99,zhòu
1281/3500,官,U+5B98,guān
1282/3500,空,U+7A7A,kōng，kòng
1283/3500,帘,U+5E18,lián
1284/3500,宛,U+5B9B,wǎn
1285/3500,实,U+5B9E,shí
1286/3500,试,U+8BD5,shì
1287/3500,郎,U+90CE,láng，làng
1288/3500,诗,U+8BD7,shī
1289/3500,肩,U+80A9,jiān
1290/3500,房,U+623F,fáng
1291/3500,诚,U+8BDA,chéng
1292/3500,衬,U+886C,chèn
1293/3500,衫,U+886B,shān
1294/3500,视,U+89C6,shì
1295/3500,祈,U+7948,qí
1296/3500,话,U+8BDD,huà
1297/3500,诞,U+8BDE,dàn
1298/3500,诡,U+8BE1,guǐ
1299/3500,询,U+8BE2,xún
1300/3500,该,U+8BE5,gāi
1301/3500,详,U+8BE6,xiáng
1302/3500,建,U+5EFA,jiàn
1303/3500,肃,U+8083,sù
1304/3500,录,U+5F55,lù
1305/3500,隶,U+96B6,lì
1306/3500,帚,U+5E1A,zhǒu
1307/3500,屉,U+5C49,tì
1308/3500,居,U+5C45,jū
1309/3500,届,U+5C4A,jiè
1310/3500,刷,U+5237,shuā，shuà
1311/3500,屈,U+5C48,qū
1312/3500,弧,U+5F27,hú
1313/3500,弥,U+5F25,mí
1314/3500,弦,U+5F26,xián
1315/3500,承,U+627F,chéng
1316/3500,孟,U+5B5F,mèng
1317/3500,陋,U+964B,lòu
1318/3500,陌,U+964C,mò
1319/3500,孤,U+5B64,gū
1320/3500,陕,U+9655,shǎn
1321/3500,降,U+964D,jiàng，xiáng
1322/3500,函,U+51FD,hán
1323/3500,限,U+9650,xiàn
1324/3500,妹,U+59B9,mèi
1325/3500,姑,U+59D1,gū
1326/3500,姐,U+59D0,jiě
1327/3500,姓,U+59D3,xìng
1328/3500,妮,U+59AE,nī
1329/3500,始,U+59CB,shǐ
1330/3500,姆,U+59C6,mǔ
1331/3500,迢,U+8FE2,tiáo
1332/3500,驾,U+9A7E,jià
1333/3500,叁,U+53C1,sān
1334/3500,参,U+53C2,cān，cēn，shēn
1335/3500,艰,U+8270,jiān
1336/3500,线,U+7EBF,xiàn
1337/3500,练,U+7EC3,liàn
1338/3500,组,U+7EC4,zǔ
1339/3500,绅,U+7EC5,shēn
1340/3500,细,U+7EC6,xì
1341/3500,驶,U+9A76,shǐ
1342/3500,织,U+7EC7,zhī
1343/3500,驹,U+9A79,jū
1344/3500,终,U+7EC8,zhōng
1345/3500,驻,U+9A7B,zhù
1346/3500,绊,U+7ECA,bàn
1347/3500,驼,U+9A7C,tuó
1348/3500,绍,U+7ECD,shào
1349/3500,绎,U+7ECE,yì
1350/3500,经,U+7ECF,jīng，jìng
1351/3500,贯,U+8D2F,guàn
1352/3500,契,U+5951,qì
1353/3500,贰,U+8D30,èr
1354/3500,奏,U+594F,zòu
1355/3500,春,U+6625,chūn
1356/3500,帮,U+5E2E,bāng
1357/3500,玷,U+73B7,diàn
1358/3500,珍,U+73CD,zhēn
1359/3500,玲,U+73B2,líng
1360/3500,珊,U+73CA,shān
1361/3500,玻,U+73BB,bō
1362/3500,毒,U+6BD2,dú
1363/3500,型,U+578B,xíng
1364/3500,拭,U+62ED,shì
1365/3500,挂,U+6302,guà
1366/3500,封,U+5C01,fēng
1367/3500,持,U+6301,chí
1368/3500,拷,U+62F7,kǎo
1369/3500,拱,U+62F1,gǒng
1370/3500,项,U+9879,xiàng
1371/3500,垮,U+57AE,kuǎ
1372/3500,挎,U+630E,kuà
1373/3500,城,U+57CE,chéng
1374/3500,挟,U+631F,xié
1375/3500,挠,U+6320,náo
1376/3500,政,U+653F,zhèng
1377/3500,赴,U+8D74,fù
1378/3500,赵,U+8D75,zhào
1379/3500,挡,U+6321,dǎng，dàng
1380/3500,拽,U+62FD,zhuài
1381/3500,哉,U+54C9,zāi
1382/3500,挺,U+633A,tǐng
1383/3500,括,U+62EC,kuò
1384/3500,垢,U+57A2,gòu
1385/3500,拴,U+62F4,shuān
1386/3500,拾,U+62FE,shè，shí
1387/3500,挑,U+6311,tiāo，tiǎo
1388/3500,垛,U+579B,duǒ，duò
1389/3500,指,U+6307,zhǐ
1390/3500,垫,U+57AB,diàn
1391/3500,挣,U+6323,zhēng，zhèng
1392/3500,挤,U+6324,jǐ
1393/3500,拼,U+62FC,pīn
1394/3500,挖,U+6316,wā
1395/3500,按,U+6309,àn
1396/3500,挥,U+6325,huī
1397/3500,挪,U+632A,nuó
1398/3500,拯,U+62EF,zhěng
1399/3500,某,U+67D0,mǒu
1400/3500,甚,U+751A,shèn
1401/3500,荆,U+8346,jīng
1402/3500,茸,U+8338,róng
1403/3500,革,U+9769,gé
1404/3500,茬,U+832C,chá
1405/3500,荐,U+8350,jiàn
1406/3500,巷,U+5DF7,hàng，xiàng
1407/3500,带,U+5E26,dài
1408/3500,草,U+8349,cǎo
1409/3500,茧,U+8327,jiǎn
1410/3500,茵,U+8335,yīn
1411/3500,茶,U+8336,chá
1412/3500,荒,U+8352,huāng
1413/3500,茫,U+832B,máng
1414/3500,荡,U+8361,dàng
1415/3500,荣,U+8363,róng
1416/3500,荤,U+8364,hūn
1417/3500,荧,U+8367,yíng
1418/3500,故,U+6545,gù
1419/3500,胡,U+80E1,hú
1420/3500,荫,U+836B,yīn，yìn
1421/3500,荔,U+8354,lì
1422/3500,南,U+5357,nā，nán
1423/3500,药,U+836F,yào
1424/3500,标,U+6807,biāo
1425/3500,栈,U+6808,zhàn
1426/3500,柑,U+67D1,gān
1427/3500,枯,U+67AF,kū
1428/3500,柄,U+67C4,bǐng
1429/3500,栋,U+680B,dòng
1430/3500,相,U+76F8,xiāng，xiàng
1431/3500,查,U+67E5,chá，zhā
1432/3500,柏,U+67CF,bǎi，bó
1433/3500,栅,U+6805,shān，zhà
1434/3500,柳,U+67F3,liǔ
1435/3500,柱,U+67F1,zhù
1436/3500,柿,U+67FF,shì
1437/3500,栏,U+680F,lán
1438/3500,柠,U+67E0,níng
1439/3500,树,U+6811,shù
1440/3500,勃,U+52C3,bó
1441/3500,要,U+8981,yāo，yào
1442/3500,柬,U+67EC,jiǎn
1443/3500,咸,U+54B8,xián
1444/3500,威,U+5A01,wēi
1445/3500,歪,U+6B6A,wāi
1446/3500,研,U+7814,yán
1447/3500,砖,U+7816,zhuān
1448/3500,厘,U+5398,lí
1449/3500,厚,U+539A,hòu
1450/3500,砌,U+780C,qì
1451/3500,砂,U+7802,shā
1452/3500,泵,U+6CF5,bèng
1453/3500,砚,U+781A,yàn
1454/3500,砍,U+780D,kǎn
1455/3500,面,U+9762,miàn
1456/3500,耐,U+8010,nài
1457/3500,耍,U+800D,shuǎ
1458/3500,牵,U+7275,qiān
1459/3500,鸥,U+9E25,ōu
1460/3500,残,U+6B8B,cán
1461/3500,殃,U+6B83,yāng
1462/3500,轴,U+8F74,zhóu，zhòu
1463/3500,轻,U+8F7B,qīng
1464/3500,鸦,U+9E26,yā
1465/3500,皆,U+7686,jiē
1466/3500,韭,U+97ED,jiǔ
1467/3500,背,U+80CC,bēi，bèi
1468/3500,战,U+6218,zhàn
1469/3500,点,U+70B9,diǎn
1470/3500,虐,U+8650,nüè
1471/3500,临,U+4E34,lín
1472/3500,览,U+89C8,lǎn
1473/3500,竖,U+7AD6,shù
1474/3500,省,U+7701,shěng，xǐng
1475/3500,削,U+524A,xiāo，xuē
1476/3500,尝,U+5C1D,cháng
1477/3500,昧,U+6627,mèi
1478/3500,盹,U+76F9,dǔn
1479/3500,是,U+662F,shì
1480/3500,盼,U+76FC,pàn
1481/3500,眨,U+7728,zhǎ
1482/3500,哇,U+54C7,wā，wa
1483/3500,哄,U+54C4,hōng，hǒng，hòng
1484/3500,哑,U+54D1,yā，yǎ
1485/3500,显,U+663E,xiǎn
1486/3500,冒,U+5192,mào
1487/3500,映,U+6620,yìng
1488/3500,星,U+661F,xīng
1489/3500,昨,U+6628,zuó
1490/3500,咧,U+54A7,liē，liě
1491/3500,昭,U+662D,zhāo
1492/3500,畏,U+754F,wèi
1493/3500,趴,U+8DB4,pā
1494/3500,胃,U+80C3,wèi
1495/3500,贵,U+8D35,guì
1496/3500,界,U+754C,jiè
1497/3500,虹,U+8679,hóng，jiàng
1498/3500,虾,U+867E,xiā
1499/3500,蚁,U+8681,yǐ
1500/3500,思,U+601D,sī
1501/3500,蚂,U+8682,mǎ，mà
1502/3500,虽,U+867D,suī
1503/3500,品,U+54C1,pǐn
1504/3500,咽,U+54BD,yān，yàn，yè
1505/3500,骂,U+9A82,mà
1506/3500,勋,U+52CB,xūn
1507/3500,哗,U+54D7,huā，huá
1508/3500,咱,U+54B1,zán
1509/3500,响,U+54CD,xiǎng
1510/3500,哈,U+54C8,hā，hǎ，hà
1511/3500,哆,U+54C6,duō
1512/3500,咬,U+54AC,yǎo
1513/3500,咳,U+54B3,hāi，ké
1514/3500,咪,U+54AA,mī，mǐ
1515/3500,哪,U+54EA,nǎ，na，né
1516/3500,哟,U+54DF,yō，yo
1517/3500,炭,U+70AD,tàn
1518/3500,峡,U+5CE1,xiá
1519/3500,罚,U+7F5A,fá
1520/3500,贱,U+8D31,jiàn
1521/3500,贴,U+8D34,tiē
1522/3500,贻,U+8D3B,yí
1523/3500,骨,U+9AA8,gū，gǔ
1524/3500,幽,U+5E7D,yōu
1525/3500,钙,U+9499,gài
1526/3500,钝,U+949D,dùn
1527/3500,钞,U+949E,chāo
1528/3500,钟,U+949F,zhōng
1529/3500,钢,U+94A2,gāng，gàng
1530/3500,钠,U+94A0,nà
1531/3500,钥,U+94A5,yào，yuè
1532/3500,钦,U+94A6,qīn
1533/3500,钧,U+94A7,jūn
1534/3500,钩,U+94A9,gōu
1535/3500,钮,U+94AE,niǔ
1536/3500,卸,U+5378,xiè
1537/3500,缸,U+7F38,gāng
1538/3500,拜,U+62DC,bái，bài
1539/3500,看,U+770B,kān，kàn
1540/3500,矩,U+77E9,jǔ
1541/3500,毡,U+6BE1,zhān
1542/3500,氢,U+6C22,qīng
1543/3500,怎,U+600E,zěn
1544/3500,牲,U+7272,shēng
1545/3500,选,U+9009,xuǎn
1546/3500,适,U+9002,shì
1547/3500,秒,U+79D2,miǎo
1548/3500,香,U+9999,xiāng
1549/3500,种,U+79CD,chóng，zhǒng，zhòng
1550/3500,秋,U+79CB,qiū
1551/3500,科,U+79D1,kē
1552/3500,重,U+91CD,chóng，zhòng
1553/3500,复,U+590D,fù
1554/3500,竿,U+7AFF,gān
1555/3500,段,U+6BB5,duàn
1556/3500,便,U+4FBF,biàn，pián
1557/3500,俩,U+4FE9,liǎ，liǎng
1558/3500,贷,U+8D37,dài
1559/3500,顺,U+987A,shùn
1560/3500,修,U+4FEE,xiū
1561/3500,俏,U+4FCF,qiào
1562/3500,保,U+4FDD,bǎo
1563/3500,促,U+4FC3,cù
1564/3500,俄,U+4FC4,é
1565/3500,俐,U+4FD0,lì
1566/3500,侮,U+4FAE,wǔ
1567/3500,俭,U+4FED,jiǎn
1568/3500,俗,U+4FD7,sú
1569/3500,俘,U+4FD8,fú
1570/3500,信,U+4FE1,xìn
1571/3500,皇,U+7687,huáng
1572/3500,泉,U+6CC9,quán
1573/3500,鬼,U+9B3C,guǐ
1574/3500,侵,U+4FB5,qīn
1575/3500,禹,U+79B9,yǔ
1576/3500,侯,U+4FAF,hóu，hòu
1577/3500,追,U+8FFD,zhuī
1578/3500,俊,U+4FCA,jùn
1579/3500,盾,U+76FE,dùn
1580/3500,待,U+5F85,dāi，dài
1581/3500,徊,U+5F8A,huái
1582/3500,衍,U+884D,yǎn
1583/3500,律,U+5F8B,lǜ
1584/3500,很,U+5F88,hěn
1585/3500,须,U+987B,xū
1586/3500,叙,U+53D9,xù
1587/3500,剑,U+5251,jiàn
1588/3500,逃,U+9003,táo
1589/3500,食,U+98DF,shí
1590/3500,盆,U+76C6,pén
1591/3500,胚,U+80DA,pēi
1592/3500,胧,U+80E7,lóng
1593/3500,胆,U+80C6,dǎn
1594/3500,胜,U+80DC,shèng
1595/3500,胞,U+80DE,bāo
1596/3500,胖,U+80D6,pán，pàng
1597/3500,脉,U+8109,mài，mò
1598/3500,胎,U+80CE,tāi
1599/3500,勉,U+52C9,miǎn
1600/3500,狭,U+72ED,xiá
1601/3500,狮,U+72EE,shī
1602/3500,独,U+72EC,dú
1603/3500,狰,U+72F0,zhēng
1604/3500,狡,U+72E1,jiǎo
1605/3500,狱,U+72F1,yù
1606/3500,狠,U+72E0,hěn
1607/3500,贸,U+8D38,mào
1608/3500,怨,U+6028,yuàn
1609/3500,急,U+6025,jí
1610/3500,饵,U+9975,ěr
1611/3500,饶,U+9976,ráo
1612/3500,蚀,U+8680,shí
1613/3500,饺,U+997A,jiǎo
1614/3500,饼,U+997C,bǐng
1615/3500,峦,U+5CE6,luán
1616/3500,弯,U+5F2F,wān
1617/3500,将,U+5C06,jiāng，jiàng
1618/3500,奖,U+5956,jiǎng
1619/3500,哀,U+54C0,āi
1620/3500,亭,U+4EAD,tíng
1621/3500,亮,U+4EAE,liàng
1622/3500,度,U+5EA6,dù，duó
1623/3500,迹,U+8FF9,jì
1624/3500,庭,U+5EAD,tíng
1625/3500,疮,U+75AE,chuāng
1626/3500,疯,U+75AF,fēng
1627/3500,疫,U+75AB,yì
1628/3500,疤,U+75A4,bā
1629/3500,咨,U+54A8,zī
1630/3500,姿,U+59FF,zī
1631/3500,亲,U+4EB2,qīn，qìng
1632/3500,音,U+97F3,yīn
1633/3500,帝,U+5E1D,dì
1634/3500,施,U+65BD,shī
1635/3500,闺,U+95FA,guī
1636/3500,闻,U+95FB,wén
1637/3500,闽,U+95FD,mǐn
1638/3500,阀,U+9600,fá
1639/3500,阁,U+9601,gé
1640/3500,差,U+5DEE,chā，chà，chāi，cī
1641/3500,养,U+517B,yǎng
1642/3500,美,U+7F8E,měi
1643/3500,姜,U+59DC,jiāng
1644/3500,叛,U+53DB,pàn
1645/3500,送,U+9001,sòng
1646/3500,类,U+7C7B,lèi
1647/3500,迷,U+8FF7,mí
1648/3500,籽,U+7C7D,zǐ
1649/3500,娄,U+5A04,lóu
1650/3500,前,U+524D,qián
1651/3500,首,U+9996,shǒu
1652/3500,逆,U+9006,nì
1653/3500,兹,U+5179,cí，zī
1654/3500,总,U+603B,zǒng
1655/3500,炼,U+70BC,liàn
1656/3500,炸,U+70B8,zhá，zhà
1657/3500,烁,U+70C1,shuò
1658/3500,炮,U+70AE,bāo，páo，pào
1659/3500,炫,U+70AB,xuàn
1660/3500,烂,U+70C2,làn
1661/3500,剃,U+5243,tì
1662/3500,洼,U+6D3C,wā
1663/3500,洁,U+6D01,jié
1664/3500,洪,U+6D2A,hóng
1665/3500,洒,U+6D12,sǎ
1666/3500,柒,U+67D2,qī
1667/3500,浇,U+6D47,jiāo
1668/3500,浊,U+6D4A,zhuó
1669/3500,洞,U+6D1E,dòng，tóng
1670/3500,测,U+6D4B,cè
1671/3500,洗,U+6D17,xǐ，xiǎn
1672/3500,活,U+6D3B,huó
1673/3500,派,U+6D3E,pài
1674/3500,洽,U+6D3D,qià
1675/3500,染,U+67D3,rǎn
1676/3500,洛,U+6D1B,luò
1677/3500,浏,U+6D4F,liú
1678/3500,济,U+6D4E,jǐ，jì
1679/3500,洋,U+6D0B,yáng
1680/3500,洲,U+6D32,zhōu
1681/3500,浑,U+6D51,hún
1682/3500,浓,U+6D53,nóng
1683/3500,津,U+6D25,jīn
1684/3500,恃,U+6043,shì
1685/3500,恒,U+6052,héng
1686/3500,恢,U+6062,huī
1687/3500,恍,U+604D,huǎng
1688/3500,恬,U+606C,tián
1689/3500,恤,U+6064,xù
1690/3500,恰,U+6070,qià
1691/3500,恼,U+607C,nǎo
1692/3500,恨,U+6068,hèn
1693/3500,举,U+4E3E,jǔ
1694/3500,觉,U+89C9,jiào，jué
1695/3500,宣,U+5BA3,xuān
1696/3500,宦,U+5BA6,huàn
1697/3500,室,U+5BA4,shì
1698/3500,宫,U+5BAB,gōng
1699/3500,宪,U+5BAA,xiàn
1700/3500,突,U+7A81,tū
1701/3500,穿,U+7A7F,chuān
1702/3500,窃,U+7A83,qiè
1703/3500,客,U+5BA2,kè
1704/3500,诫,U+8BEB,jiè
1705/3500,冠,U+51A0,guān，guàn
1706/3500,诬,U+8BEC,wū
1707/3500,语,U+8BED,yǔ
1708/3500,扁,U+6241,biǎn，piān
1709/3500,袄,U+8884,ǎo
1710/3500,祖,U+7956,zǔ
1711/3500,神,U+795E,shén
1712/3500,祝,U+795D,zhù
1713/3500,祠,U+7960,cí
1714/3500,误,U+8BEF,wù
1715/3500,诱,U+8BF1,yòu
1716/3500,诲,U+8BF2,huì
1717/3500,说,U+8BF4,shuì，shuō
1718/3500,诵,U+8BF5,sòng
1719/3500,垦,U+57A6,kěn
1720/3500,退,U+9000,tuì
1721/3500,既,U+65E2,jì
1722/3500,屋,U+5C4B,wū
1723/3500,昼,U+663C,zhòu
1724/3500,屏,U+5C4F,bǐng，píng
1725/3500,屎,U+5C4E,shǐ
1726/3500,费,U+8D39,fèi
1727/3500,陡,U+9661,dǒu
1728/3500,逊,U+900A,xùn
1729/3500,眉,U+7709,méi
1730/3500,孩,U+5B69,hái
1731/3500,陨,U+9668,yǔn
1732/3500,除,U+9664,chú
1733/3500,险,U+9669,xiǎn
1734/3500,院,U+9662,yuàn
1735/3500,娃,U+5A03,wá
1736/3500,姥,U+59E5,lǎo
1737/3500,姨,U+59E8,yí
1738/3500,姻,U+59FB,yīn
1739/3500,娇,U+5A07,jiāo
1740/3500,姚,U+59DA,yáo
1741/3500,娜,U+5A1C,nà，nuó
1742/3500,怒,U+6012,nù
1743/3500,架,U+67B6,jià
1744/3500,贺,U+8D3A,hè
1745/3500,盈,U+76C8,yíng
1746/3500,勇,U+52C7,yǒng
1747/3500,怠,U+6020,dài
1748/3500,癸,U+7678,guǐ
1749/3500,蚤,U+86A4,zǎo
1750/3500,柔,U+67D4,róu
1751/3500,垒,U+5792,lěi
1752/3500,绑,U+7ED1,bǎng
1753/3500,绒,U+7ED2,róng
1754/3500,结,U+7ED3,jiē，jié
1755/3500,绕,U+7ED5,rào
1756/3500,骄,U+9A84,jiāo
1757/3500,绘,U+7ED8,huì
1758/3500,给,U+7ED9,gěi，jǐ
1759/3500,绚,U+7EDA,xuàn
1760/3500,骆,U+9A86,luò
1761/3500,络,U+7EDC,lào，luò
1762/3500,绝,U+7EDD,jué
1763/3500,绞,U+7EDE,jiǎo
1764/3500,骇,U+9A87,hài
1765/3500,统,U+7EDF,tǒng
1766/3500,耕,U+8015,gēng
1767/3500,耘,U+8018,yún
1768/3500,耗,U+8017,hào
1769/3500,耙,U+8019,bà，pá
1770/3500,艳,U+8273,yàn
1771/3500,泰,U+6CF0,tài
1772/3500,秦,U+79E6,qín
1773/3500,珠,U+73E0,zhū
1774/3500,班,U+73ED,bān
1775/3500,素,U+7D20,sù
1776/3500,匿,U+533F,nì
1777/3500,蚕,U+8695,cán
1778/3500,顽,U+987D,wán
1779/3500,盏,U+76CF,zhǎn
1780/3500,匪,U+532A,fěi
1781/3500,捞,U+635E,lāo
1782/3500,栽,U+683D,zāi
1783/3500,捕,U+6355,bǔ
1784/3500,埂,U+57C2,gěng
1785/3500,捂,U+6342,wǔ
1786/3500,振,U+632F,zhèn
1787/3500,载,U+8F7D,zǎi，zài
1788/3500,赶,U+8D76,gǎn
1789/3500,起,U+8D77,qǐ
1790/3500,盐,U+76D0,yán
1791/3500,捎,U+634E,shāo，shào
1792/3500,捍,U+634D,hàn
1793/3500,捏,U+634F,niē
1794/3500,埋,U+57CB,mái，mán
1795/3500,捉,U+6349,zhuō
1796/3500,捆,U+6346,kǔn
1797/3500,捐,U+6350,juān
1798/3500,损,U+635F,sǔn
1799/3500,袁,U+8881,yuán
1800/3500,捌,U+634C,bā
1801/3500,都,U+90FD,dōu，dū
1802/3500,哲,U+54F2,zhé
1803/3500,逝,U+901D,shì
1804/3500,捡,U+6361,jiǎn
1805/3500,挫,U+632B,cuò
1806/3500,换,U+6362,huàn
1807/3500,挽,U+633D,wǎn
1808/3500,挚,U+631A,zhì
1809/3500,热,U+70ED,rè
1810/3500,恐,U+6050,kǒng
1811/3500,捣,U+6363,dǎo
1812/3500,壶,U+58F6,hú
1813/3500,捅,U+6345,tǒng
1814/3500,埃,U+57C3,āi
1815/3500,挨,U+6328,āi，ái
1816/3500,耻,U+803B,chǐ
1817/3500,耿,U+803F,gěng
1818/3500,耽,U+803D,dān
1819/3500,聂,U+8042,niè
1820/3500,恭,U+606D,gōng
1821/3500,莽,U+83BD,mǎng
1822/3500,莱,U+83B1,lái
1823/3500,莲,U+83B2,lián
1824/3500,莫,U+83AB,mò
1825/3500,莉,U+8389,lì
1826/3500,荷,U+8377,hé，hè
1827/3500,获,U+83B7,huò
1828/3500,晋,U+664B,jìn
1829/3500,恶,U+6076,ě，è，wù
1830/3500,莹,U+83B9,yíng
1831/3500,莺,U+83BA,yīng
1832/3500,真,U+771F,zhēn
1833/3500,框,U+6846,kuàng
1834/3500,梆,U+6886,bāng
1835/3500,桂,U+6842,guì
1836/3500,桔,U+6854,jié
1837/3500,栖,U+6816,qī
1838/3500,档,U+6863,dàng
1839/3500,桐,U+6850,tóng
1840/3500,株,U+682A,zhū
1841/3500,桥,U+6865,qiáo
1842/3500,桦,U+6866,huà
1843/3500,栓,U+6813,shuān
1844/3500,桃,U+6843,táo
1845/3500,格,U+683C,gé
1846/3500,桩,U+6869,zhuāng
1847/3500,校,U+6821,jiào，xiào
1848/3500,核,U+6838,hé，hú
1849/3500,样,U+6837,yàng
1850/3500,根,U+6839,gēn
1851/3500,索,U+7D22,suǒ
1852/3500,哥,U+54E5,gē
1853/3500,速,U+901F,sù
1854/3500,逗,U+9017,dòu
1855/3500,栗,U+6817,lì
1856/3500,贾,U+8D3E,gǔ，jiǎ
1857/3500,酌,U+914C,zhuó
1858/3500,配,U+914D,pèi
1859/3500,翅,U+7FC5,chì
1860/3500,辱,U+8FB1,rǔ
1861/3500,唇,U+5507,chún
1862/3500,夏,U+590F,xià
1863/3500,砸,U+7838,zá
1864/3500,砰,U+7830,pēng
1865/3500,砾,U+783E,lì
1866/3500,础,U+7840,chǔ
1867/3500,破,U+7834,pò
1868/3500,原,U+539F,yuán
1869/3500,套,U+5957,tào
1870/3500,逐,U+9010,zhú
1871/3500,烈,U+70C8,liè
1872/3500,殊,U+6B8A,shū
1873/3500,殉,U+6B89,xùn
1874/3500,顾,U+987E,gù
1875/3500,轿,U+8F7F,jiào
1876/3500,较,U+8F83,jiào
1877/3500,顿,U+987F,dùn
1878/3500,毙,U+6BD9,bì
1879/3500,致,U+81F4,zhì
1880/3500,柴,U+67F4,chái
1881/3500,桌,U+684C,zhuō
1882/3500,虑,U+8651,lǜ
1883/3500,监,U+76D1,jiān，jiàn
1884/3500,紧,U+7D27,jǐn
1885/3500,党,U+515A,dǎng
1886/3500,逞,U+901E,chěng
1887/3500,晒,U+6652,shài
1888/3500,眠,U+7720,mián
1889/3500,晓,U+6653,xiǎo
1890/3500,哮,U+54EE,xiào
1891/3500,唠,U+5520,láo，lào
1892/3500,鸭,U+9E2D,yā
1893/3500,晃,U+6643,huǎng，huàng
1894/3500,哺,U+54FA,bǔ
1895/3500,晌,U+664C,shǎng
1896/3500,剔,U+5254,tī
1897/3500,晕,U+6655,yūn，yùn
1898/3500,蚌,U+868C,bàng，bèng
1899/3500,畔,U+7554,pàn
1900/3500,蚣,U+86A3,gōng
1901/3500,蚊,U+868A,wén
1902/3500,蚪,U+86AA,dǒu
1903/3500,蚓,U+8693,yǐn
1904/3500,哨,U+54E8,shào
1905/3500,哩,U+54E9,lī，li
1906/3500,圃,U+5703,pǔ
1907/3500,哭,U+54ED,kū
1908/3500,哦,U+54E6,é，ó，ò
1909/3500,恩,U+6069,ēn
1910/3500,鸯,U+9E2F,yāng
1911/3500,唤,U+5524,huàn
1912/3500,唁,U+5501,yàn
1913/3500,哼,U+54FC,hēng，hng
1914/3500,唧,U+5527,jī
1915/3500,啊,U+554A,ā，á，ǎ，à，a
1916/3500,唉,U+5509,āi，ài
1917/3500,唆,U+5506,suō
1918/3500,罢,U+7F62,bà，ba
1919/3500,峭,U+5CED,qiào
1920/3500,峨,U+5CE8,é
1921/3500,峰,U+5CF0,fēng
1922/3500,圆,U+5706,yuán
1923/3500,峻,U+5CFB,jùn
1924/3500,贼,U+8D3C,zéi
1925/3500,贿,U+8D3F,huì
1926/3500,赂,U+8D42,lù
1927/3500,赃,U+8D43,zāng
1928/3500,钱,U+94B1,qián
1929/3500,钳,U+94B3,qián
1930/3500,钻,U+94BB,zuān，zuàn
1931/3500,钾,U+94BE,jiǎ
1932/3500,铁,U+94C1,tiě
1933/3500,铃,U+94C3,líng
1934/3500,铅,U+94C5,qiān，yán
1935/3500,缺,U+7F3A,quē
1936/3500,氧,U+6C27,yǎng
1937/3500,氨,U+6C28,ān
1938/3500,特,U+7279,tè
1939/3500,牺,U+727A,xī
1940/3500,造,U+9020,zào
1941/3500,乘,U+4E58,chéng
1942/3500,敌,U+654C,dí
1943/3500,秤,U+79E4,chèng
1944/3500,租,U+79DF,zū
1945/3500,积,U+79EF,jī
1946/3500,秧,U+79E7,yāng
1947/3500,秩,U+79E9,zhì
1948/3500,称,U+79F0,chèn，chēng
1949/3500,秘,U+79D8,bì，mì
1950/3500,透,U+900F,tòu
1951/3500,笔,U+7B14,bǐ
1952/3500,笑,U+7B11,xiào
1953/3500,笋,U+7B0B,sǔn
1954/3500,债,U+503A,zhài
1955/3500,借,U+501F,jiè
1956/3500,值,U+503C,zhí
1957/3500,倚,U+501A,yǐ
1958/3500,俺,U+4FFA,ǎn
1959/3500,倾,U+503E,qīng
1960/3500,倒,U+5012,dǎo，dào
1961/3500,倘,U+5018,tǎng
1962/3500,俱,U+4FF1,jū，jù
1963/3500,倡,U+5021,chàng
1964/3500,候,U+5019,hòu
1965/3500,赁,U+8D41,lìn
1966/3500,俯,U+4FEF,fǔ
1967/3500,倍,U+500D,bèi
1968/3500,倦,U+5026,juàn
1969/3500,健,U+5065,jiàn
1970/3500,臭,U+81ED,chòu，xiù
1971/3500,射,U+5C04,shè
1972/3500,躬,U+8EAC,gōng
1973/3500,息,U+606F,xī
1974/3500,倔,U+5014,jué，juè
1975/3500,徒,U+5F92,tú
1976/3500,徐,U+5F90,xú
1977/3500,殷,U+6BB7,yān，yīn
1978/3500,舰,U+8230,jiàn
1979/3500,舱,U+8231,cāng
1980/3500,般,U+822C,bān
1981/3500,航,U+822A,háng
1982/3500,途,U+9014,tú
1983/3500,拿,U+62FF,ná
1984/3500,耸,U+8038,sǒng
1985/3500,爹,U+7239,diē
1986/3500,舀,U+8200,yǎo
1987/3500,爱,U+7231,ài
1988/3500,豺,U+8C7A,chái
1989/3500,豹,U+8C79,bào
1990/3500,颁,U+9881,bān
1991/3500,颂,U+9882,sòng
1992/3500,翁,U+7FC1,wēng
1993/3500,胰,U+80F0,yí
1994/3500,脆,U+8106,cuì
1995/3500,脂,U+8102,zhī
1996/3500,胸,U+80F8,xiōng
1997/3500,胳,U+80F3,gē，gé
1998/3500,脏,U+810F,zāng，zàng
1999/3500,脐,U+8110,qí
2000/3500,胶,U+80F6,jiāo
2001/3500,脑,U+8111,nǎo
2002/3500,脓,U+8113,nóng
2003/3500,逛,U+901B,guàng
2004/3500,狸,U+72F8,lí
2005/3500,狼,U+72FC,láng
2006/3500,卿,U+537F,qīng
2007/3500,逢,U+9022,féng
2008/3500,鸵,U+9E35,tuó
2009/3500,留,U+7559,liú
2010/3500,鸳,U+9E33,yuān
2011/3500,皱,U+76B1,zhòu
2012/3500,饿,U+997F,è
2013/3500,馁,U+9981,něi
2014/3500,凌,U+51CC,líng
2015/3500,凄,U+51C4,qī
2016/3500,恋,U+604B,liàn
2017/3500,桨,U+6868,jiǎng
2018/3500,浆,U+6D46,jiāng，jiàng
2019/3500,衰,U+8870,shuāi
2020/3500,衷,U+8877,zhōng
2021/3500,高,U+9AD8,gāo
2022/3500,郭,U+90ED,guō
2023/3500,席,U+5E2D,xí
2024/3500,准,U+51C6,zhǔn
2025/3500,座,U+5EA7,zuò
2026/3500,症,U+75C7,zhēng，zhèng
2027/3500,病,U+75C5,bìng
2028/3500,疾,U+75BE,jí
2029/3500,斋,U+658B,zhāi
2030/3500,疹,U+75B9,zhěn
2031/3500,疼,U+75BC,téng
2032/3500,疲,U+75B2,pí
2033/3500,脊,U+810A,jǐ
2034/3500,效,U+6548,xiào
2035/3500,离,U+79BB,lí
2036/3500,紊,U+7D0A,wěn
2037/3500,唐,U+5510,táng
2038/3500,瓷,U+74F7,cí
2039/3500,资,U+8D44,zī
2040/3500,凉,U+51C9,liáng，liàng
2041/3500,站,U+7AD9,zhàn
2042/3500,剖,U+5256,pōu
2043/3500,竞,U+7ADE,jìng
2044/3500,部,U+90E8,bù
2045/3500,旁,U+65C1,páng
2046/3500,旅,U+65C5,lǚ
2047/3500,畜,U+755C,chù，xù
2048/3500,阅,U+9605,yuè
2049/3500,羞,U+7F9E,xiū
2050/3500,羔,U+7F94,gāo
2051/3500,瓶,U+74F6,píng
2052/3500,拳,U+62F3,quán
2053/3500,粉,U+7C89,fěn
2054/3500,料,U+6599,liào
2055/3500,益,U+76CA,yì
2056/3500,兼,U+517C,jiān
2057/3500,烤,U+70E4,kǎo
2058/3500,烘,U+70D8,hōng
2059/3500,烦,U+70E6,fán
2060/3500,烧,U+70E7,shāo
2061/3500,烛,U+70DB,zhú
2062/3500,烟,U+70DF,yān
2063/3500,烙,U+70D9,lào，luò
2064/3500,递,U+9012,dì
2065/3500,涛,U+6D9B,tāo
2066/3500,浙,U+6D59,zhè
2067/3500,涝,U+6D9D,lào
2068/3500,浦,U+6D66,pǔ
2069/3500,酒,U+9152,jiǔ
2070/3500,涉,U+6D89,shè
2071/3500,消,U+6D88,xiāo
2072/3500,涡,U+6DA1,guō，wō
2073/3500,浩,U+6D69,hào
2074/3500,海,U+6D77,hǎi
2075/3500,涂,U+6D82,tú
2076/3500,浴,U+6D74,yù
2077/3500,浮,U+6D6E,fú
2078/3500,涣,U+6DA3,huàn
2079/3500,涤,U+6DA4,dí
2080/3500,流,U+6D41,liú
2081/3500,润,U+6DA6,rùn
2082/3500,涧,U+6DA7,jiàn
2083/3500,涕,U+6D95,tì
2084/3500,浪,U+6D6A,làng
2085/3500,浸,U+6D78,jìn
2086/3500,涨,U+6DA8,zhǎng，zhàng
2087/3500,烫,U+70EB,tàng
2088/3500,涩,U+6DA9,sè
2089/3500,涌,U+6D8C,chōng，yǒng
2090/3500,悖,U+6096,bèi
2091/3500,悟,U+609F,wù
2092/3500,悄,U+6084,qiāo，qiǎo
2093/3500,悍,U+608D,hàn
2094/3500,悔,U+6094,huǐ
2095/3500,悯,U+60AF,mǐn
2096/3500,悦,U+60A6,yuè
2097/3500,害,U+5BB3,hài
2098/3500,宽,U+5BBD,kuān
2099/3500,家,U+5BB6,jiā，jia
2100/3500,宵,U+5BB5,xiāo
2101/3500,宴,U+5BB4,yàn
2102/3500,宾,U+5BBE,bīn
2103/3500,窍,U+7A8D,qiào
2104/3500,窄,U+7A84,zhǎi
2105/3500,容,U+5BB9,róng
2106/3500,宰,U+5BB0,zǎi
2107/3500,案,U+6848,àn
2108/3500,请,U+8BF7,qǐng
2109/3500,朗,U+6717,lǎng
2110/3500,诸,U+8BF8,zhū
2111/3500,诺,U+8BFA,nuò
2112/3500,读,U+8BFB,dòu，dú
2113/3500,扇,U+6247,shān，shàn
2114/3500,诽,U+8BFD,fěi
2115/3500,袜,U+889C,wà
2116/3500,袖,U+8896,xiù
2117/3500,袍,U+888D,páo
2118/3500,被,U+88AB,bèi
2119/3500,祥,U+7965,xiáng
2120/3500,课,U+8BFE,kè
2121/3500,冥,U+51A5,míng
2122/3500,谁,U+8C01,shéi，shuí
2123/3500,调,U+8C03,diào，tiáo
2124/3500,冤,U+51A4,yuān
2125/3500,谅,U+8C05,liàng
2126/3500,谆,U+8C06,zhūn
2127/3500,谈,U+8C08,tán
2128/3500,谊,U+8C0A,yì
2129/3500,剥,U+5265,bāo，bō
2130/3500,恳,U+6073,kěn
2131/3500,展,U+5C55,zhǎn
2132/3500,剧,U+5267,jù
2133/3500,屑,U+5C51,xiè
2134/3500,弱,U+5F31,ruò
2135/3500,陵,U+9675,líng
2136/3500,祟,U+795F,suì
2137/3500,陶,U+9676,táo
2138/3500,陷,U+9677,xiàn
2139/3500,陪,U+966A,péi
2140/3500,娱,U+5A31,yú
2141/3500,娟,U+5A1F,juān
2142/3500,恕,U+6055,shù
2143/3500,娥,U+5A25,é
2144/3500,娘,U+5A18,niáng
2145/3500,通,U+901A,tōng，tòng
2146/3500,能,U+80FD,néng
2147/3500,难,U+96BE,nán，nàn
2148/3500,预,U+9884,yù
2149/3500,桑,U+6851,sāng
2150/3500,绢,U+7EE2,juàn
2151/3500,绣,U+7EE3,xiù
2152/3500,验,U+9A8C,yàn
2153/3500,继,U+7EE7,jì
2154/3500,骏,U+9A8F,jùn
2155/3500,球,U+7403,qiú
2156/3500,琐,U+7410,suǒ
2157/3500,理,U+7406,lǐ
2158/3500,琉,U+7409,liú
2159/3500,琅,U+7405,láng
2160/3500,捧,U+6367,pěng
2161/3500,堵,U+5835,dǔ
2162/3500,措,U+63AA,cuò
2163/3500,描,U+63CF,miáo
2164/3500,域,U+57DF,yù
2165/3500,捺,U+637A,nà
2166/3500,掩,U+63A9,yǎn
2167/3500,捷,U+6377,jié
2168/3500,排,U+6392,pái，pǎi
2169/3500,焉,U+7109,yān
2170/3500,掉,U+6389,diào
2171/3500,捶,U+6376,chuí
2172/3500,赦,U+8D66,shè
2173/3500,堆,U+5806,duī
2174/3500,推,U+63A8,tuī
2175/3500,埠,U+57E0,bù
2176/3500,掀,U+6380,xiān
2177/3500,授,U+6388,shòu
2178/3500,捻,U+637B,niǎn
2179/3500,教,U+6559,jiāo，jiào
2180/3500,掏,U+638F,tāo
2181/3500,掐,U+6390,qiā
2182/3500,掠,U+63A0,lüè
2183/3500,掂,U+6382,diān
2184/3500,培,U+57F9,péi
2185/3500,接,U+63A5,jiē
2186/3500,掷,U+63B7,zhì
2187/3500,控,U+63A7,kòng
2188/3500,探,U+63A2,tàn
2189/3500,据,U+636E,jū，jù
2190/3500,掘,U+6398,jué
2191/3500,掺,U+63BA,chān
2192/3500,职,U+804C,zhí
2193/3500,基,U+57FA,jī
2194/3500,聆,U+8046,líng
2195/3500,勘,U+52D8,kān
2196/3500,聊,U+804A,liáo
2197/3500,娶,U+5A36,qǔ
2198/3500,著,U+8457,zhù，zhuó
2199/3500,菱,U+83F1,líng
2200/3500,勒,U+52D2,lè，lēi
2201/3500,黄,U+9EC4,huáng
2202/3500,菲,U+83F2,fēi，fěi
2203/3500,萌,U+840C,méng
2204/3500,萝,U+841D,luó
2205/3500,菌,U+83CC,jūn，jùn
2206/3500,萎,U+840E,wěi
2207/3500,菜,U+83DC,cài
2208/3500,萄,U+8404,táo
2209/3500,菊,U+83CA,jú
2210/3500,菩,U+83E9,pú
2211/3500,萍,U+840D,píng
2212/3500,菠,U+83E0,bō
2213/3500,萤,U+8424,yíng
2214/3500,营,U+8425,yíng
2215/3500,乾,U+4E7E,qián
2216/3500,萧,U+8427,xiāo
2217/3500,萨,U+8428,sà
2218/3500,菇,U+83C7,gū
2219/3500,械,U+68B0,xiè
2220/3500,彬,U+5F6C,bīn
2221/3500,梦,U+68A6,mèng
2222/3500,婪,U+5A6A,lán
2223/3500,梗,U+6897,gěng
2224/3500,梧,U+68A7,wú
2225/3500,梢,U+68A2,shāo
2226/3500,梅,U+6885,méi
2227/3500,检,U+68C0,jiǎn
2228/3500,梳,U+68B3,shū
2229/3500,梯,U+68AF,tī
2230/3500,桶,U+6876,tǒng
2231/3500,梭,U+68AD,suō
2232/3500,救,U+6551,jiù
2233/3500,曹,U+66F9,cáo
2234/3500,副,U+526F,fù
2235/3500,票,U+7968,piào
2236/3500,酝,U+915D,yùn
2237/3500,酗,U+9157,xù
2238/3500,厢,U+53A2,xiāng
2239/3500,戚,U+621A,qī
2240/3500,硅,U+7845,guī
2241/3500,硕,U+7855,shuò
2242/3500,奢,U+5962,shē
2243/3500,盔,U+76D4,kuī
2244/3500,爽,U+723D,shuǎng
2245/3500,聋,U+804B,lóng
2246/3500,袭,U+88AD,xí
2247/3500,盛,U+76DB,chéng，shèng
2248/3500,匾,U+533E,biǎn
2249/3500,雪,U+96EA,xuě
2250/3500,辅,U+8F85,fǔ
2251/3500,辆,U+8F86,liàng
2252/3500,颅,U+9885,lú
2253/3500,虚,U+865A,xū
2254/3500,彪,U+5F6A,biāo
2255/3500,雀,U+96C0,qiāo，qiǎo，què
2256/3500,堂,U+5802,táng
2257/3500,常,U+5E38,cháng
2258/3500,眶,U+7736,kuàng
2259/3500,匙,U+5319,chí，shi
2260/3500,晨,U+6668,chén
2261/3500,睁,U+7741,zhēng
2262/3500,眯,U+772F,mī，mí
2263/3500,眼,U+773C,yǎn
2264/3500,悬,U+60AC,xuán
2265/3500,野,U+91CE,yě
2266/3500,啪,U+556A,pā
2267/3500,啦,U+5566,lā，la
2268/3500,曼,U+66FC,màn
2269/3500,晦,U+6666,huì
2270/3500,晚,U+665A,wǎn
2271/3500,啄,U+5544,zhuó
2272/3500,啡,U+5561,fēi
2273/3500,距,U+8DDD,jù
2274/3500,趾,U+8DBE,zhǐ
2275/3500,啃,U+5543,kěn
2276/3500,跃,U+8DC3,yuè
2277/3500,略,U+7565,lüè
2278/3500,蚯,U+86AF,qiū
2279/3500,蛀,U+86C0,zhù
2280/3500,蛇,U+86C7,shé
2281/3500,唬,U+552C,hǔ
2282/3500,累,U+7D2F,léi，lěi，lèi
2283/3500,鄂,U+9102,è
2284/3500,唱,U+5531,chàng
2285/3500,患,U+60A3,huàn
2286/3500,啰,U+5570,luō，luó，luo
2287/3500,唾,U+553E,tuò
2288/3500,唯,U+552F,wéi
2289/3500,啤,U+5564,pí
2290/3500,啥,U+5565,shá
2291/3500,啸,U+5578,xiào
2292/3500,崖,U+5D16,yá
2293/3500,崎,U+5D0E,qí
2294/3500,崭,U+5D2D,zhǎn
2295/3500,逻,U+903B,luó
2296/3500,崔,U+5D14,cuī
2297/3500,帷,U+5E37,wéi
2298/3500,崩,U+5D29,bēng
2299/3500,崇,U+5D07,chóng
2300/3500,崛,U+5D1B,jué
2301/3500,婴,U+5A74,yīng
2302/3500,圈,U+5708,juān，juàn，quān
2303/3500,铐,U+94D0,kào
2304/3500,铛,U+94DB,chēng，dāng
2305/3500,铝,U+94DD,lǚ
2306/3500,铜,U+94DC,tóng
2307/3500,铭,U+94ED,míng
2308/3500,铲,U+94F2,chǎn
2309/3500,银,U+94F6,yín
2310/3500,矫,U+77EB,jiáo，jiǎo
2311/3500,甜,U+751C,tián
2312/3500,秸,U+79F8,jiē
2313/3500,梨,U+68A8,lí
2314/3500,犁,U+7281,lí
2315/3500,秽,U+79FD,huì
2316/3500,移,U+79FB,yí
2317/3500,笨,U+7B28,bèn
2318/3500,笼,U+7B3C,lóng，lǒng
2319/3500,笛,U+7B1B,dí
2320/3500,笙,U+7B19,shēng
2321/3500,符,U+7B26,fú
2322/3500,第,U+7B2C,dì
2323/3500,敏,U+654F,mǐn
2324/3500,做,U+505A,zuò
2325/3500,袋,U+888B,dài
2326/3500,悠,U+60A0,yōu
2327/3500,偿,U+507F,cháng
2328/3500,偶,U+5076,ǒu
2329/3500,偎,U+504E,wēi
2330/3500,偷,U+5077,tōu
2331/3500,您,U+60A8,nín
2332/3500,售,U+552E,shòu
2333/3500,停,U+505C,tíng
2334/3500,偏,U+504F,piān
2335/3500,躯,U+8EAF,qū
2336/3500,兜,U+515C,dōu
2337/3500,假,U+5047,jiǎ，jià
2338/3500,衅,U+8845,xìn
2339/3500,徘,U+5F98,pái
2340/3500,徙,U+5F99,xǐ
2341/3500,得,U+5F97,dé，de，děi
2342/3500,衔,U+8854,xián
2343/3500,盘,U+76D8,pán
2344/3500,舶,U+8236,bó
2345/3500,船,U+8239,chuán
2346/3500,舵,U+8235,duò
2347/3500,斜,U+659C,xié
2348/3500,盒,U+76D2,hé
2349/3500,鸽,U+9E3D,gē
2350/3500,敛,U+655B,liǎn
2351/3500,悉,U+6089,xī
2352/3500,欲,U+6B32,yù
2353/3500,彩,U+5F69,cǎi
2354/3500,领,U+9886,lǐng
2355/3500,脚,U+811A,jiǎo
2356/3500,脖,U+8116,bó
2357/3500,脯,U+812F,fǔ，pú
2358/3500,豚,U+8C5A,tún
2359/3500,脸,U+8138,liǎn
2360/3500,脱,U+8131,tuō
2361/3500,象,U+8C61,xiàng
2362/3500,够,U+591F,gòu
2363/3500,逸,U+9038,yì
2364/3500,猜,U+731C,cāi
2365/3500,猪,U+732A,zhū
2366/3500,猎,U+730E,liè
2367/3500,猫,U+732B,māo
2368/3500,凰,U+51F0,huáng
2369/3500,猖,U+7316,chāng
2370/3500,猛,U+731B,měng
2371/3500,祭,U+796D,jì，zhài
2372/3500,馅,U+9985,xiàn
2373/3500,馆,U+9986,guǎn
2374/3500,凑,U+51D1,còu
2375/3500,减,U+51CF,jiǎn
2376/3500,毫,U+6BEB,háo
2377/3500,烹,U+70F9,pēng
2378/3500,庶,U+5EB6,shù
2379/3500,麻,U+9EBB,má
2380/3500,庵,U+5EB5,ān
2381/3500,痊,U+75CA,quán
2382/3500,痒,U+75D2,yǎng
2383/3500,痕,U+75D5,hén
2384/3500,廊,U+5ECA,láng
2385/3500,康,U+5EB7,kāng
2386/3500,庸,U+5EB8,yōng
2387/3500,鹿,U+9E7F,lù
2388/3500,盗,U+76D7,dào
2389/3500,章,U+7AE0,zhāng
2390/3500,竟,U+7ADF,jìng
2391/3500,商,U+5546,shāng
2392/3500,族,U+65CF,zú
2393/3500,旋,U+65CB,xuán，xuàn
2394/3500,望,U+671B,wàng
2395/3500,率,U+7387,lǜ，shuài
2396/3500,阎,U+960E,yán
2397/3500,阐,U+9610,chǎn
2398/3500,着,U+7740,zhāo，zháo，zhe，zhuó
2399/3500,羚,U+7F9A,líng
2400/3500,盖,U+76D6,gài，gě
2401/3500,眷,U+7737,juàn
2402/3500,粘,U+7C98,nián，zhān
2403/3500,粗,U+7C97,cū
2404/3500,粒,U+7C92,lì
2405/3500,断,U+65AD,duàn
2406/3500,剪,U+526A,jiǎn
2407/3500,兽,U+517D,shòu
2408/3500,焊,U+710A,hàn
2409/3500,焕,U+7115,huàn
2410/3500,清,U+6E05,qīng
2411/3500,添,U+6DFB,tiān
2412/3500,鸿,U+9E3F,hóng
2413/3500,淋,U+6DCB,lín，lìn
2414/3500,涯,U+6DAF,yá
2415/3500,淹,U+6DF9,yān
2416/3500,渠,U+6E20,qú
2417/3500,渐,U+6E10,jiàn
2418/3500,淑,U+6DD1,shū
2419/3500,淌,U+6DCC,tǎng
2420/3500,混,U+6DF7,hùn
2421/3500,淮,U+6DEE,huái
2422/3500,淆,U+6DC6,xiáo
2423/3500,渊,U+6E0A,yuān
2424/3500,淫,U+6DEB,yín
2425/3500,渔,U+6E14,yú
2426/3500,淘,U+6DD8,táo
2427/3500,淳,U+6DF3,chún
2428/3500,液,U+6DB2,yè
2429/3500,淤,U+6DE4,yū
2430/3500,淡,U+6DE1,dàn
2431/3500,淀,U+6DC0,diàn
2432/3500,深,U+6DF1,shēn
2433/3500,涮,U+6DAE,shuàn
2434/3500,涵,U+6DB5,hán
2435/3500,婆,U+5A46,pó
2436/3500,梁,U+6881,liáng
2437/3500,渗,U+6E17,shèn
2438/3500,情,U+60C5,qíng
2439/3500,惜,U+60DC,xī
2440/3500,惭,U+60ED,cán
2441/3500,悼,U+60BC,dào
2442/3500,惧,U+60E7,jù
2443/3500,惕,U+60D5,tì
2444/3500,惟,U+60DF,wéi
2445/3500,惊,U+60CA,jīng
2446/3500,惦,U+60E6,diàn
2447/3500,悴,U+60B4,cuì
2448/3500,惋,U+60CB,wǎn
2449/3500,惨,U+60E8,cǎn
2450/3500,惯,U+60EF,guàn
2451/3500,寇,U+5BC7,kòu
2452/3500,寅,U+5BC5,yín
2453/3500,寄,U+5BC4,jì
2454/3500,寂,U+5BC2,jì
2455/3500,宿,U+5BBF,sù，xiǔ，xiù
2456/3500,窒,U+7A92,zhì
2457/3500,窑,U+7A91,yáo
2458/3500,密,U+5BC6,mì
2459/3500,谋,U+8C0B,móu
2460/3500,谍,U+8C0D,dié
2461/3500,谎,U+8C0E,huǎng
2462/3500,谐,U+8C10,xié
2463/3500,袱,U+88B1,fú
2464/3500,祷,U+7977,dǎo
2465/3500,祸,U+7978,huò
2466/3500,谓,U+8C13,wèi
2467/3500,谚,U+8C1A,yàn
2468/3500,谜,U+8C1C,mí
2469/3500,逮,U+902E,dǎi，dài
2470/3500,敢,U+6562,gǎn
2471/3500,尉,U+5C09,wèi，yù
2472/3500,屠,U+5C60,tú
2473/3500,弹,U+5F39,dàn，tán
2474/3500,隋,U+968B,suí
2475/3500,堕,U+5815,duò
2476/3500,随,U+968F,suí
2477/3500,蛋,U+86CB,dàn
2478/3500,隅,U+9685,yú
2479/3500,隆,U+9686,lóng
2480/3500,隐,U+9690,yǐn
2481/3500,婚,U+5A5A,hūn
2482/3500,婶,U+5A76,shěn
2483/3500,婉,U+5A49,wǎn
2484/3500,颇,U+9887,pō
2485/3500,颈,U+9888,gěng，jǐng
2486/3500,绩,U+7EE9,jì
2487/3500,绪,U+7EEA,xù
2488/3500,续,U+7EED,xù
2489/3500,骑,U+9A91,qí
2490/3500,绰,U+7EF0,chāo，chuò
2491/3500,绳,U+7EF3,shéng
2492/3500,维,U+7EF4,wéi
2493/3500,绵,U+7EF5,mián
2494/3500,绷,U+7EF7,bēng，běng，bèng
2495/3500,绸,U+7EF8,chóu
2496/3500,综,U+7EFC,zèng，zōng
2497/3500,绽,U+7EFD,zhàn
2498/3500,绿,U+7EFF,lù，lǜ
2499/3500,缀,U+7F00,zhuì
2500/3500,巢,U+5DE2,cháo
2501/3500,琴,U+7434,qín
2502/3500,琳,U+7433,lín
2503/3500,琢,U+7422,zhuó，zuó
2504/3500,琼,U+743C,qióng
2505/3500,斑,U+6591,bān
2506/3500,替,U+66FF,tì
2507/3500,揍,U+63CD,zòu
2508/3500,款,U+6B3E,kuǎn
2509/3500,堪,U+582A,kān
2510/3500,塔,U+5854,tǎ
2511/3500,搭,U+642D,dā
2512/3500,堰,U+5830,yàn
2513/3500,揩,U+63E9,kāi
2514/3500,越,U+8D8A,yuè
2515/3500,趁,U+8D81,chèn
2516/3500,趋,U+8D8B,qū
2517/3500,超,U+8D85,chāo
2518/3500,揽,U+63FD,lǎn
2519/3500,堤,U+5824,dī
2520/3500,提,U+63D0,dī，tí
2521/3500,博,U+535A,bó
2522/3500,揭,U+63ED,jiē
2523/3500,喜,U+559C,xǐ
2524/3500,彭,U+5F6D,péng
2525/3500,揣,U+63E3,chuāi，chuǎi，chuài
2526/3500,插,U+63D2,chā
2527/3500,揪,U+63EA,jiū
2528/3500,搜,U+641C,sōu
2529/3500,煮,U+716E,zhǔ
2530/3500,援,U+63F4,yuán
2531/3500,搀,U+6400,chān
2532/3500,裁,U+88C1,cái
2533/3500,搁,U+6401,gē，gé
2534/3500,搓,U+6413,cuō
2535/3500,搂,U+6402,lōu，lǒu
2536/3500,搅,U+6405,jiǎo
2537/3500,壹,U+58F9,yī
2538/3500,握,U+63E1,wò
2539/3500,搔,U+6414,sāo
2540/3500,揉,U+63C9,róu
2541/3500,斯,U+65AF,sī
2542/3500,期,U+671F,jī，qī
2543/3500,欺,U+6B3A,qī
2544/3500,联,U+8054,lián
2545/3500,葫,U+846B,hú
2546/3500,散,U+6563,sǎn，sàn
2547/3500,惹,U+60F9,rě
2548/3500,葬,U+846C,zàng
2549/3500,募,U+52DF,mù
2550/3500,葛,U+845B,gé，gě
2551/3500,董,U+8463,dǒng
2552/3500,葡,U+8461,pú
2553/3500,敬,U+656C,jìng
2554/3500,葱,U+8471,cōng
2555/3500,蒋,U+848B,jiǎng
2556/3500,蒂,U+8482,dì
2557/3500,落,U+843D,là，lào，luò
2558/3500,韩,U+97E9,hán
2559/3500,朝,U+671D,cháo，zhāo
2560/3500,辜,U+8F9C,gū
2561/3500,葵,U+8475,kuí
2562/3500,棒,U+68D2,bàng
2563/3500,棱,U+68F1,lēng，léng，líng
2564/3500,棋,U+68CB,qí
2565/3500,椰,U+6930,yē
2566/3500,植,U+690D,zhí
2567/3500,森,U+68EE,sēn
2568/3500,焚,U+711A,fén
2569/3500,椅,U+6905,yī，yǐ
2570/3500,椒,U+6912,jiāo
2571/3500,棵,U+68F5,kē
2572/3500,棍,U+68CD,gùn
2573/3500,椎,U+690E,zhuī
2574/3500,棉,U+68C9,mián
2575/3500,棚,U+68DA,péng
2576/3500,棕,U+68D5,zōng
2577/3500,棺,U+68FA,guān
2578/3500,榔,U+6994,láng
2579/3500,椭,U+692D,tuǒ
2580/3500,惠,U+60E0,huì
2581/3500,惑,U+60D1,huò
2582/3500,逼,U+903C,bī
2583/3500,粟,U+7C9F,sù
2584/3500,棘,U+68D8,jí
2585/3500,酣,U+9163,hān
2586/3500,酥,U+9165,sū
2587/3500,厨,U+53A8,chú
2588/3500,厦,U+53A6,shà，xià
2589/3500,硬,U+786C,yìng
2590/3500,硝,U+785D,xiāo
2591/3500,确,U+786E,què
2592/3500,硫,U+786B,liú
2593/3500,雁,U+96C1,yàn
2594/3500,殖,U+6B96,shi，zhí
2595/3500,裂,U+88C2,liè
2596/3500,雄,U+96C4,xióng
2597/3500,颊,U+988A,jiá
2598/3500,雳,U+96F3,lì
2599/3500,暂,U+6682,zàn
2600/3500,雅,U+96C5,yǎ
2601/3500,翘,U+7FD8,qiáo，qiào
2602/3500,辈,U+8F88,bèi
2603/3500,悲,U+60B2,bēi
2604/3500,紫,U+7D2B,zǐ
2605/3500,凿,U+51FF,záo
2606/3500,辉,U+8F89,huī
2607/3500,敞,U+655E,chǎng
2608/3500,棠,U+68E0,táng
2609/3500,赏,U+8D4F,shǎng
2610/3500,掌,U+638C,zhǎng
2611/3500,晴,U+6674,qíng
2612/3500,睐,U+7750,lài
2613/3500,暑,U+6691,shǔ
2614/3500,最,U+6700,zuì
2615/3500,晰,U+6670,xī
2616/3500,量,U+91CF,liáng，liàng
2617/3500,鼎,U+9F0E,dǐng
2618/3500,喷,U+55B7,pēn，pèn
2619/3500,喳,U+55B3,chā，zhā
2620/3500,晶,U+6676,jīng
2621/3500,喇,U+5587,lǎ
2622/3500,遇,U+9047,yù
2623/3500,喊,U+558A,hǎn
2624/3500,遏,U+904F,è
2625/3500,晾,U+667E,liàng
2626/3500,景,U+666F,jǐng
2627/3500,畴,U+7574,chóu
2628/3500,践,U+8DF5,jiàn
2629/3500,跋,U+8DCB,bá
2630/3500,跌,U+8DCC,diē
2631/3500,跑,U+8DD1,páo，pǎo
2632/3500,跛,U+8DDB,bǒ
2633/3500,遗,U+9057,yí
2634/3500,蛙,U+86D9,wā
2635/3500,蛛,U+86DB,zhū
2636/3500,蜓,U+8713,tíng
2637/3500,蜒,U+8712,yán
2638/3500,蛤,U+86E4,gé，há
2639/3500,喝,U+559D,hē，hè
2640/3500,鹃,U+9E43,juān
2641/3500,喂,U+5582,wèi
2642/3500,喘,U+5598,chuǎn
2643/3500,喉,U+5589,hóu
2644/3500,喻,U+55BB,yù
2645/3500,啼,U+557C,tí
2646/3500,喧,U+55A7,xuān
2647/3500,嵌,U+5D4C,qiàn
2648/3500,幅,U+5E45,fú
2649/3500,帽,U+5E3D,mào
2650/3500,赋,U+8D4B,fù
2651/3500,赌,U+8D4C,dǔ
2652/3500,赎,U+8D4E,shú
2653/3500,赐,U+8D50,cì
2654/3500,赔,U+8D54,péi
2655/3500,黑,U+9ED1,hēi
2656/3500,铸,U+94F8,zhù
2657/3500,铺,U+94FA,pū，pù
2658/3500,链,U+94FE,liàn
2659/3500,销,U+9500,xiāo
2660/3500,锁,U+9501,suǒ
2661/3500,锄,U+9504,chú
2662/3500,锅,U+9505,guō
2663/3500,锈,U+9508,xiù
2664/3500,锋,U+950B,fēng
2665/3500,锌,U+950C,xīn
2666/3500,锐,U+9510,ruì
2667/3500,甥,U+7525,shēng
2668/3500,掰,U+63B0,bāi
2669/3500,短,U+77ED,duǎn
2670/3500,智,U+667A,zhì
2671/3500,氮,U+6C2E,dàn
2672/3500,毯,U+6BEF,tǎn
2673/3500,氯,U+6C2F,lǜ
2674/3500,鹅,U+9E45,é
2675/3500,剩,U+5269,shèng
2676/3500,稍,U+7A0D,shāo，shào
2677/3500,程,U+7A0B,chéng
2678/3500,稀,U+7A00,xī
2679/3500,税,U+7A0E,shuì
2680/3500,筐,U+7B50,kuāng
2681/3500,等,U+7B49,děng
2682/3500,筑,U+7B51,zhù
2683/3500,策,U+7B56,cè
2684/3500,筛,U+7B5B,shāi
2685/3500,筒,U+7B52,tǒng
2686/3500,筏,U+7B4F,fá
2687/3500,答,U+7B54,dā，dá
2688/3500,筋,U+7B4B,jīn
2689/3500,筝,U+7B5D,zhēng
2690/3500,傲,U+50B2,ào
2691/3500,傅,U+5085,fù
2692/3500,牌,U+724C,pái
2693/3500,堡,U+5821,bǎo，bǔ，pù
2694/3500,集,U+96C6,jí
2695/3500,焦,U+7126,jiāo
2696/3500,傍,U+508D,bàng
2697/3500,储,U+50A8,chǔ
2698/3500,皓,U+7693,hào
2699/3500,皖,U+7696,wǎn
2700/3500,粤,U+7CA4,yuè
2701/3500,奥,U+5965,ào
2702/3500,街,U+8857,jiē
2703/3500,惩,U+60E9,chéng
2704/3500,御,U+5FA1,yù
2705/3500,循,U+5FAA,xún
2706/3500,艇,U+8247,tǐng
2707/3500,舒,U+8212,shū
2708/3500,逾,U+903E,yú
2709/3500,番,U+756A,fān，pān
2710/3500,释,U+91CA,shì
2711/3500,禽,U+79BD,qín
2712/3500,腊,U+814A,là
2713/3500,脾,U+813E,pí
2714/3500,腋,U+814B,yè
2715/3500,腔,U+8154,qiāng
2716/3500,腕,U+8155,wàn
2717/3500,鲁,U+9C81,lǔ
2718/3500,猩,U+7329,xīng
2719/3500,猬,U+732C,wèi
2720/3500,猾,U+733E,huá
2721/3500,猴,U+7334,hóu
2722/3500,惫,U+60EB,bèi
2723/3500,然,U+7136,rán
2724/3500,馈,U+9988,kuì
2725/3500,馋,U+998B,chán
2726/3500,装,U+88C5,zhuāng
2727/3500,蛮,U+86EE,mán
2728/3500,就,U+5C31,jiù
2729/3500,敦,U+6566,dūn
2730/3500,斌,U+658C,bīn
2731/3500,痘,U+75D8,dòu
2732/3500,痢,U+75E2,lì
2733/3500,痪,U+75EA,huàn
2734/3500,痛,U+75DB,tòng
2735/3500,童,U+7AE5,tóng
2736/3500,竣,U+7AE3,jùn
2737/3500,阔,U+9614,kuò
2738/3500,善,U+5584,shàn
2739/3500,翔,U+7FD4,xiáng
2740/3500,羡,U+7FA1,xiàn
2741/3500,普,U+666E,pǔ
2742/3500,粪,U+7CAA,fèn
2743/3500,尊,U+5C0A,zūn
2744/3500,奠,U+5960,diàn
2745/3500,道,U+9053,dào
2746/3500,遂,U+9042,suí，suì
2747/3500,曾,U+66FE,céng，zēng
2748/3500,焰,U+7130,yàn
2749/3500,港,U+6E2F,gǎng
2750/3500,滞,U+6EDE,zhì
2751/3500,湖,U+6E56,hú
2752/3500,湘,U+6E58,xiāng
2753/3500,渣,U+6E23,zhā
2754/3500,渤,U+6E24,bó
2755/3500,渺,U+6E3A,miǎo
2756/3500,湿,U+6E7F,shī
2757/3500,温,U+6E29,wēn
2758/3500,渴,U+6E34,kě
2759/3500,溃,U+6E83,huì，kuì
2760/3500,溅,U+6E85,jiàn
2761/3500,滑,U+6ED1,huá
2762/3500,湃,U+6E43,pài
2763/3500,渝,U+6E1D,yú
2764/3500,湾,U+6E7E,wān
2765/3500,渡,U+6E21,dù
2766/3500,游,U+6E38,yóu
2767/3500,滋,U+6ECB,zī
2768/3500,渲,U+6E32,xuàn
2769/3500,溉,U+6E89,gài
2770/3500,愤,U+6124,fèn
2771/3500,慌,U+614C,huāng
2772/3500,惰,U+60F0,duò
2773/3500,愕,U+6115,è
2774/3500,愣,U+6123,lèng
2775/3500,惶,U+60F6,huáng
2776/3500,愧,U+6127,kuì
2777/3500,愉,U+6109,yú
2778/3500,慨,U+6168,kǎi
2779/3500,割,U+5272,gē
2780/3500,寒,U+5BD2,hán
2781/3500,富,U+5BCC,fù
2782/3500,寓,U+5BD3,yù
2783/3500,窜,U+7A9C,cuàn
2784/3500,窝,U+7A9D,wō
2785/3500,窖,U+7A96,jiào
2786/3500,窗,U+7A97,chuāng
2787/3500,窘,U+7A98,jiǒng
2788/3500,遍,U+904D,biàn
2789/3500,雇,U+96C7,gù
2790/3500,裕,U+88D5,yù
2791/3500,裤,U+88E4,kù
2792/3500,裙,U+88D9,qún
2793/3500,禅,U+7985,chán，shàn
2794/3500,禄,U+7984,lù
2795/3500,谢,U+8C22,xiè
2796/3500,谣,U+8C23,yáo
2797/3500,谤,U+8C24,bàng
2798/3500,谦,U+8C26,qiān
2799/3500,犀,U+7280,xī
2800/3500,属,U+5C5E,shǔ
2801/3500,屡,U+5C61,lǚ
2802/3500,强,U+5F3A,jiàng，qiáng，qiǎng
2803/3500,粥,U+7CA5,zhōu
2804/3500,疏,U+758F,shū
2805/3500,隔,U+9694,gé
2806/3500,隙,U+9699,xì
2807/3500,隘,U+9698,ài
2808/3500,媒,U+5A92,méi
2809/3500,絮,U+7D6E,xù
2810/3500,嫂,U+5AC2,sǎo
2811/3500,媚,U+5A9A,mèi
2812/3500,婿,U+5A7F,xù
2813/3500,登,U+767B,dēng
2814/3500,缅,U+7F05,miǎn
2815/3500,缆,U+7F06,lǎn
2816/3500,缉,U+7F09,jī，qī
2817/3500,缎,U+7F0E,duàn
2818/3500,缓,U+7F13,huǎn
2819/3500,缔,U+7F14,dì
2820/3500,缕,U+7F15,lǚ
2821/3500,骗,U+9A97,piàn
2822/3500,编,U+7F16,biān
2823/3500,骚,U+9A9A,sāo
2824/3500,缘,U+7F18,yuán
2825/3500,瑟,U+745F,sè
2826/3500,鹉,U+9E49,wǔ
2827/3500,瑞,U+745E,ruì
2828/3500,瑰,U+7470,guī
2829/3500,瑙,U+7459,nǎo
2830/3500,魂,U+9B42,hún
2831/3500,肆,U+8086,sì
2832/3500,摄,U+6444,shè
2833/3500,摸,U+6478,mō
2834/3500,填,U+586B,tián
2835/3500,搏,U+640F,bó
2836/3500,塌,U+584C,tā
2837/3500,鼓,U+9F13,gǔ
2838/3500,摆,U+6446,bǎi
2839/3500,携,U+643A,xié
2840/3500,搬,U+642C,bān
2841/3500,摇,U+6447,yáo
2842/3500,搞,U+641E,gǎo
2843/3500,塘,U+5858,táng
2844/3500,摊,U+644A,tān
2845/3500,聘,U+8058,pìn
2846/3500,斟,U+659F,zhēn
2847/3500,蒜,U+849C,suàn
2848/3500,勤,U+52E4,qín
2849/3500,靴,U+9774,xuē
2850/3500,靶,U+9776,bǎ
2851/3500,鹊,U+9E4A,què
2852/3500,蓝,U+84DD,lán
2853/3500,墓,U+5893,mù
2854/3500,幕,U+5E55,mù
2855/3500,蓬,U+84EC,péng
2856/3500,蓄,U+84C4,xù
2857/3500,蒲,U+84B2,pú
2858/3500,蓉,U+84C9,róng
2859/3500,蒙,U+8499,mēng，méng，měng
2860/3500,蒸,U+84B8,zhēng
2861/3500,献,U+732E,xiàn
2862/3500,椿,U+693F,chūn
2863/3500,禁,U+7981,jīn，jìn
2864/3500,楚,U+695A,chǔ
2865/3500,楷,U+6977,jiē，kǎi
2866/3500,榄,U+6984,lǎn
2867/3500,想,U+60F3,xiǎng
2868/3500,槐,U+69D0,huái
2869/3500,榆,U+6986,yú
2870/3500,楼,U+697C,lóu
2871/3500,概,U+6982,gài
2872/3500,赖,U+8D56,lài
2873/3500,酪,U+916A,lào
2874/3500,酬,U+916C,chóu
2875/3500,感,U+611F,gǎn
2876/3500,碍,U+788D,ài
2877/3500,碘,U+7898,diǎn
2878/3500,碑,U+7891,bēi
2879/3500,碎,U+788E,suì
2880/3500,碰,U+78B0,pèng
2881/3500,碗,U+7897,wǎn
2882/3500,碌,U+788C,liù，lù
2883/3500,尴,U+5C34,gān
2884/3500,雷,U+96F7,léi
2885/3500,零,U+96F6,líng
2886/3500,雾,U+96FE,wù
2887/3500,雹,U+96F9,báo
2888/3500,辐,U+8F90,fú
2889/3500,辑,U+8F91,jí
2890/3500,输,U+8F93,shū
2891/3500,督,U+7763,dū
2892/3500,频,U+9891,pín
2893/3500,龄,U+9F84,líng
2894/3500,鉴,U+9274,jiàn
2895/3500,睛,U+775B,jīng
2896/3500,睹,U+7779,dǔ
2897/3500,睦,U+7766,mù
2898/3500,瞄,U+7784,miáo
2899/3500,睫,U+776B,jié
2900/3500,睡,U+7761,shuì
2901/3500,睬,U+776C,cǎi
2902/3500,嗜,U+55DC,shì
2903/3500,鄙,U+9119,bǐ
2904/3500,嗦,U+55E6,suō
2905/3500,愚,U+611A,yú
2906/3500,暖,U+6696,nuǎn
2907/3500,盟,U+76DF,méng
2908/3500,歇,U+6B47,xiē
2909/3500,暗,U+6697,àn
2910/3500,暇,U+6687,xiá
2911/3500,照,U+7167,zhào
2912/3500,畸,U+7578,jī
2913/3500,跨,U+8DE8,kuà
2914/3500,跷,U+8DF7,qiāo
2915/3500,跳,U+8DF3,tiào
2916/3500,跺,U+8DFA,duò
2917/3500,跪,U+8DEA,guì
2918/3500,路,U+8DEF,lù
2919/3500,跤,U+8DE4,jiāo
2920/3500,跟,U+8DDF,gēn
2921/3500,遣,U+9063,qiǎn
2922/3500,蜈,U+8708,wú
2923/3500,蜗,U+8717,wō
2924/3500,蛾,U+86FE,é
2925/3500,蜂,U+8702,fēng
2926/3500,蜕,U+8715,tuì
2927/3500,嗅,U+55C5,xiù
2928/3500,嗡,U+55E1,wēng
2929/3500,嗓,U+55D3,sǎng
2930/3500,署,U+7F72,shǔ
2931/3500,置,U+7F6E,zhì
2932/3500,罪,U+7F6A,zuì
2933/3500,罩,U+7F69,zhào
2934/3500,蜀,U+8700,shǔ
2935/3500,幌,U+5E4C,huǎng
2936/3500,错,U+9519,cuò
2937/3500,锚,U+951A,máo
2938/3500,锡,U+9521,xī
2939/3500,锣,U+9523,luó
2940/3500,锤,U+9524,chuí
2941/3500,锥,U+9525,zhuī
2942/3500,锦,U+9526,jǐn
2943/3500,键,U+952E,jiàn
2944/3500,锯,U+952F,jù
2945/3500,锰,U+9530,měng
2946/3500,矮,U+77EE,ǎi
2947/3500,辞,U+8F9E,cí
2948/3500,稚,U+7A1A,zhì
2949/3500,稠,U+7A20,chóu
2950/3500,颓,U+9893,tuí
2951/3500,愁,U+6101,chóu
2952/3500,筹,U+7B79,chóu
2953/3500,签,U+7B7E,qiān
2954/3500,简,U+7B80,jiǎn
2955/3500,筷,U+7B77,kuài
2956/3500,毁,U+6BC1,huǐ
2957/3500,舅,U+8205,jiù
2958/3500,鼠,U+9F20,shǔ
2959/3500,催,U+50AC,cuī
2960/3500,傻,U+50BB,shǎ
2961/3500,像,U+50CF,xiàng
2962/3500,躲,U+8EB2,duǒ
2963/3500,魁,U+9B41,kuí
2964/3500,衙,U+8859,yá
2965/3500,微,U+5FAE,wēi
2966/3500,愈,U+6108,yù
2967/3500,遥,U+9065,yáo
2968/3500,腻,U+817B,nì
2969/3500,腰,U+8170,yāo
2970/3500,腥,U+8165,xīng
2971/3500,腮,U+816E,sāi
2972/3500,腹,U+8179,fù
2973/3500,腺,U+817A,xiàn
2974/3500,鹏,U+9E4F,péng
2975/3500,腾,U+817E,téng
2976/3500,腿,U+817F,tuǐ
2977/3500,鲍,U+9C8D,bào
2978/3500,猿,U+733F,yuán
2979/3500,颖,U+9896,yǐng
2980/3500,触,U+89E6,chù
2981/3500,解,U+89E3,jiě，jiè，xiè
2982/3500,煞,U+715E,shā，shà
2983/3500,雏,U+96CF,chú
2984/3500,馍,U+998D,mó
2985/3500,馏,U+998F,liú，liù
2986/3500,酱,U+9171,jiàng
2987/3500,禀,U+7980,bǐng
2988/3500,痹,U+75F9,bì
2989/3500,廓,U+5ED3,kuò
2990/3500,痴,U+75F4,chī
2991/3500,痰,U+75F0,tán
2992/3500,廉,U+5EC9,lián
2993/3500,靖,U+9756,jìng
2994/3500,新,U+65B0,xīn
2995/3500,韵,U+97F5,yùn
2996/3500,意,U+610F,yì
2997/3500,誊,U+8A8A,téng
2998/3500,粮,U+7CAE,liáng
2999/3500,数,U+6570,shǔ，shù，shuò
3000/3500,煎,U+714E,jiān
3001/3500,塑,U+5851,sù
3002/3500,慈,U+6148,cí
3003/3500,煤,U+7164,méi
3004/3500,煌,U+714C,huáng
3005/3500,满,U+6EE1,mǎn
3006/3500,漠,U+6F20,mò
3007/3500,滇,U+6EC7,diān
3008/3500,源,U+6E90,yuán
3009/3500,滤,U+6EE4,lǜ
3010/3500,滥,U+6EE5,làn
3011/3500,滔,U+6ED4,tāo
3012/3500,溪,U+6EAA,xī
3013/3500,溜,U+6E9C,liū，liù
3014/3500,漓,U+6F13,lí
3015/3500,滚,U+6EDA,gǔn
3016/3500,溢,U+6EA2,yì
3017/3500,溯,U+6EAF,sù
3018/3500,滨,U+6EE8,bīn
3019/3500,溶,U+6EB6,róng
3020/3500,溺,U+6EBA,nì
3021/3500,粱,U+7CB1,liáng
3022/3500,滩,U+6EE9,tān
3023/3500,慎,U+614E,shèn
3024/3500,誉,U+8A89,yù
3025/3500,塞,U+585E,sāi，sài，sè
3026/3500,寞,U+5BDE,mò
3027/3500,窥,U+7AA5,kuī
3028/3500,窟,U+7A9F,kū
3029/3500,寝,U+5BDD,qǐn
3030/3500,谨,U+8C28,jǐn
3031/3500,褂,U+8902,guà
3032/3500,裸,U+88F8,luǒ
3033/3500,福,U+798F,fú
3034/3500,谬,U+8C2C,miù
3035/3500,群,U+7FA4,qún
3036/3500,殿,U+6BBF,diàn
3037/3500,辟,U+8F9F,bì，pì
3038/3500,障,U+969C,zhàng
3039/3500,媳,U+5AB3,xí
3040/3500,嫉,U+5AC9,jí
3041/3500,嫌,U+5ACC,xián
3042/3500,嫁,U+5AC1,jià
3043/3500,叠,U+53E0,dié
3044/3500,缚,U+7F1A,fù
3045/3500,缝,U+7F1D,féng，fèng
3046/3500,缠,U+7F20,chán
3047/3500,缤,U+7F24,bīn
3048/3500,剿,U+527F,jiǎo
3049/3500,静,U+9759,jìng
3050/3500,碧,U+78A7,bì
3051/3500,璃,U+7483,lí
3052/3500,赘,U+8D58,zhuì
3053/3500,熬,U+71AC,āo，áo
3054/3500,墙,U+5899,qiáng
3055/3500,墟,U+589F,xū
3056/3500,嘉,U+5609,jiā
3057/3500,摧,U+6467,cuī
3058/3500,赫,U+8D6B,hè
3059/3500,截,U+622A,jié
3060/3500,誓,U+8A93,shì
3061/3500,境,U+5883,jìng
3062/3500,摘,U+6458,zhāi
3063/3500,摔,U+6454,shuāi
3064/3500,撇,U+6487,piē，piě
3065/3500,聚,U+805A,jù
3066/3500,慕,U+6155,mù
3067/3500,暮,U+66AE,mù
3068/3500,摹,U+6479,mó
3069/3500,蔓,U+8513,mán，màn，wàn
3070/3500,蔑,U+8511,miè
3071/3500,蔡,U+8521,cài
3072/3500,蔗,U+8517,zhè
3073/3500,蔽,U+853D,bì
3074/3500,蔼,U+853C,ǎi
3075/3500,熙,U+7199,xī
3076/3500,蔚,U+851A,wèi，yù
3077/3500,兢,U+5162,jīng
3078/3500,模,U+6A21,mó，mú
3079/3500,槛,U+69DB,jiàn，kǎn
3080/3500,榴,U+69B4,liú
3081/3500,榜,U+699C,bǎng
3082/3500,榨,U+69A8,zhà
3083/3500,榕,U+6995,róng
3084/3500,歌,U+6B4C,gē
3085/3500,遭,U+906D,zāo
3086/3500,酵,U+9175,jiào
3087/3500,酷,U+9177,kù
3088/3500,酿,U+917F,niàng
3089/3500,酸,U+9178,suān
3090/3500,碟,U+789F,dié
3091/3500,碱,U+78B1,jiǎn
3092/3500,碳,U+78B3,tàn
3093/3500,磁,U+78C1,cí
3094/3500,愿,U+613F,yuàn
3095/3500,需,U+9700,xū
3096/3500,辖,U+8F96,xiá
3097/3500,辗,U+8F97,zhǎn
3098/3500,雌,U+96CC,cí
3099/3500,裳,U+88F3,shang
3100/3500,颗,U+9897,kē
3101/3500,瞅,U+7785,chǒu
3102/3500,墅,U+5885,shù
3103/3500,嗽,U+55FD,sòu
3104/3500,踊,U+8E0A,yǒng
3105/3500,蜻,U+873B,qīng
3106/3500,蜡,U+8721,là
3107/3500,蝇,U+8747,yíng
3108/3500,蜘,U+8718,zhī
3109/3500,蝉,U+8749,chán
3110/3500,嘛,U+561B,ma
3111/3500,嘀,U+5600,dí
3112/3500,赚,U+8D5A,zhuàn
3113/3500,锹,U+9539,qiāo
3114/3500,锻,U+953B,duàn
3115/3500,镀,U+9540,dù
3116/3500,舞,U+821E,wǔ
3117/3500,舔,U+8214,tiǎn
3118/3500,稳,U+7A33,wěn
3119/3500,熏,U+718F,xūn
3120/3500,箕,U+7B95,jī
3121/3500,算,U+7B97,suàn
3122/3500,箩,U+7BA9,luó
3123/3500,管,U+7BA1,guǎn
3124/3500,箫,U+7BAB,xiāo
3125/3500,舆,U+8206,yú
3126/3500,僚,U+50DA,liáo
3127/3500,僧,U+50E7,sēng
3128/3500,鼻,U+9F3B,bí
3129/3500,魄,U+9B44,pò
3130/3500,魅,U+9B45,mèi
3131/3500,貌,U+8C8C,mào
3132/3500,膜,U+819C,mó
3133/3500,膊,U+818A,bó
3134/3500,膀,U+8180,bǎng，pāng，páng
3135/3500,鲜,U+9C9C,xiān，xiǎn
3136/3500,疑,U+7591,yí
3137/3500,孵,U+5B75,fū
3138/3500,馒,U+9992,mán
3139/3500,裹,U+88F9,guǒ
3140/3500,敲,U+6572,qiāo
3141/3500,豪,U+8C6A,háo
3142/3500,膏,U+818F,gāo，gào
3143/3500,遮,U+906E,zhē
3144/3500,腐,U+8150,fǔ
3145/3500,瘩,U+7629,dá，da
3146/3500,瘟,U+761F,wēn
3147/3500,瘦,U+7626,shòu
3148/3500,辣,U+8FA3,là
3149/3500,彰,U+5F70,zhāng
3150/3500,竭,U+7AED,jié
3151/3500,端,U+7AEF,duān
3152/3500,旗,U+65D7,qí
3153/3500,精,U+7CBE,jīng
3154/3500,粹,U+7CB9,cuì
3155/3500,歉,U+6B49,qiàn
3156/3500,弊,U+5F0A,bì
3157/3500,熄,U+7184,xī
3158/3500,熔,U+7194,róng
3159/3500,煽,U+717D,shān
3160/3500,潇,U+6F47,xiāo
3161/3500,漆,U+6F06,qī
3162/3500,漱,U+6F31,shù
3163/3500,漂,U+6F02,piāo，piǎo，piào
3164/3500,漫,U+6F2B,màn
3165/3500,滴,U+6EF4,dī
3166/3500,漾,U+6F3E,yàng
3167/3500,演,U+6F14,yǎn
3168/3500,漏,U+6F0F,lòu
3169/3500,慢,U+6162,màn
3170/3500,慷,U+6177,kāng
3171/3500,寨,U+5BE8,zhài
3172/3500,赛,U+8D5B,sài
3173/3500,寡,U+5BE1,guǎ
3174/3500,察,U+5BDF,chá
3175/3500,蜜,U+871C,mì
3176/3500,寥,U+5BE5,liáo
3177/3500,谭,U+8C2D,tán
3178/3500,肇,U+8087,zhào
3179/3500,褐,U+8910,hè
3180/3500,褪,U+892A,tuì，tùn
3181/3500,谱,U+8C31,pǔ
3182/3500,隧,U+96A7,suì
3183/3500,嫩,U+5AE9,nèn
3184/3500,翠,U+7FE0,cuì
3185/3500,熊,U+718A,xióng
3186/3500,凳,U+51F3,dèng
3187/3500,骡,U+9AA1,luó
3188/3500,缩,U+7F29,sù，suō
3189/3500,慧,U+6167,huì
3190/3500,撵,U+64B5,niǎn
3191/3500,撕,U+6495,sī
3192/3500,撒,U+6492,sā，sǎ
3193/3500,撩,U+64A9,liāo，liáo
3194/3500,趣,U+8DA3,qù
3195/3500,趟,U+8D9F,tàng
3196/3500,撑,U+6491,chēng
3197/3500,撮,U+64AE,cuō，zuǒ
3198/3500,撬,U+64AC,qiào
3199/3500,播,U+64AD,bō
3200/3500,擒,U+64D2,qín
3201/3500,墩,U+58A9,dūn
3202/3500,撞,U+649E,zhuàng
3203/3500,撤,U+64A4,chè
3204/3500,增,U+589E,zēng
3205/3500,撰,U+64B0,zhuàn
3206/3500,聪,U+806A,cōng
3207/3500,鞋,U+978B,xié
3208/3500,鞍,U+978D,ān
3209/3500,蕉,U+8549,jiāo
3210/3500,蕊,U+854A,ruǐ
3211/3500,蔬,U+852C,shū
3212/3500,蕴,U+8574,yùn
3213/3500,横,U+6A2A,héng，hèng
3214/3500,槽,U+69FD,cáo
3215/3500,樱,U+6A31,yīng
3216/3500,橡,U+6A61,xiàng
3217/3500,樟,U+6A1F,zhāng
3218/3500,橄,U+6A44,gǎn
3219/3500,敷,U+6577,fū
3220/3500,豌,U+8C4C,wān
3221/3500,飘,U+98D8,piāo
3222/3500,醋,U+918B,cù
3223/3500,醇,U+9187,chún
3224/3500,醉,U+9189,zuì
3225/3500,磕,U+78D5,kē
3226/3500,磊,U+78CA,lěi
3227/3500,磅,U+78C5,bàng，páng
3228/3500,碾,U+78BE,niǎn
3229/3500,震,U+9707,zhèn
3230/3500,霄,U+9704,xiāo
3231/3500,霉,U+9709,méi
3232/3500,瞒,U+7792,mán
3233/3500,题,U+9898,tí
3234/3500,暴,U+66B4,bào
3235/3500,瞎,U+778E,xiā
3236/3500,嘻,U+563B,xī
3237/3500,嘶,U+5636,sī
3238/3500,嘲,U+5632,cháo
3239/3500,嘹,U+5639,liáo
3240/3500,影,U+5F71,yǐng
3241/3500,踢,U+8E22,tī
3242/3500,踏,U+8E0F,tā，tà
3243/3500,踩,U+8E29,cǎi
3244/3500,踪,U+8E2A,zōng
3245/3500,蝶,U+8776,dié
3246/3500,蝴,U+8774,hú
3247/3500,蝠,U+8760,fú
3248/3500,蝎,U+874E,xiē
3249/3500,蝌,U+874C,kē
3250/3500,蝗,U+8757,huáng
3251/3500,蝙,U+8759,biān
3252/3500,嘿,U+563F,hēi
3253/3500,嘱,U+5631,zhǔ
3254/3500,幢,U+5E62,chuáng，zhuàng
3255/3500,墨,U+58A8,mò
3256/3500,镇,U+9547,zhèn
3257/3500,镐,U+9550,gǎo
3258/3500,镑,U+9551,bàng
3259/3500,靠,U+9760,kào
3260/3500,稽,U+7A3D,jī
3261/3500,稻,U+7A3B,dào
3262/3500,黎,U+9ECE,lí
3263/3500,稿,U+7A3F,gǎo
3264/3500,稼,U+7A3C,jià
3265/3500,箱,U+7BB1,xiāng
3266/3500,篓,U+7BD3,lǒu
3267/3500,箭,U+7BAD,jiàn
3268/3500,篇,U+7BC7,piān
3269/3500,僵,U+50F5,jiāng
3270/3500,躺,U+8EBA,tǎng
3271/3500,僻,U+50FB,pì
3272/3500,德,U+5FB7,dé
3273/3500,艘,U+8258,sōu
3274/3500,膝,U+819D,xī
3275/3500,膛,U+819B,táng
3276/3500,鲤,U+9CA4,lǐ
3277/3500,鲫,U+9CAB,jì
3278/3500,熟,U+719F,shóu，shú
3279/3500,摩,U+6469,mā，mó
3280/3500,褒,U+8912,bāo
3281/3500,瘪,U+762A,biē，biě
3282/3500,瘤,U+7624,liú
3283/3500,瘫,U+762B,tān
3284/3500,凛,U+51DB,lǐn
3285/3500,颜,U+989C,yán
3286/3500,毅,U+6BC5,yì
3287/3500,糊,U+7CCA,hū，hú，hù
3288/3500,遵,U+9075,zūn
3289/3500,憋,U+618B,biē
3290/3500,潜,U+6F5C,qián
3291/3500,澎,U+6F8E,péng
3292/3500,潮,U+6F6E,cháo
3293/3500,潭,U+6F6D,tán
3294/3500,鲨,U+9CA8,shā
3295/3500,澳,U+6FB3,ào
3296/3500,潘,U+6F58,pān
3297/3500,澈,U+6F88,chè
3298/3500,澜,U+6F9C,lán
3299/3500,澄,U+6F84,chéng，dèng
3300/3500,懂,U+61C2,dǒng
3301/3500,憔,U+6194,qiáo
3302/3500,懊,U+61CA,ào
3303/3500,憎,U+618E,zēng
3304/3500,额,U+989D,é
3305/3500,翩,U+7FE9,piān
3306/3500,褥,U+8925,rù
3307/3500,谴,U+8C34,qiǎn
3308/3500,鹤,U+9E64,hè
3309/3500,憨,U+61A8,hān
3310/3500,慰,U+6170,wèi
3311/3500,劈,U+5288,pī，pǐ
3312/3500,履,U+5C65,lǚ
3313/3500,豫,U+8C6B,yù
3314/3500,缭,U+7F2D,liáo
3315/3500,撼,U+64BC,hàn
3316/3500,擂,U+64C2,léi，lèi
3317/3500,操,U+64CD,cāo
3318/3500,擅,U+64C5,shàn
3319/3500,燕,U+71D5,yān，yàn
3320/3500,蕾,U+857E,lěi
3321/3500,薯,U+85AF,shǔ
3322/3500,薛,U+859B,xuē
3323/3500,薇,U+8587,wēi
3324/3500,擎,U+64CE,qíng
3325/3500,薪,U+85AA,xīn
3326/3500,薄,U+8584,báo，bó，bò
3327/3500,颠,U+98A0,diān
3328/3500,翰,U+7FF0,hàn
3329/3500,噩,U+5669,è
3330/3500,橱,U+6A71,chú
3331/3500,橙,U+6A59,chéng
3332/3500,橘,U+6A58,jú
3333/3500,整,U+6574,zhěng
3334/3500,融,U+878D,róng
3335/3500,瓢,U+74E2,piáo
3336/3500,醒,U+9192,xǐng
3337/3500,霍,U+970D,huò
3338/3500,霎,U+970E,shà
3339/3500,辙,U+8F99,zhé
3340/3500,冀,U+5180,jì
3341/3500,餐,U+9910,cān
3342/3500,嘴,U+5634,zuǐ
3343/3500,踱,U+8E31,duó
3344/3500,蹄,U+8E44,tí
3345/3500,蹂,U+8E42,róu
3346/3500,蟆,U+87C6,má
3347/3500,螃,U+8783,páng
3348/3500,器,U+5668,qì
3349/3500,噪,U+566A,zào
3350/3500,鹦,U+9E66,yīng
3351/3500,赠,U+8D60,zèng
3352/3500,默,U+9ED8,mò
3353/3500,黔,U+9ED4,qián
3354/3500,镜,U+955C,jìng
3355/3500,赞,U+8D5E,zàn
3356/3500,穆,U+7A46,mù
3357/3500,篮,U+7BEE,lán
3358/3500,篡,U+7BE1,cuàn
3359/3500,篷,U+7BF7,péng
3360/3500,篱,U+7BF1,lí
3361/3500,儒,U+5112,rú
3362/3500,邀,U+9080,yāo
3363/3500,衡,U+8861,héng
3364/3500,膨,U+81A8,péng
3365/3500,雕,U+96D5,diāo
3366/3500,鲸,U+9CB8,jīng
3367/3500,磨,U+78E8,mó，mò
3368/3500,瘾,U+763E,yǐn
3369/3500,瘸,U+7638,qué
3370/3500,凝,U+51DD,níng
3371/3500,辨,U+8FA8,biàn
3372/3500,辩,U+8FA9,biàn
3373/3500,糙,U+7CD9,cāo
3374/3500,糖,U+7CD6,táng
3375/3500,糕,U+7CD5,gāo
3376/3500,燃,U+71C3,rán
3377/3500,濒,U+6FD2,bīn
3378/3500,澡,U+6FA1,zǎo
3379/3500,激,U+6FC0,jī
3380/3500,懒,U+61D2,lǎn
3381/3500,憾,U+61BE,hàn
3382/3500,懈,U+61C8,xiè
3383/3500,窿,U+7ABF,lóng
3384/3500,壁,U+58C1,bì
3385/3500,避,U+907F,bì
3386/3500,缰,U+7F30,jiāng
3387/3500,缴,U+7F34,jiǎo
3388/3500,戴,U+6234,dài
3389/3500,擦,U+64E6,cā
3390/3500,藉,U+85C9,jí，jiè
3391/3500,鞠,U+97A0,jū
3392/3500,藏,U+85CF,cáng，zàng
3393/3500,藐,U+85D0,miǎo
3394/3500,檬,U+6AAC,méng
3395/3500,檐,U+6A90,yán
3396/3500,檀,U+6A80,tán
3397/3500,礁,U+7901,jiāo
3398/3500,磷,U+78F7,lín
3399/3500,霜,U+971C,shuāng
3400/3500,霞,U+971E,xiá
3401/3500,瞭,U+77AD,liào
3402/3500,瞧,U+77A7,qiáo
3403/3500,瞬,U+77AC,shùn
3404/3500,瞳,U+77B3,tóng
3405/3500,瞩,U+77A9,zhǔ
3406/3500,瞪,U+77AA,dèng
3407/3500,曙,U+66D9,shǔ
3408/3500,蹋,U+8E4B,tà
3409/3500,蹈,U+8E48,dǎo
3410/3500,螺,U+87BA,luó
3411/3500,蟋,U+87CB,xī
3412/3500,蟀,U+87C0,shuài
3413/3500,嚎,U+568E,háo
3414/3500,赡,U+8D61,shàn
3415/3500,穗,U+7A57,suì
3416/3500,魏,U+9B4F,wèi
3417/3500,簧,U+7C27,huáng
3418/3500,簇,U+7C07,cù
3419/3500,繁,U+7E41,fán，pó
3420/3500,徽,U+5FBD,huī
3421/3500,爵,U+7235,jué
3422/3500,朦,U+6726,méng
3423/3500,臊,U+81CA,sāo，sào
3424/3500,鳄,U+9CC4,è
3425/3500,癌,U+764C,ái
3426/3500,辫,U+8FAB,biàn
3427/3500,赢,U+8D62,yíng
3428/3500,糟,U+7CDF,zāo
3429/3500,糠,U+7CE0,kāng
3430/3500,燥,U+71E5,zào
3431/3500,懦,U+61E6,nuò
3432/3500,豁,U+8C41,huō，huò
3433/3500,臀,U+81C0,tún
3434/3500,臂,U+81C2,bei，bì
3435/3500,翼,U+7FFC,yì
3436/3500,骤,U+9AA4,zhòu
3437/3500,藕,U+85D5,ǒu
3438/3500,鞭,U+97AD,biān
3439/3500,藤,U+85E4,téng
3440/3500,覆,U+8986,fù
3441/3500,瞻,U+77BB,zhān
3442/3500,蹦,U+8E66,bèng
3443/3500,嚣,U+56A3,xiāo
3444/3500,镰,U+9570,lián
3445/3500,翻,U+7FFB,fān
3446/3500,鳍,U+9CCD,qí
3447/3500,鹰,U+9E70,yīng
3448/3500,瀑,U+7011,bào，pù
3449/3500,襟,U+895F,jīn
3450/3500,璧,U+74A7,bì
3451/3500,戳,U+6233,chuō
3452/3500,孽,U+5B7D,niè
3453/3500,警,U+8B66,jǐng
3454/3500,蘑,U+8611,mó
3455/3500,藻,U+85FB,zǎo
3456/3500,攀,U+6500,pān
3457/3500,曝,U+66DD,bào，pù
3458/3500,蹲,U+8E72,dūn
3459/3500,蹭,U+8E6D,cèng
3460/3500,蹬,U+8E6C,dēng
3461/3500,巅,U+5DC5,diān
3462/3500,簸,U+7C38,bǒ，bò
3463/3500,簿,U+7C3F,bù
3464/3500,蟹,U+87F9,xiè
3465/3500,颤,U+98A4,chàn
3466/3500,靡,U+9761,mí，mǐ
3467/3500,癣,U+7663,xuǎn
3468/3500,瓣,U+74E3,bàn
3469/3500,羹,U+7FB9,gēng
3470/3500,鳖,U+9CD6,biē
3471/3500,爆,U+7206,bào
3472/3500,疆,U+7586,jiāng
3473/3500,鬓,U+9B13,bìn
3474/3500,壤,U+58E4,rǎng
3475/3500,馨,U+99A8,xīn
3476/3500,耀,U+8000,yào
3477/3500,躁,U+8E81,zào
3478/3500,蠕,U+8815,rú
3479/3500,嚼,U+56BC,jiáo，jiào，jué
3480/3500,嚷,U+56B7,rāng，rǎng
3481/3500,巍,U+5DCD,wēi
3482/3500,籍,U+7C4D,jí
3483/3500,鳞,U+9CDE,lín
3484/3500,魔,U+9B54,mó
3485/3500,糯,U+7CEF,nuò
3486/3500,灌,U+704C,guàn
3487/3500,譬,U+8B6C,pì
3488/3500,蠢,U+8822,chǔn
3489/3500,霸,U+9738,bà
3490/3500,露,U+9732,lòu，lù
3491/3500,霹,U+9739,pī
3492/3500,躏,U+8E8F,lìn
3493/3500,黯,U+9EEF,àn
3494/3500,髓,U+9AD3,suǐ
3495/3500,赣,U+8D63,gàn
3496/3500,囊,U+56CA,nāng，náng
3497/3500,镶,U+9576,xiāng
3498/3500,瓤,U+74E4,ráng
3499/3500,罐,U+7F50,guàn
3500/3500,矗,U+77D7,chù
