seq,seqn,word,phonetic,exchange,trans,,,,
1,1/1522,ignore,英[ig'nɒ:],,v.忽视;无视;不理睬,,,,
2,2/1522,suspect,英[sә'spekt],,v.怀疑n.嫌疑人a.可疑的,,,,
3,3/1522,refer,英[ri'fә:],,v.参考;提到;涉及,,,,
4,4/1522,participate,英[pɑ:'tisipeit],,v.参与;参加;分享,,,,
5,5/1522,measure,英['meʒә],,v.测量n.措施,,,,
6,6/1522,detect,英[di'tekt],,v.侦查;发现;检测,,,,
7,7/1522,perceive,英[pә'si:v],,v.察觉;感知,,,,
8,8/1522,balance,英['bælәns],,v.平衡n.天平;平衡;余额,,,,
9,9/1522,integrate,英['intigreit],,v.合并;融合;综合,,,,
10,10/1522,clarify,英['klærifai],,v.澄清;净化,,,,
11,11/1522,surf,英[sә:f],,v.冲浪;上网,,,,
12,12/1522,publish,英['pʌbliʃ],,v.出版;公布,,,,
13,13/1522,arise,英[ә'raiz],,v.产生;出现;由...引起,,,,
14,14/1522,resign,英[ri'zain],,v.辞职;放弃,,,,
15,15/1522,stimulate,英['stimjuleit],,v.刺激;使兴奋;激励,,,,
16,16/1522,engage,英[in'geidʒ],,v.参与;从事;吸引,,,,
17,17/1522,promote,英[prәu'mәut],,v.促进;提升;推广,,,,
18,18/1522,exist,英[ig'zist],,v.存在;生存,,,,
19,19/1522,sweep,英[swi:p],,v.打扫;席卷;掠过,,,,
20,20/1522,mount,英[maunt],,v.爬上;增加;安装,,,,
21,21/1522,carve,英[kɑ:v],,v.切开;雕刻,,,,
22,22/1522,stare,英[stєә],,v.盯着;凝视,,,,
23,23/1522,bet,英[bet],,v.赌;打赌n.赌注,,,,
24,24/1522,starve,英[stɑ:v],,v.饿死;挨饿,,,,
25,25/1522,whisper,英['hwispә],,v.耳语;低声说n.悄悄话,,,,
26,26/1522,launch,英[lɒ:ntʃ],,v.发射;启动n.发行,,,,
27,27/1522,shoot,英[ʃu:t],,v.发射n.射击,,,,
28,28/1522,occur,英[ә'kә:],,v.发生;出现;存在,,,,
29,29/1522,oppose,英[ә'pәuz],,v.反对;使对立;使对抗,,,,
30,30/1522,reflect,英[ri'flekt],,v.反射;反映,,,,
31,31/1522,react,英[ri'ækt],,v.起反应;反作用,,,,
32,32/1522,defend,英[di'fend],,v.保卫;防御;维护,,,,
33,33/1522,sew,英[sәu],,v.缝合;缝纫,,,,
34,34/1522,devote,英[di'vәut],,v.奉献;致力于,,,,
35,35/1522,deny,英[di'nai],,v.否认;拒绝,,,,
36,36/1522,hatch,英[hætʃ],,v.孵化;密谋n.孵化,,,,
37,37/1522,improve,英[im'pru:v],,v.改善;改进;进步,,,,
38,38/1522,dare,英[dєә],,v.敢;胆敢,,,,
39,39/1522,entitle,英[in'taitl],,v.给....称号;尊称;授权,,,,
40,40/1522,prefer,英[pri'fә:],,v.更喜欢;宁愿,,,,
41,41/1522,update,英[ʌp'deit],,v.更新;迭代,,,,
42,42/1522,purchase,英['pә:tʃәs],,v.购买n.购买;所购物品,,,,
43,43/1522,evaluate,英[i'væljueit],,v.评估;评价,,,,
44,44/1522,observe,英[әb'zә:v],,v.观察;注意到;遵守,,,,
45,45/1522,pour,英[pɒ:],,v.灌注;倾泻;下倾盆大同,,,,
46,46/1522,roll,英[rәul],,v.滚动n.卷;名单,,,,
47,47/1522,wrap,英[ræp],,v.裹;缠绕n.披肩,,,,
48,48/1522,suit,英[sju:t. su:t],,v.适合n.套装;西服,,,,
49,49/1522,cooperate,英[kәu'ɒpәreit],,v.合作;协作,,,,
50,50/1522,breathe,英[bri:ð],,v.呼吸;呼气,,,,
51,51/1522,slip,英[slip],,v.滑过;滑倒n.滑行seq,word,phonetic,exchange,trans
52,52/1522,slide,英[slaid],,v.滑动n.滑坡;幻灯片,,,,
53,53/1522,restore,英[ri'stɒ:],,v.恢复;归还;修复,,,,
54,54/1522,respond,英[ri'spɒnd],,v.答复;回答;响应,,,,
55,55/1522,recall,英[ri'kɒ:l],,v.&n.回忆;召回,,,,
56,56/1522,ruin,英[ruin],,v.毁灭;破产n.废墟,,,,
57,57/1522,obtain,英[әb'tein],,v.获得;得到,,,,
58,58/1522,acquire,英[ә'kwaiә],,v.获得;学到;并购,,,,
59,59/1522,gain,英[gein],,v.获得;受益n.收益,,,,
60,60/1522,concentrate,英['kɒnsәntreit],,v.集中;专心;浓缩n.浓缩,,,,
61,61/1522,calculate,英['kælkjuleit],,v.计算;预测,,,,
62,62/1522,strengthen,英['streŋθәn],,v.加强;巩固;改善,,,,
63,63/1522,pretend,英[pri'tend],,v.假装;借口;装扮,,,,
64,64/1522,examine,英[ig'zæmin],,v.检查;审查;考试,,,,
65,65/1522,ease,英[i:z],,v.&n.减轻;缓和;放松,,,,
66,66/1522,reduce,英[ri'dju:s],,v.减少;降低;简化,,,,
67,67/1522,establish,英[i'stæbliʃ],,v.建立;创办,,,,
68,68/1522,identify,英[ai'dentifai],,v.识别;确定;表明身份,,,,
69,69/1522,deliver,英[di'livә],,v.交付;发表;递送,,,,
70,70/1522,conclude,英[kәn'klu:d],,v.推断;决定;作结论,,,,
71,71/1522,proceed,英[prәu'si:d],,v.继续进行;前进;开始,,,,
72,72/1522,prohibit,英[prә'hibit],,v.禁止;阻止,,,,
73,73/1522,refresh,英[ri'freʃ],,v.更新;使恢复;刷新,,,,
74,74/1522,chew,英[tʃu:],,v.咀嚼;深思,,,,
75,75/1522,illustrate,英['ilәstreit],,v.说明;举例说明;加插图,,,,
76,76/1522,behave,英[bi'heiv],,v.举止;表现;做出反应,,,,
77,77/1522,reject,英[ri'dʒekt],,v.拒绝;丢弃n.次品,,,,
78,78/1522,qualify,英['kwɒlifai],,v.具有资格;使合格,,,,
79,79/1522,gather,英['gæðә],,v.聚集;积聚;收集,,,,
80,80/1522,involve,英[in'vɒlv],,v.使卷入;涉及;参与,,,,
81,81/1522,resolve,英[ri'zɒlv],,v.解决;下决心;分解,,,,
82,82/1522,determine,英[di'tә:min],,v.下决心;确定;判定,,,,
83,83/1522,explore,英[ik'splɒ:],,v.勘探;探测;探索,,,,
84,84/1522,roast,英[rәust],,v.烤;炙;烘,,,,
85,85/1522,approach,英[ә'prәutʃ],,v.接近n.方法;途径,,,,
86,86/1522,threaten,英['θretn],,v.恐吓;城胁,,,,
87,87/1522,weep,英[wi:p],,v.流泪n.哭泣,,,,
88,88/1522,pack,英[pæk],,v.捆扎;塞满n.包裹,,,,
89,89/1522,quit,英[kwit],,v.离开;放弃;辞职,,,,
90,90/1522,ought,英[ˈɔːt],,v.应该;应当,,,,
91,91/1522,link,英[liŋk],,v.连接;联合n.环节,,,,
92,92/1522,combine,英[kәm'bain],,v.联合;结合,,,,
93,93/1522,flow,英[flәu],,v.流;流动n.流量,,,,
94,94/1522,demonstrate,英['demәnstreit],,v.证明;演示;论证,,,,
95,95/1522,bury,英['beri],,v.埋葬;埋藏,,,,
96,96/1522,wander,英['wɒndә],,v.徘徊;闲逛;漫步,,,,
97,97/1522,jog,英[dʒɒg],,v.慢跑,,,,
98,98/1522,dismiss,英[dis'mis],,v.解散;解雇;开除,,,,
99,99/1522,represent,英[.repri'zent],,v.代表;表示,,,,
100,100/1522,polish,英['pɒliʃ],,v.磨光;润色n.抛光剂,,,,
101,101/1522,clap,英[klæp],,v.&n.鼓掌;拍手,,,,
102,102/1522,accompany,英[ә'kʌmpәni],,v.陪伴;伴随;伴奏seq,word,phonetic,exchange,trans
103,103/1522,expand,英[ik'spænd],,v.膨胀;扩大;展开,,,,
104,104/1522,criticise,英['kritisaiz],(criticize),v.批评;批判,,,,
105,105/1522,destroy,英[di'strɒi],,v.破坏;摧毁,,,,
106,106/1522,cheat,英[tʃiːt],,v.欺骗; 作弊; n.骗子,,,,
107,107/1522,owe,英[әu],,v.欠;归功于,,,,
108,108/1522,pray,英[prei],,v.请求;祈祷,,,,
109,109/1522,distinguish,英[dis'tiŋgwiʃ],,v.区别;辨别;使...有特色,,,,
110,110/1522,tend,英[tend],,v.趋向于;往往是;照顾,,,,
111,111/1522,fetch,英[fetʃ],,v.取来;接来n.取得,,,,
112,112/1522,ban,英[bæn],,v.取缔n.禁止;禁令,,,,
113,113/1522,go,英[gou],,v.走;变得n.围棋,,,,
114,114/1522,ensure,英[in'ʃuә],,V.确保;担保,,,,
115,115/1522,disturb,英[dis'tә:b],,V.扰乱;妨碍;使不安,,,,
116,116/1522,recognise,英['rekә^naiz],(recognize),V.认出;承认;认可,,,,
117,117/1522,negotiate,英[ni'gәuʃieit],,v.商订;谈判,,,,
118,118/1522,concern,英[kәn'sә:n],,V.涉及;关系到n.关心,,,,
119,119/1522,stretch,英[stretʃ],,V.伸展n.拉长,,,,
120,120/1522,upset,英[ʌp'set],,V.使心烦a.心烦的;难过的,,,,
121,121/1522,expose,英[ik'spәuz],,v.揭发;显示;曝光,,,,
122,122/1522,facilitate,英[fә'siliteit],,使容易;使便利,,,,
123,123/1522,addict,英[ә'dikt],,v.沉溺于;使上瘾n.上瘾者,,,,
124,124/1522,submit,英[sәb'mit],,v.提交;服从,,,,
125,125/1522,confirm,英[kәn'fә:m],,n.确认;确定;证实,,,,
126,126/1522,freeze,英[fri:z],,v.结冰;凝固,,,,
127,127/1522,enable,英[i'neibl],,v.使能够;使成为可能,,,,
128,128/1522,highlight,英['hailait],,v.强调;使显著n.重要部分,,,,
129,129/1522,convince,英[kәn'vins],,v.说服;使信服;使确信,,,,
130,130/1522,release,英[ri'li:s],,v.释放;发布,,,,
131,131/1522,withdraw,英[wið'drɒ:],,v.退出;撤销;取钱,,,,
132,132/1522,recover,英[ri'kʌvә],,v.恢复;重新获得,,,,
133,133/1522,suffer,英['sʌfә],,v.遭受;忍受;经历,,,,
134,134/1522,belong,英[bi'lɒŋ],,v.属于;附属于,,,,
135,135/1522,persuade,英[pә'sweid],,v.劝说;使相信,,,,
136,136/1522,charge,英[tʃɑ:dʒ],,v.充电;控告n.费用,,,,
137,137/1522,enhance,英[in'hæns],,v.提高;增强,,,,
138,138/1522,remind,英[ri'maind],,v.使想起,,,,
139,139/1522,shave,英[ʃeiv],,v.刮胡子n.刮脸,,,,
140,140/1522,shift,英[ʃift],,v.移动;转变n.移位,,,,
141,141/1522,investigate,英[in'vestigeit],,v.调查;研究,,,,
142,142/1522,correspond,英[.kɒri'spɒnd],,v.相符合;相似于;通信,,,,
143,143/1522,cast,英[kɑ:st. kæst],,v.铸造;投掷n.阵容,,,,
144,144/1522,postpone,英[pәust'pәun],,v.推迟;延期,,,,
145,145/1522,recommend,英[.rekә'mend],,v.推荐;劝告;建议,,,,
146,146/1522,infer,英[in'fә:],,v.推论;推断,,,,
147,147/1522,retire,英[ri'taiә],,V.退休;退却:就寝,,,,
148,148/1522,drag,英[dræg],,v.拖拽n.拖:拖累,,,,
149,149/1522,maintain,英[mein'tein],,v.保持:坚持;保养;,,,,
150,150/1522,attach,英[ә'tætʃ],,v.使...依附;贴上,,,,
151,151/1522,sink,英[siŋk],,v.下沉;下落n.水槽,,,,
152,152/1522,restrict,英[ri'strikt],,v.限制;约束,,,,
153,153/1522,leak,英[li:k],,v.&n泄漏;透漏;n.漏洞seq,word,phonetic,exchange,trans
154,154/1522,survive,英[sә'vaiv],,v.生存;幸存;幸免于,,,,
155,155/1522,revise,英[ri'vaiz],,v.&n.修订;校正（考前）复习,,,,
156,156/1522,permit,英[pә'mit],,v.允许;许可n.许可证,,,,
157,157/1522,relate,英[ri'leit],,v.与...相联系;与...有关,,,,
158,158/1522,declare,英[di'klєә],,v.宣布;断言;声明,,,,
159,159/1522,suspend,英[sә'spend],,v.悬挂;暂停;使停职,,,,
160,160/1522,select,英[si'lekt],,v.选择;精选a.精选的,,,,
161,161/1522,seek,英[si:k],,v.寻找;谋求,,,,
162,162/1522,inquire,英[in'kwaiә],,v.询问;打听;问讯,,,,
163,163/1522,depress,英[di'pres],,v.使沮丧;(经济)不景气;降低,,,,
164,164/1522,press,英[pres],,v.按;压n.新闻界;出版社,,,,
165,165/1522,extend,英[ik'stend],,v.延长;扩充,,,,
166,166/1522,swing,英[swiŋ],,v.摇摆;转弯n.秋千,,,,
167,167/1522,rely,英[ri'lai],,v.信任;依赖,,,,
168,168/1522,remove,英[ri'mu:v],,v.移动;清除;脱衣服,,,,
169,169/1522,imply,英[im'plai],,v.暗示;暗指,,,,
170,170/1522,quote,英[kwәut],,v.&n.引用;引述,,,,
171,171/1522,cite,英[sait],,v.引用;引证;举例,,,,
172,172/1522,impress,英[im'pres],,v.给...留下印象;使钦佩,,,,
173,173/1522,deserve,英[di'zә:v],,v.应得;应受;值得,,,,
174,174/1522,hesitate,英['heziteit],,v.犹豫;含糊,,,,
175,175/1522,fry,英[frai],,v.油煎;油炸,,,,
176,176/1522,differ,英['difә],,v.不同于;有意见分歧,,,,
177,177/1522,prevent,英[pri'vent],,v.阻止;预防,,,,
178,178/1522,predict,英[pri'dikt],,v.预言;预测;预告,,,,
179,179/1522,forgive,英[fә'giv],,v.原谅;饶恕,,,,
180,180/1522,transport,英[træns'pɒ:t],,v.&n.运输;运送,,,,
181,181/1522,consist,英[kәn'sist],,v.由...组成;存在于,,,,
182,182/1522,approve,英[ә'pru:v],,v.批准;认可;赞成,,,,
183,183/1522,blame,英[bleim],,v.责备;归咎于n.责任;责备,,,,
184,184/1522,reveal,英[ri'vi:l],,v.揭示;透漏;展示,,,,
185,185/1522,occupy,英['ɒkjupai],,v.占用;占领;使忙于,,,,
186,186/1522,overcome,英[.әuvә'kʌm],,v.克服;战胜,,,,
187,187/1522,fold,英[fәuld],,v.折叠n.折痕,,,,
188,188/1522,announce,英[ә'nauns],,v.正式宣布;通告,,,,
189,189/1522,prove,英[pru:v],,v.证明;证实;检验,,,,
190,190/1522,justify,英['dʒʌstifai],,v.证明合法;使两端对齐,,,,
191,191/1522,dominate,英['dɒmineit],,v.支配;统治;占优势,,,,
192,192/1522,indicate,英['indikeit],,v.表明;暗示;指出,,,,
193,193/1522,cure,英[kjuә],,v.&n.治疗;治愈,,,,
194,194/1522,greet,英[gri:t],,V.欢迎;迎接;问候,,,,
195,195/1522,choke,英[tʃәuk],,V.窒息;噎住,,,,
196,196/1522,relay,英['ri:lei],,v.转发;转播n.接力赛,,,,
197,197/1522,interrupt,英[.intә'rʌpt],,v.打断;中断;阻碍,,,,
198,198/1522,boil,英[bɒil],,v.&n.煮沸;沸腾,,,,
199,199/1522,bless,英[bles],,v.祝福;保佑,,,,
200,200/1522,seize,英[si:z],,v.抓住;夺取;逮捕,,,,
201,201/1522,earn,英[ә:n],,v.赚得;获得,,,,
202,202/1522,decorate,英['dekәreit],,v.装饰;布置;装修,,,,
203,203/1522,load,英[lәud],,v.使...负担;加载n.负担,,,,
204,204/1522,pursue,英[pә'sju:],,v.追求;贯彻;从事seq,word,phonetic,exchange,trans
205,205/1522,rent,英[rent],,v.租赁n.租金,,,,
206,206/1522,compose,英[kәm'pәuz],,v.组成;创作,,,,
207,207/1522,appeal,英[ә'pi:l],,v.&n.呼吁;申诉,,,,
208,208/1522,compete,英[kәm'pi:t],,v.比赛;竞争;对抗,,,,
209,209/1522,argue,英['ɑ:gju],,v.辩论;争论,,,,
210,210/1522,sneeze,英[sni:z],,v.打喷嚏n.喷嚏,,,,
211,211/1522,subscribe,英[sәb'skraib],,v.订阅;捐助,,,,
212,212/1522,bark,英[bɑ:k],,v.狗叫n.狗吠声,,,,
213,213/1522,insist,英[in'sist],,v.坚持;要求,,,,
214,214/1522,skip,英[skip],,v.略过;跳过n.跳跃,,,,
215,215/1522,apply,英[ә'plai],,v.申请;应用;适用,,,,
216,216/1522,ache,英[eik],,v.&n.疼痛,,,,
217,217/1522,apologise,英[ә'pɔlәdʒaiz],(apologize),v.道歉,,,,
218,218/1522,abuse,英[ә'bju:s.ә'bju:z],,v.&n.滥用;虐待;辱骂,,,,
219,219/1522,comprise,英[kәm'praiz],,v.包括;由……组成,,,,
220,220/1522,surround,英[sә'raund],,V.包围;环绕a.环绕立体声的,,,,
221,221/1522,adopt,英[ә'dɒpt],,v.采用;选定;收养,,,,
222,222/1522,generate,英['dʒenәreit],,V.造成;产生;创造,,,,
223,223/1522,acknowledge,英[әk'nɒlidʒ],,V.承认;感谢,,,,
224,224/1522,motivate,英['mәutiveit],,V.促动;激励;使有动机,,,,
225,225/1522,urge,英[ә:dʒ],,V.激励;催促n.强烈欲望,,,,
226,226/1522,attain,英[ә'tein],,V.达到;实现;获得,,,,
227,227/1522,bother,英['bɒðә],,v.打扰;麻烦n.烦恼,,,,
228,228/1522,abandon,英[ә'bændәn],,V.抛弃;放弃,,,,
229,229/1522,analyse,英['ænәlaiz],(analyze),V.分析.;分解,,,,
230,230/1522,transform,英[træns'fɒ:m],,V.转换;转变;彻底改变,,,,
231,231/1522,vary,英['vєәri],,V.变化;改变;使多样化,,,,
232,232/1522,advertise,英['ædvәtaiz],,v.做广告;通告,,,,
233,233/1522,inspire,英[in'spaiә],,v.鼓舞;激励;激起（情感）,,,,
234,234/1522,applaud,英[ә'plɒ:d],,v.鼓掌欢迎;夸赞,,,,
235,235/1522,assume,英[ә'sju:m],,V.假定;承担;假装,,,,
236,236/1522,found,英[faund],,v.建立;创立,,,,
237,237/1522,interpret,英[in'tә:prit],,v.解释;说明;口译,,,,
238,238/1522,accuse,英[ә'kju:z],,v.控告;指责;指控,,,,
239,239/1522,assign,英[ә'sain],,V.分配;分派,,,,
240,240/1522,assess,英[ә'ses],,V.评定;估价,,,,
241,241/1522,attempt,英[ә'tempt],,V.&n.试图;尝试,,,,
242,242/1522,admire,英[әd'maiә],,v.钦佩;称赞;羡慕,,,,
243,243/1522,replace,英[ri'pleis],,v.取代;替换;接替,,,,
244,244/1522,tolerate,英['tɒlәreit],,v.容忍;忍受;经受（困难),,,,
245,245/1522,delete,英[di'li:t],,V.删除,,,,
246,246/1522,bleed,英[bli:d],,V.流血;榨取（钱财）,,,,
247,247/1522,astonish,英[ә'stɒniʃ],,v.使惊讶;使吃惊,,,,
248,248/1522,annoy,英[ә'nɒi],,V.使恼怒;骚扰;打搅,,,,
249,249/1522,adapt,英[ә'dæpt],,V.适应;改编,,,,
250,250/1522,award,英[ә'wɒ:d],,V.授予;奖励n.奖品,,,,
251,251/1522,donate,英['dәuneit],,v.捐赠;赠予,,,,
252,252/1522,adjust,英[ә'dʒʌst],,V.调节;（使）适应;校准,,,,
253,253/1522,appreciate,英[ә'pri:ʃieit],,V.感激;欣赏;赏识,,,,
254,254/1522,amuse,英[ә'mju:z],,v.娱乐;消遣;逗乐,,,,
255,255/1522,absorb,英[әb'sɒ:b],,v.吸收;吸引;使全神贯注seq,word,phonetic,exchange,trans
256,256/1522,settle,英['setl],,v.安顿;定居;解决,,,,
257,257/1522,commit,英[kә'mit],,v.犯罪;委托;保证,,,,
258,258/1522,regard,英[ri'gɑ:d],,v.看作;考虑n.问候,,,,
259,259/1522,contain,英[kәn'tein],,v.包含;容纳;包括,,,,
260,260/1522,preserve,英[pri'zә:v],,v.保护;维持;保存,,,,
261,261/1522,complain,英[kәm'plein],,v.抱怨;申诉,,,,
262,262/1522,erupt,英[i'rʌpt],,v.爆发;喷出;长牙,,,,
263,263/1522,explode,英[ik'splәud],,v.爆炸;爆发;急剧增长,,,,
264,264/1522,recite,英[ri'sait],,v.背诵;朗诵,,,,
265,265/1522,sow,英[sau. sәu],,V.播种;散布,,,,
266,266/1522,disappear,英[.disә'piә],,V.失踪;消失,,,,
267,267/1522,realise,英['riәlaiz],(realize),v.意识到;明白;实现,,,,
268,268/1522,make,英[meik],,v.制作;做;引起,,,,
269,269/1522,attract,英[ә'trækt],,v.吸引;诱惑;引人注意,,,,
270,270/1522,download,英[ˌdaʊnˈləʊd;ˈdaʊnləʊd],,v.下载n.下载,,,,
271,271/1522,emerge,英[i'mә:dʒ],,v.出现;浮现;暴露,,,,
272,272/1522,intend,英[in'tend],,v.企图;想要;打算,,,,
273,273/1522,consume,英[kәn'sju:m],,v.消费;消耗;耗尽,,,,
274,274/1522,digest,英[di'dʒest],,v.消化;吸收n.文摘,,,,
275,275/1522,affect,英[ә'fekt],,v.影响;感染;感动,,,,
276,276/1522,anticipate,英[æn'tisipeit],,v.预期;期望;预见,,,,
277,277/1522,sustain,英[sә'stein],,v.维持;支撑;遭受,,,,
278,278/1522,have,英[hæv],(has),aux.v.已经;曾经v.有,,,,
279,279/1522,be,英[bi],(am;are;is),aux.v.&v.是;在;有,,,,
280,280/1522,can,英[kæn],,aux.v.能;可以n.罐头v.把……装罐,,,,
281,281/1522,supply,英[sә'plai],,v.&n.供给;供应;补足,,,,
282,282/1522,grab,英[græb],,v.&n.抓住;夺得,,,,
283,283/1522,display,英[dis'plei],,v.展览;展览n.显示,,,,
284,284/1522,hunt,英[hʌnt],,v.&n.打猎;搜索;寻找,,,,
285,285/1522,delay,英[di'lei],,v.&n.耽搁;延迟,,,,
286,286/1522,collapse,英[kә'læps],,v.&n.倒塌;崩溃;暴跌,,,,
287,287/1522,reform,英[ri'fɒ:m],,v.&n.改革;改造a.改革的,,,,
288,288/1522,attack,英[ә'tæk],,v.&n.攻击;袭击,,,,
289,289/1522,estimate,英['estimeit],,v.&n.估计;估价;评估,,,,
290,290/1522,broadcast,英['brɒ:dkæst],,v.&n.广播;播放,,,,
291,291/1522,scream,英[skri:m],,v.&n.尖叫;惊叫,,,,
292,292/1522,exchange,英[iks'tʃeindʒ],,v.&n.交换;（货币）兑换;交流,,,,
293,293/1522,contact,英['kɒntækt],,v.&n.接触;联系;交往,,,,
294,294/1522,import,英[im'pɒ:t],,v.&n.进口;输入,,,,
295,295/1522,bow,英[bәu.bau],,v.鞠躬;低头n.弓形,,,,
296,296/1522,drill,英[dril],,v.&n.钻孔;训练,,,,
297,297/1522,murder,英['mә:dә],,v.&n.谋杀;凶杀,,,,
298,298/1522,crash,英[kræʃ],,v.&n.碰撞;坠落;失事,,,,
299,299/1522,dive,英[daiv],,v.&n.潜水;跳水;俯冲,,,,
300,300/1522,request,英[ri'kwest],,v.&n.请求;要求,,,,
301,301/1522,hug,英[hʌg],,v.&n.拥抱;抱紧,,,,
302,302/1522,design,英[di'zain],,v.&n.设计;构思,,,,
303,303/1522,export,英[ik'spɒ:t],,v.&n.出口:输出,,,,
304,304/1522,damage,英['dæmidʒ],,v.&n.损害;毁坏,,,,
305,305/1522,comfort,英['kʌmfәt],,v.&n.（使）舒适;安慰,,,,
306,306/1522,cease,英[si:s],,v.&n.停止;终止seq,word,phonetic,exchange,trans
307,307/1522,decline,英[di'klain],,v.&n.下降;衰落;拒绝,,,,
308,308/1522,chat,英[tʃæt],,v.&n.闲谈;聊天,,,,
309,309/1522,envy,英['envi],,v.&n.羡慕;忌妒,,,,
310,310/1522,advocate,英['ædvәkeit],,v.提倡;主张n.提倡者,,,,
311,311/1522,bite,英[bait],,v.咬;叮n.咬伤,,,,
312,312/1522,claim,英[kleim],,v.&n.要求;声称;索赔,,,,
313,313/1522,rescue,英['reskju:],,v.&n.拯救;援救,,,,
314,314/1522,forecast,英['fɒ:kɑ:st],,v.&n.预测;预报,,,,
315,315/1522,desire,英[di'zaiә],,v.渴望;要求n.欲望,,,,
316,316/1522,recycle,英[.ri:'saikl],,v.再循环;重复利用n.再生,,,,
317,317/1522,debate,英[di'beit],,v.&n.争论;辩论,,,,
318,318/1522,protest,英[prә'test],,v.&n.反对;抗议（n）,,,,
319,319/1522,grasp,英[græsp],,v.&n.抓住;掌握;领会,,,,
320,320/1522,wrestle,英['resl],,v.&n.摔跤;格斗;努力处理,,,,
321,321/1522,register,英['redʒistә],,v.&n.登记;注册;挂号,,,,
322,322/1522,struggle,英['strʌgl],,v.&n.斗争;拼搏;努力,,,,
323,323/1522,employ,英[im'plɒi],,v.&n.雇佣;使用,,,,
324,324/1522,hire,英[haiә],,v.&n.租用;雇佣,,,,
325,325/1522,border,英['bɒ:dә],,v.与……接壤n.边界,,,,
326,326/1522,decrease,英['di:kri:s],,v.&n.减少;降低,,,,
327,327/1522,contest,英['kɒntest],,v.&n.比赛;竞赛,,,,
328,328/1522,lack,英[læk],,v.&n.缺乏;不足,,,,
329,329/1522,harm,英[hɑ:m],,v.&n.伤害;损害;危害,,,,
330,330/1522,input,英['input],,v.&n.输入,,,,
331,331/1522,escape,英[i'skeip],,v.&n.逃走;逃脱;避开,,,,
332,332/1522,frost,英[frɒst],,v.&n.霜冻;（给蛋糕）撒糖霜,,,,
333,333/1522,demand,英[di'mɑ:nd],,v.&n.需要;请求,,,,
334,334/1522,encounter,英[in'kauntә],,v.&n.遭遇;遇到;邂逅,,,,
335,335/1522,battle,英['bætl],,v.&n.战争;斗争・;比赛,,,,
336,336/1522,comment,英['kɒment],,v.&n.意见;评论;注释,,,,
337,337/1522,volunteer,英[.vɒlәn'tiә],,v.自愿n.志愿者a.志愿的,,,,
338,338/1522,respect,英[ri'spekt],,v.&n.尊敬;尊重,,,,
339,339/1522,strike,英[straik],,v.打击n.罢工,,,,
340,340/1522,boost,英[bu:st],,v.&n.促进;增强;使……兴旺,,,,
341,341/1522,defeat,英[di'fi:t],,v.&n.击败;战胜,,,,
342,342/1522,shock,英[ʃɒk],,v.（使）震惊n.令人震惊的事,,,,
343,343/1522,ski,英[ski:],,v.滑雪n.雪橇,,,,
344,344/1522,hike,英[haik],,v.&n.徒步旅行;远足,,,,
345,345/1522,benefit,英['benifit],,v.有益于;受益n.利益,,,,
346,346/1522,aim,英[eim],,v.以...为目的:瞄准n.目的,,,,
347,347/1522,reward,英[ri'wɒ:d],,v.奖励n.回报;报酬,,,,
348,348/1522,guarantee,英[.gærәn'ti:],,v.&n.保证;担保,,,,
349,349/1522,handle,英[hændl],,v.处理n.手柄;把手,,,,
350,350/1522,graduate,英['grædʒueit],,v.大学毕业n.大学毕业生a.（攻读）研究生的,,,,
351,351/1522,arrest,英[ә'rest],,v.&n.逮捕;阻止,,,,
352,352/1522,sponsor,英['spɒnsә],,v.赞助;资助II.赞助者,,,,
353,353/1522,judge,英[dʒʌdʒ],,v.判断;审判n.法官;裁判员,,,,
354,354/1522,sail,英[seil],,v.&n.航行;起航,,,,
355,355/1522,root,英[ru:t],,v.生根n.根;根本,,,,
356,356/1522,conduct,英['kɔndʌkt],,v.进行;实施;指挥n.行为seq,word,phonetic,exchange,trans
357,357/1522,tackle,英['tækl],,v.处理;对付,,,,
358,358/1522,base,英[beis],,v.以……为基础;n.基础,,,,
359,359/1522,spy,英[spai],,v.当间谍;侦杳n.间谍,,,,
360,360/1522,limit,英['limit],,v.限定;限制n.界限,,,,
361,361/1522,focus,英['fәukәs],,v.集中于;聚焦n.焦点,,,,
362,362/1522,scare,英[skєә],,v.&n.惊恐;惊吓;害怕,,,,
363,363/1522,challenge,英['tʃælindʒ],,v.质疑;向……挑战n.挑战,,,,
364,364/1522,bomb,英[bɒm],,v.轰炸;投弹（于）n.炸弹,,,,
365,365/1522,wrinkle,英['riŋkl],,v.（使）起皱纹n.皱纹,,,,
366,366/1522,monitor,英['mɒnitә],,v.监视;监控n.监视器;班长,,,,
367,367/1522,regardless,英[ri'gɑ:dlis],,a.不管的;不顾的ad.无论如何,,,,
368,368/1522,junior,英['dʒu:njә],,a.年少的;初级的;n.大三学生,,,,
369,369/1522,equal,英['i:kwәl],,a.相等的;平等的v.等于n.对等,,,,
370,370/1522,amateur,英['æmәtә],,a.业余的n.业务爱好者,,,,
371,371/1522,calm,英[kɑ:m],,a.安静的n.风平浪静v.使...平静,,,,
372,372/1522,secure,英[si'kjuә],,a.安全的;严密保护的;v.争取到,,,,
373,373/1522,assistant,英[ә'sistәnt],,a.辅助的n.助手;助教,,,,
374,374/1522,pessimistic,英[.pesi'mistik],,a.悲观的;悲观主义的,,,,
375,375/1522,passive,英['pæsiv],,a.被动的;消极的,,,,
376,376/1522,native,英['neitiv],,a.本地的;天生的n.本地人,,,,
377,377/1522,essential,英[i'senʃәl],,a.必不可少的;本质的;至关重要的n.必需品,,,,
378,378/1522,awkward,英['ɒ:kwәd],,a.令人尴尬的;笨拙的;棘手的,,,,
379,379/1522,convenient,英[kәn'vi:njәnt],,a.方便的;便利的,,,,
380,380/1522,desperate,英['despәrәt],,a.绝望的;不顾一切的;孤注一掷的,,,,
381,381/1522,incredible,英[in'kredәbl],,a.难以置信的;不可思议的;极好的,,,,
382,382/1522,unusual,英[.ʌn'ju:ʒu:l],,a.不平常的;与众不同的,,,,
383,383/1522,financial,英[fai'nænʃәl],,a.财政的;金融的,,,,
384,384/1522,disabled,英[dis'eibld],,a.残疾的;有缺陷的,,,,
385,385/1522,cruel,英['kru:әl],,a.残忍的;无情的,,,,
386,386/1522,ashamed,英[ә'ʃeimd],,a.惭愧的;羞耻的,,,,
387,387/1522,thorough,英['θʌrә],,a.彻底的;缜密的,,,,
388,388/1522,mature,英[mә'tjuә],,a.成熟的;成年人的v.成熟,,,,
389,389/1522,ripe,英[raip],,a.成熟的;时机成熟的,,,,
390,390/1522,urban,英['ә:bәn],,a.城市的;城镇的,,,,
391,391/1522,abstract,英['æbstrækt],,a.抽象的n.抽象概念v.提取,,,,
392,392/1522,pure,英[pjuә],,a.纯洁的;完全的;单纯的,,,,
393,393/1522,secondary,英['sekәndәri],,a.次要的;中学的,,,,
394,394/1522,intelligent,英[in'telidʒәnt],,a.聪明的;明智的,,,,
395,395/1522,rude,英[ru:d],,a.粗鲁的;无礼的;愚昧的,,,,
396,396/1522,complicated,英['kɒmplikeitid],,a.复杂的;难懂的,,,,
397,397/1522,massive,英['mæsiv],,a.巨大的;结实的,,,,
398,398/1522,Atlantic,英[әt'læntik],,a.大西洋的n.大西洋,,,,
399,399/1522,moral,英['mɒrәl],,a.道德的n.道德,,,,
400,400/1522,typical,英['tipikl],,a.典型的;特有的;一贯的,,,,
401,401/1522,dynamic,英[dai'næmik],,a.动态的;动力的;有活力的n.动力,,,,
402,402/1522,independent,英[.indi'pendәnt],,a.独立的;有主见的,,,,
403,403/1522,multiple,英['mʌltipl],,a.多样的;多元的n.倍数,,,,
404,404/1522,diverse,英[dai'vә:s],,a.多样的;不同的;各异的,,,,
405,405/1522,bound,英[baund],,a.被束缚的;必定的n.范围,,,,
406,406/1522,energetic,英[.enә'dʒetik],,a.精力旺盛的;有活力的;积极的seq,word,phonetic,exchange,trans
407,407/1522,extra,英['ekstrә],,a.额外的ad.特别地:非常,,,,
408,408/1522,legal,英['li:gәl],,a.法律的;法定的;合法的,,,,
409,409/1522,abnormal,英[æb'nɒ:mәl],,a.反常的;不规则的;变态的,,,,
410,410/1522,extraordinary,英[ik'strɒ:dәnәri],,a.非凡的;特别的;离奇的,,,,
411,411/1522,illegal,英[i'li:gәl],,a.非法的n.非法移民,,,,
412,412/1522,widespread,英['waidspred],,a.大面积的;（分布）广泛的;广为流传的,,,,
413,413/1522,sharp,英[ʃɑ:p],,a.锋利的;刺耳的;ad.急剧地,,,,
414,414/1522,negative,英['negәtiv],,a.负面的;消极的n.阴性,,,,
415,415/1522,nearby,英['niәbai],,a.附近的ad.在附近prep.在.....附近,,,,
416,416/1522,complex,英[kәm'pleks],,a.复杂的;合成的n.楼群,,,,
417,417/1522,embarrassed,英[im'bærәst],,a.尴尬的;难堪的;不好意思的,,,,
418,418/1522,grateful,英['greitful],,a.感激的;感谢的,,,,
419,419/1522,rigid,英['ridʒid],,a.严格的;硬性的;僵化的,,,,
420,420/1522,noble,英['nәubl],,a.高尚的;贵族的n.贵族,,,,
421,421/1522,individual,英[.indi'vidʒuәl],,a.个体的;单独的n.个人,,,,
422,422/1522,various,英['vєәriәs],,a.各种各样的;不同的,,,,
423,423/1522,respective,英[ri'spektiv],,a.各自的;分别的,,,,
424,424/1522,civil,英['sivәl],,a.国民的;民间的;民用的,,,,
425,425/1522,antique,英[æn'ti:k],,a.古老的;古风的n.古董,,,,
426,426/1522,constant,英['kɒnstәnt],,a.不断的;恒定的n.常数,,,,
427,427/1522,solid,英['sɒlid],,a.固体的;结实的n.固体,,,,
428,428/1522,conventional,英[kәn'venʃәnl],,a.传统的;惯例的;常规的,,,,
429,429/1522,brilliant,英['briljәnt],,a.灿烂的;杰出的;精彩的,,,,
430,430/1522,frightened,英['frait(ә)nd],,a.害怕的;受惊的,,,,
431,431/1522,curious,英['kjuәriәs],,a.好奇的;求知的;奇异的,,,,
432,432/1522,suitable,英['sju:tәbl],,a.合适的;适宜的,,,,
433,433/1522,gentle,英['dʒentl],,a.温和的;有礼貌的;轻柔的,,,,
434,434/1522,harmonious,英[hɑ:'mәuniәs],,a.和谐的;协调的,,,,
435,435/1522,nuclear,英['nju:kliә],,a.原子能的;核能的;核武器的,,,,
436,436/1522,likely,英['laikli],,a.可能的;适合的,,,,
437,437/1522,confused,英[kәn'fju:zd],,a.困惑的;糊涂的;迷茫的,,,,
438,438/1522,chemical,英['kemikl],,a.化学的n.化学制品;n.化学药品,,,,
439,439/1522,merry,英['meri],,a.欢乐的;愉快的,,,,
440,440/1522,living,英['liviŋ],,a.活的;现存的n.生活,,,,
441,441/1522,fundamental,英[.fʌndә'mentәl],,a.基础的n.基本原则;基本原理,,,,
442,442/1522,super,英['sju:pә(r)],,a.超级的;极好的,,,,
443,443/1522,superb,英[sju'pә:b],,a.极好的;俱佳的;壮丽的,,,,
444,444/1522,urgent,英['ә:dʒәnt],,a.急迫的;紧要的,,,,
445,445/1522,memorial,英[mi'mɒ:riәl],,a.纪念的n.纪念碑;纪念馆,,,,
446,446/1522,domestic,英[dәu'mestik],,a.国内的;家庭的;家用的,,,,
447,447/1522,FALSE,英[fɒ:ls],,a.错误的;假的;虚伪的,,,,
448,448/1522,firm,英[fә:m],,a.&ad.坚固的（地）;坚决的（地）n.公司,,,,
449,449/1522,tough,英[tʌf],,a.棘手的;艰苦的;粗野的,,,,
450,450/1522,brief,英[bri:f],,a.简短的v.概要;简报,,,,
451,451/1522,anxious,英['æŋʃәs],,a.焦虑的;渴望的;急切的,,,,
452,452/1522,lower,英['lәuә],,a.较低的;下游的v.降低,,,,
453,453/1522,elderly,英['eldәli],,a.年长的;上年纪的,,,,
454,454/1522,minor,英['mainә],,a.较小的;次要的n.辅修科目,,,,
455,455/1522,tight,英[tait],,a.紧的;密封的ad.紧紧地,,,,
456,456/1522,economic,英[.i:kә'nɒmik],,a.经济的;经济学的seq,word,phonetic,exchange,trans
457,457/1522,mental,英['mentl],,a.精神的;思想的;心智的,,,,
458,458/1522,vast,英[vɑ:st],,a.巨大的;广阔的;,,,,
459,459/1522,enormous,英[i'nɒ:mәs],,a.巨大的;庞大的;巨额的,,,,
460,460/1522,concrete,英['kɒnkri:t],,a.具体的n.混凝土,,,,
461,461/1522,military,英['militәri],,a.军事的;军用的;军队的,,,,
462,462/1522,visible,英['vizәbl],,a.看得见的;明显的,,,,
463,463/1522,visual,英['viʒuәl],,a.看得见的;可视的;视觉的,,,,
464,464/1522,scientific,英[.saiәn'tifik],,a.科学的;科学化的;系统的,,,,
465,465/1522,adorable,英[ә'dɒ:rәbl],,a.可爱的;可崇拜的;迷人的,,,,
466,466/1522,reliable,英[ri'laiәbl],,a.可靠的;可信赖的,,,,
467,467/1522,available,英[ә'veilәbl],,a.可用的;可得到的;有空的,,,,
468,468/1522,eager,英['i:gә],,a.渴望的;热切的,,,,
469,469/1522,positive,英['pɒzitiv],,a.阳性的;积极的;正面的;,,,,
470,470/1522,blank,英[blæŋk],,a.空白的n.空白,,,,
471,471/1522,generous,英['dʒenәrәs],,a.慷慨的;大方的;丰盛的,,,,
472,472/1522,broad,英[brɒ:d],,a.宽阔的;广泛的,,,,
473,473/1522,loose,英[lu:s],,a.宽松的ad.散漫地V.释放,,,,
474,474/1522,romantic,英[rәu'mæntik],,a.浪漫的;传奇式的,,,,
475,475/1522,optimistic,英[.ɒpti'mistik],,a.乐观（主义）的;看好的,,,,
476,476/1522,comprehension,英[.kɒmpri'henʃәn],,n.理解（力）;领悟（力）,,,,
477,477/1522,ideal,英[ai'diәl],,a.理想的;完美的n.理想,,,,
478,478/1522,instant,英['instәnt],,a.立即的;即食的;速溶的n.瞬间,,,,
479,479/1522,exceptional,英[ik'sepʃәnәl],,a.例外的;异常的;超常的,,,,
480,480/1522,polar,英['pәulә],,a.两极的;极地的,,,,
481,481/1522,amazing,英[ә'meiziŋ],,a.令人惊异的,,,,
482,482/1522,horrible,英['hɒrәbl],,a.可怕的;极讨厌的;恐怖的,,,,
483,483/1522,pleasant,英['pleznt],,a.令人愉快的;友好的,,,,
484,484/1522,fluent,英['flu:әnt],,a.流利的;流畅的,,,,
485,485/1522,logical,英['lɒdʒikәl],,a.逻辑的;符合逻辑的,,,,
486,486/1522,contradictory,英[.kɒntrә'diktәri],,a.矛盾的;对立的,,,,
487,487/1522,annual,英['ænjuәl],,a.每年的;年度的n.年刊,,,,
488,488/1522,weekly,英['wi:kli],,a.每星期的ad.每周一次n.周刊,,,,
489,489/1522,monthly,英['mʌnθli],,a.每月的ad.每月一次n.月刊,,,,
490,490/1522,slim,英[slim],,a.苗条的;微小的v.减肥,,,,
491,491/1522,sensitive,英['sensitiv],,a.敏感的;灵敏的,,,,
492,492/1522,plain,英[plein],,a.简单的;朴素的n.平原,,,,
493,493/1522,specific,英[spə'sɪfɪk],,a.明确的;具体的:特定的,,,,
494,494/1522,internal,英[in'tә:nәl],,a.内部的;国内的,,,,
495,495/1522,inner,英['inә],,a.里面的;内部的:内心的,,,,
496,496/1522,comprehensiv,英[kɒmpri'hensiv],,a.综合的;全面的;广泛的,,,,
497,497/1522,senior,英['si:njә],,a.年长的;地位较高的n.毕业班学生,,,,
498,498/1522,critical,英['kritikәl],,a.批评的;临界的;关键的,,,,
499,499/1522,flat,英[flæt],,a.平坦的ad.平直地n.BrE公寓,,,,
500,500/1522,ordinary,英['ɒ:dinәri],,a.普通的;平凡的;平庸的,,,,
501,501/1522,odd,英[ɒd],,a.奇数的;奇怪的,,,,
502,502/1522,organic,英[ɒ:'gænik],,a.有机的;器官的;有组织的,,,,
503,503/1522,humble,英['hʌmbl],,a.谦卑的;低下的;简陋的,,,,
504,504/1522,consistent,英[kәn'sistәnt],,a.一致的;稳定的;持续的,,,,
505,505/1522,potential,英[pә'tenʃәl],,a.潜在的;可能的n.潜能,,,,
506,506/1522,shallow,英['ʃælәu],,a.浅的;肤浅的,,,,
507,507/1522,intense,英[in'tens],,a.强烈的;激烈的;紧锣密鼓的seq,word,phonetic,exchange,trans
508,508/1522,innocent,英['inәsәnt],,a.无辜的;清白的;天真无邪的,,,,
509,509/1522,distinct,英[dis'tiŋkt],,a.清楚的;明显的;不同的,,,,
510,510/1522,fine,英[fain],,a.很好的;可以接受的;晴朗的v.&n.罚款,,,,
511,511/1522,global,英['glәubl],,a.全球的;全世界的;全局的,,,,
512,512/1522,overall,英['әuvәrɒ:l],,a.全部的ad.全部地;总体上n.背带裤,,,,
513,513/1522,awesome,英['ɒ:sәm],,a.了不起的;令人敬畏的;极好的,,,,
514,514/1522,enthusiastic,英[in.θju:zi'æstik],,a.热情的;热心的:狂热的,,,,
515,515/1522,artificial,英[.ɑ:ti'fiʃәl],,a.人工的;人造的;矫揉造作的,,,,
516,516/1522,flexible,英['fleksәbl],,a.柔韧的;易弯曲的;灵活的,,,,
517,517/1522,commercial,英[kә'mә:ʃәl],,a.商业的;商务的n.商业广告,,,,
518,518/1522,upper,英['ʌpә],,a.上面的;上部的;较高的,,,,
519,519/1522,socialist,英['sәuʃәlist],,a.社会主义的n.社会主义者,,,,
520,520/1522,corporate,英['kɒ:pәrit],,a.公司的;团体的;法人的,,,,
521,521/1522,vital,英['vaitl],,a.至关重要的;生死攸关的;有活力的,,,,
522,522/1522,grand,英[grænd],,a.宏伟的;盛大的,,,,
523,523/1522,disappointed,英[.disә'pɒintid],,a.失望的;沮丧的,,,,
524,524/1522,practical,英['præktikl],,a.实际的;实用的,,,,
525,525/1522,virtual,英['vә:tʃuәl],,a.实际上的;事实上的;虚拟的,,,,
526,526/1522,substantial,英[sәb'stænʃәl],,a.大量的;实质的;可观的,,,,
527,527/1522,appropriate,英[ә'prәupriәt],,a.适当的;恰当的;合适的,,,,
528,528/1522,familiar,英[fә'miljә],,a.热悉的;通晓的,,,,
529,529/1522,digital,英['didʒitәl],,a.数字的;数码的,,,,
530,530/1522,twin,英[twin],,a.双胞胎的n.（复）双胞胎,,,,
531,531/1522,sour,英['sauә],,a.酸的;发酸的;酸痛的,,,,
532,532/1522,subsequent,英['sʌbsikwәnt],,a.随后的;后来的;并发的,,,,
533,533/1522,random,英['rændәm],,a.随机的;任意的n.随机,,,,
534,534/1522,solar,英['sәulә],,a.太阳的;日光的,,,,
535,535/1522,greedy,英['gri:di],,a.贪婪的;贪心的,,,,
536,536/1522,frank,英[fræŋk],,a.坦白的;直率的,,,,
537,537/1522,favourite,英['feivәrit],,a.最喜爱的n.特别喜爱的人（或物）,,,,
538,538/1522,particular,英[pә'tikjulә],,a.特定的;特指的n.详情;细节,,,,
539,539/1522,characteristic,英[.kærәktә'ristik],,a.典型的;特有的n.特征;特性,,,,
540,540/1522,decent,英['di:sәnt],,a.像样的;正派的;得体的,,,,
541,541/1522,identical,英[ai'dentikәl],,a.完全相同的;同一的;一致的,,,,
542,542/1522,statistic,英[stә'tistik],,a.统计（学）的n.统计数值;统计学（statistics）,,,,
543,543/1522,dizzy,英['dizi],,a.头晕目眩的;心不在焉的,,,,
544,544/1522,outstanding,英[.aut'stændiŋ],,a.杰出的;突出的,,,,
545,545/1522,external,英[ik'stә:nl],,a.外部的;外面的,,,,
546,546/1522,overseas,英['әuvә'si:z],,a.外国的;海外的ad.在海外,,,,
547,547/1522,royal,英['rɒiәl],,a.王室的;高贵的,,,,
548,548/1522,unique,英[ju:'ni:k],,a.唯一的;独一无二的,,,,
549,549/1522,raw,英[rɒ:],,a.生的;未加工过的,,,,
550,550/1522,bitter,英['bitә],,a.味苦的;痛苦的;令人不快的,,,,
551,551/1522,mild,英[maild],,a.温和的:轻微的;味淡的,,,,
552,552/1522,literary,英['litәrәri],,a.文学的;精通文学的;书面的,,,,
553,553/1522,rare,英[rєә],,a.稀有的;稀罕的,,,,
554,554/1522,fond,英[fɒnd],,a.喜爱的;宠爱的,,,,
555,555/1522,comic,英['kɒmik],,a.喜剧的;滑稽的n.连环漫画,,,,
556,556/1522,dramatic,英[drә'mætik],,a.戏剧的;引人瞩目的;剧烈的,,,,
557,557/1522,strait,英[streit],,a.狭窄的n.海峡;困境,,,,
558,558/1522,fancy,英['fænsi],,a.想象的:花俏的n.&v.幻想seq,word,phonetic,exchange,trans
559,559/1522,narrow,英['nærәu],,a.狭窄的;狭隘的,,,,
560,560/1522,previous,英['pri:viәs],,a.以前的;早先的;ad.在...以前,,,,
561,561/1522,delicate,英['delikәt],,a.精美的;微妙的;娇弱的,,,,
562,562/1522,vivid,英['vivid],,a.生动的;逼真的;鲜艳的,,,,
563,563/1522,salty,英['sɒ:lti],,a.含盐的;咸味的,,,,
564,564/1522,contemporary,英[kәn'tempәrәri],,a.当代的;同时代的,,,,
565,565/1522,realistic,英[riә'listik],,a.现实的;实事求是的;逼真的,,,,
566,566/1522,rural,英['ruәrәl],,a.乡下的;农村的;田园的,,,,
567,567/1522,contrary,英['kɒntrәri],,a.相反的;对立的n.相反;反面,,,,
568,568/1522,backward,英['bækwәd],,a.向后的;后退的;落后的ad.向后,,,,
569,569/1522,academic,英[.ækә'demik],,a.学院的;学术的,,,,
570,570/1522,severe,英[si'viә],,a.严重的;严厉的;激烈的,,,,
571,571/1522,distant,英['distәnt],,a.远的;久远的;疏远的,,,,
572,572/1522,remote,英[ri'mәut],,a.遥远的;偏僻的n.遥控,,,,
573,573/1522,former,英['fɒ:mә],,a.以前的;前者的n.前者,,,,
574,574/1522,responsible,英[ri'spɒnsәbl],,a.负责的;有责任的;可靠的,,,,
575,575/1522,permanent,英['pә:mәnәnt],,a.永久的;持久的,,,,
576,576/1522,superior,英[sju:'piәriә],,a.上级的;优秀的n.上级;长者,,,,
577,577/1522,prior,英['praiә],,a.优先的ad.在前地,,,,
578,578/1522,elegant,英['eligәnt],,a.优雅的;端庄的,,,,
579,579/1522,ambitious,英[æm'biʃәs],,a.有抱负的;有野心的,,,,
580,580/1522,capable,英['keipәbl],,a.有能力的;胜任的,,,,
581,581/1522,creative,英[kri:'eitiv],,a.创造性的;创新的,,,,
582,582/1522,relevant,英['relivәnt],,a.相关的;切题的,,,,
583,583/1522,regular,英['regjulә],,a.&ad.定期的(地);有规律的(地),,,,
584,584/1522,historic,英[hi'stɒrik],,a.历史性的;有历史意义的,,,,
585,585/1522,gifted,英['giftid],,a.有天赋的;有才华的,,,,
586,586/1522,foggy,英['fɒgi],,a.有雾的;模糊的,,,,
587,587/1522,limited,英['limitid],,a.有限的;被限制的,,,,
588,588/1522,efficient,英[i'fiʃәnt],,a.有效率的;有能力的,,,,
589,589/1522,significant,英[sig'nifikәnt],,a.有意义的;重大的;重要的,,,,
590,590/1522,influential,英[.infu'enʃәl],,a.有影响的;有势力的,,,,
591,591/1522,guilty,英['gilti],,a.有罪的;内疚的,,,,
592,592/1522,primitive,英['primitiv],,a.原始的;远古的,,,,
593,593/1522,lunar,英['lu:nә],,a.月球的;农历的,,,,
594,594/1522,temporary,英['tempәrәri],,a.暂时的;临时的,,,,
595,595/1522,precious,英['preʃәs],,a.珍贵的;宝贵的,,,,
596,596/1522,genuine,英['dʒenjuin],,a.真实的;真正的:真诚的,,,,
597,597/1522,neat,英[ni:t],,a.整洁的;整齐的;灵巧的,,,,
598,598/1522,normal,英['nɒ:ml],,a.正常的;一般的n.常态,,,,
599,599/1522,accurate,英['ækjurәt],,a.准确的;精准的,,,,
600,600/1522,formal,英['fɒ:mәl],,a.官方的;正式的;正规的,,,,
601,601/1522,straightforward,英[streit'fɒ:wәd],,a.简单的;坦率的ad.直截了当地,,,,
602,602/1522,political,英[pә'litikl],,a.政治的;政党的,,,,
603,603/1522,aware,英[ә'wєә],,a.意识到的;知道的,,,,
604,604/1522,worthy,英['wə:ði],,a.值得的;有价值的,,,,
605,605/1522,remarkable,英[ri'mɑ:kәbl],,a.卓越的;非凡的;举世瞩目的,,,,
606,606/1522,worthwhile,英['wә:θ'hwail],,a.值得做的;合算的,,,,
607,607/1522,professional,英[prә'feʃәnl],,a.职业的;专门的n.专家,,,,
608,608/1522,botanical,英[bә'tænikәl],,a.植物学的;植物的,,,,
609,609/1522,crucial,英['kru:ʃәl],,a.至关重要的;决定性的seq,word,phonetic,exchange,trans
610,610/1522,racial,英['reiʃәl],,a.人种的;种族的,,,,
611,611/1522,subjective,英[sәb'dʒektiv],,a.主观的;主语的,,,,
612,612/1522,objective,英[әb'dʒektiv],,a.客观的n.目的;目标,,,,
613,613/1522,major,英['meidʒә],,a.重大的;主要的n.专业;主修科目,,,,
614,614/1522,chief,英[tʃi:f],,a.首要的;首席的n.首领,,,,
615,615/1522,patent,英['pætnt. 'peitnt],,a.专利的n.专利v.获得专利,,,,
616,616/1522,splendid,英['spendid],,a.壮丽的;辉煌的;极好的,,,,
617,617/1522,automatic,英[.ɒ:tә'mætik],,a.自动的;机械的;无意识的,,,,
618,618/1522,autonomous,英[ɒ:'tɒnәmәs],,a.自治的,,,,
619,619/1522,sufficient,英[sә'fiʃәnt],,a.足够的;充分的,,,,
620,620/1522,initial,英[i'niʃәl],,a.最初的;初始的n.首字母,,,,
621,621/1522,original,英[ә'ridʒәnl],,a.原始的;最初的n.原件,,,,
622,622/1522,folk,英[fәuk],,a.民间的;民族的n.人们,,,,
623,623/1522,outgoing,英['autgәuiŋ],,a.外向的;向外的,,,,
624,624/1522,male,英['mæli],,a.男性的;雄性的n.男人,,,,
625,625/1522,female,英['fi:meil],,a.女性的;雌性的n.女人,,,,
626,626/1522,communist,英['kɒmjunist],,a.共产主义的;n.共产党员,,,,
627,627/1522,surrounding,英[sә'raundiŋ],,a.周围的;附近的,,,,
628,628/1522,average,英['ævәridʒ],,a.平均的;普通的n.平均数,,,,
629,629/1522,current,英['kʌrәnt],,a.当前的;流通的n.(河、电)流,,,,
630,630/1522,detective,英[di'tektiv],,a.侦探的n.侦探,,,,
631,631/1522,apparently,英[ә'pærәntli],,ad.表面上;显然地,,,,
632,632/1522,further,英['fә:ðә],,ad.&a.更远的（地）v.促进;增进,,,,
633,633/1522,aboard,英[ә'bɒ:d],,ad.&prep.在（火车、飞机、轮船）上,,,,
634,634/1522,anyhow,英['enihau],,ad.总之;无论如何;不论怎样,,,,
635,635/1522,sometimes,英['sʌmtaimz],,ad.有时;时而,,,,
636,636/1522,barely,英['bєәli],,ad.仅仅;几乎没有,,,,
637,637/1522,hence,英[hens],,ad.因此;所以;从此,,,,
638,638/1522,apart,英[ә'pɑ:t],,ad.相隔;分散地a.分离的,,,,
639,639/1522,extremely,英[ik'stri:mli],,ad.极其;非常,,,,
640,640/1522,mostly,英['mәustli],,ad.几乎•全部地;主要地;大部分,,,,
641,641/1522,merely,英['miәli],,ad.仅仅;只不过,,,,
642,642/1522,precisely,英[pri'saisli],,ad.精确地;正好;恰恰,,,,
643,643/1522,absolutely,英['æbsәlu:tli],,ad.绝对地;完全地;肯定地,,,,
644,644/1522,immediately,英[i'mi:diәtli],,ad.立即;直接地conj.一...就,,,,
645,645/1522,otherwise,英['ʌðәwaiz],,ad.否则;要不然;除此以外,,,,
646,646/1522,obviously,英['ɔbviәsli],,ad.明显地;显然地,,,,
647,647/1522,frequently,英['fri:kwәntli],,ad.频繁地;时常,,,,
648,648/1522,indeed,英[in'di:d],,ad.确实;真正地,,,,
649,649/1522,nowhere,英['nәuhwєә],,ad.任何地方都不;没有地方,,,,
650,650/1522,thus,英[ðʌs],,ad.如此;因此;从而,,,,
651,651/1522,slightly,英['slaitli],,ad.稍微;略微,,,,
652,652/1522,actually,英['æktʃuәli],,ad.实际上;事实上,,,,
653,653/1522,altogether,英[.ɒ:ltә'geðә],,ad.全部地;总共;总而言之,,,,
654,654/1522,entirely,英[in'taiәli],,ad.完整地;彻底地,,,,
655,655/1522,nowadays,英['nauәdeiz],,ad如今;现在,,,,
656,656/1522,rather,英['ræðә],,ad.相当;宁愿;不如说,,,,
657,657/1522,forward,英['fɒ:wәd],,ad.向前a.向前的v.转发,,,,
658,658/1522,fortunately,英['fɒitʃәnitli],,ad.幸运地;幸亏,,,,
659,659/1522,definitely,英['definitli],,ad.肯定地;明确地seq,word,phonetic,exchange,trans
660,660/1522,afterward,英['ɑ:ftәwәd],,ad.以后;后来,,,,
661,661/1522,afterwards,英['ɑ:ftәwәdz],,ad.以后;后来,,,,
662,662/1522,somehow,英['sʌmhau],,ad.用某种方法;不知怎么地,,,,
663,663/1522,therefore,英['ðєәfɒ:],,ad.因此;所以,,,,
664,664/1522,forever,英[fә'revә],,ad.永远;总是,,,,
665,665/1522,due to,英[djuː tu],,ad.由于;应归于,,,,
666,666/1522,elsewhere,英['elshwєә],,ad.在别处;到别处,,,,
667,667/1522,downtown,英['daun'taun],,ad.在市区ad.市中心的,,,,
668,668/1522,downstairs,英['daun'stєәz],,ad.在楼下;往楼下a.楼下的,,,,
669,669/1522,aside,英[ә'said],,ad.在旁边;沿着边prep.在..旁边,,,,
670,670/1522,alongside,英[ә'lɒŋ'said],,ad.在旁边;沿着边prep.与..并肩,,,,
671,671/1522,ahead,英[ә'hed],,ad.在前面;向前;提前a.前面的,,,,
672,672/1522,literally,英['litәrәli],,ad.毫不夸张地;逐字地;照字面意义,,,,
673,673/1522,sincerely,英[sin'siәli],,ad.真诚的;真挚的,,,,
674,674/1522,eventually,英[i'ventʃuәli],,ad.终于;最后,,,,
675,675/1522,gradually,英['grædʒuәli],,ad.逐渐地;渐渐地,,,,
676,676/1522,ultimately,英['ʌltimәtli],,ad.最终;最后,,,,
677,677/1522,moreover,英[mɒ:'әuvә],,ad.而且;另外;此外,,,,
678,678/1522,nevertheless,英[.nevәðә'les],,ad.&conj.然而;不过,,,,
679,679/1522,throughout,英[θru:'aut],,prep.遍及;贯穿ad.到处,,,,
680,680/1522,despite,英[di'spait],,prep.尽管;不管,,,,
681,681/1522,plus,英[plʌs],,prep.力口上a.正的;附加的n.加号,,,,
682,682/1522,per,英[po(r)]美[p»],,prep.每;每（一个）,notfixed,,,
683,683/1522,beyond,英[bi'jɒnd],,prep.远于;超出ad.在更远处,,,,
684,684/1522,within,英[wi'ðin],,prep.在....之内ad.在内部,,,,
685,685/1522,onto,英['ɔntәj],,prep.到..之上;移向（某处）,,,,
686,686/1522,beneath,英[bi'ni:θ],,prep.在...下边ad.在下方,,,,
687,687/1522,somewhat,英['sʌmhwɒt],,pron.&ad.有点;稍微;颇有几分,,,,
688,688/1522,yourself,英[juә'self],,pron.[反身代词]你自己;你亲自,,,,
689,689/1522,goodbye,英[gud'bai],,(bye)int.再见n.说再见,,,,
690,690/1522,Mrs,英['mɪsɪz],,abbr.（已婚）太太;夫人,,,,
691,691/1522,PE,英[pei],(physical education),abbr.体育课;体能训练,,,,
692,692/1522,Ms,英[miz],,abbr.（不明婚否）女士,,,,
693,693/1522,Mr,英['mistә(r)],,abbr.先生,,,,
694,694/1522,BC,英[ˌbiː ˈsiː],,(Before Christ)公元前,,,,
695,695/1522,a.m.,英[ˌeɪ ˈem],,上午;午前,,,,
696,696/1522,p.m.,英[ˌpi: ˈem],,下午;午后,,,,
697,697/1522,tip,英[tip],,n.尖端;小费;小窍门,,,,
698,698/1522,lecture,英['lektʃә],,n.&v.演讲;讲课,,,,
699,699/1522,bounce,英[bauns],,n.弹力v.弹跳,,,,
700,700/1522,cancer,英['kænsә],,n.癌症,,,,
701,701/1522,arrangement,英[ә'reindʒmәnt],,n.安排;布置;整理,,,,
702,702/1522,security,英[si'kjuriti],,n.安全;证券;保安,,,,
703,703/1522,setting,英['setiŋ],,n.设置;环境;背景,,,,
704,704/1522,ballet,英['bælei],,n.芭蕾舞;芭蕾舞剧,,,,
705,705/1522,percentage,英[pә'sentidʒ],,n.百分率;百分比,,,,
706,706/1522,percent,英[pә'sent],,n.百分数;百分之,,,,
707,707/1522,spot,英[spɒt],,n.斑点;小疙瘩v.发现,,,,
708,708/1522,version,英['vә:ʒәn],,n.版本;译本;说法,,,,
709,709/1522,conflict,英['kɒnflikt],,n.&v.冲突;争论;斗争seq,word,phonetic,exchange,trans
710,710/1522,format,英[ˈfɔːmæt],,n.版式;格式v.格式化,,,,
711,711/1522,parcel,英['pɑ:sl],,n.包裹v.打包,,,,
712,712/1522,package,英['pækidʒ],,n.包装;包裹v.打包,,,,
713,713/1522,slice,英[slais],,n.薄片;切片v.切（薄）片,,,,
714,714/1522,mist,英[mɪst],,n.薄雾;迷雾,,,,
715,715/1522,conservation,英[.kɒnsә'veiʃәn],,n.保存;保护;守恒,,,,
716,716/1522,bowling,英['bәuliŋ],,n.保龄球,,,,
717,717/1522,insurance,英[in'ʃurәns],,n.保险;保险费,,,,
718,718/1522,exposure,英[ik'spәuʒә],,n.暴露;报道;曝光,,,,
719,719/1522,sorrow,英['sɒrәu],,n.悲哀;悲痛v.懊恼,,,,
720,720/1522,context,英['kɒntekst],,n.语境;上下文,,,,
721,721/1522,sheet,英[ʃi:t],,n.被单;薄片;工作表,,,,
722,722/1522,comparison,英[kәm'pærisn],,n.比较;对比,,,,
723,723/1522,handwriting,英['hændraitiŋ],,n.笔迹;书法,,,,
724,724/1522,edge,英[edʒ],,n.边缘;刀刃v.慢慢移动,,,,
725,725/1522,editor,英['editә],,n.编辑;编者,,,,
726,726/1522,variation,英[.vєәri'eiʃәn],,n.变化;变异;变奏曲,,,,
727,727/1522,discrimination,英[dis.krimi'neiʃәn],,n.歧视;区别;辨别力,,,,
728,728/1522,label,英['leibl],,n.标签v.用标签标明;贴标签,,,,
729,729/1522,criterion,英[krai'tiәriәn],（pl.criteria）,n.标准;准则,,,,
730,730/1522,ice-cream,英['aɪskri:m],,n.冰淇淋,,,,
731,731/1522,virus,英['vaiәrәs],,n.病毒,,,,
732,732/1522,ward,英[wɔːd],,n.病房v.避开;守护,,,,
733,733/1522,wave,英[weiv],,n.波浪v.波动;挥手,,,,
734,734/1522,blog,英[blɒɡ],,n.博客,,,,
735,735/1522,shortage,英['ʃɒ:tidʒ],,n.不足;缺点,,,,
736,736/1522,cloth,英[klɒ:θ. klɒθ],,n.布;衣料;桌布,,,,
737,737/1522,pudding,英['pudiŋ],,n.布丁,,,,
738,738/1522,pace,英[peis],,n.步伐;步调v.踱步,,,,
739,739/1522,department,英[di'pɑ:tmәnt],,n.部;局;处;系,,,,
740,740/1522,minister,英['ministә],,n.部长;大臣,,,,
741,741/1522,talent,英['tælәnt],,n.天赋;才能;人才,,,,
742,742/1522,material,英[mә'tiәriәl],,n.材料;物资a.物质的,,,,
743,743/1522,property,英['prɒpәti],,n.财产;资产;属性,,,,
744,744/1522,finance,英[fai'næns],,n.财政;金融;为...提供资金,,,,
745,745/1522,tailor,英['teilә],,n.裁缝v.缝制;定制,,,,
746,746/1522,operator,英['ɒpәreitә],,n.操作员;经营者,,,,
747,747/1522,draft,英[dræft. drɑ:ft],,n.草稿;草案v.起草,,,,
748,748/1522,profile,英['prәufail],,n.轮廓;文件;人物简介,,,,
749,749/1522,teapot,英['ti:pɒt],,n.茶壶,,,,
750,750/1522,saucer,英['sɒ:sә],,n.小碟子;茶碟,,,,
751,751/1522,output,英['autput],,n.产量;输出v.输出,,,,
752,752/1522,generation,英[.dʒenә'reiʃәn],,n.一代人;一批;一届,,,,
753,753/1522,occasion,英[ә'keiʒәn],,n.场合;时机;理由,,,,
754,754/1522,damp,英[dæmp],,n.潮湿;阻尼a.潮湿的v.使潮湿,,,,
755,755/1522,vehicle,英['vi:ikl],,n.车辆;交通工具;运载工具,,,,
756,756/1522,achievement,英[ә'tʃi:vmәnt],,n.成就;完成,,,,
757,757/1522,adult,英['ædʌlt],,n.成年人a・成年的;成熟的,,,,
758,758/1522,kit,英[kit],,n.工具箱;用具包,,,,
759,759/1522,castle,英['kæsl. 'kɑ:sl],,n.城堡;堡垒,,,,
760,760/1522,procedure,英[prә'si:dʒә],,n.程序;手续;步骤,,,,
761,761/1522,credit,英['kredit],,n.信用;贷款v.相信seq,word,phonetic,exchange,trans
762,762/1522,pond,英[pɒnd],,n.池塘;池子,,,,
763,763/1522,duration,英[dju'reiʃәn],,n.持续;持续时间;期间,,,,
764,764/1522,possession,英[pә'zeʃәn],,n.持有;所有权;财产,,,,
765,765/1522,dimension,英[dai'menʃәn],,n.维度;体积;方面,,,,
766,766/1522,equator,英[i'kweitә],,n.赤道,,,,
767,767/1522,impact,英['impækt],,v.对...有影响;n.影响撞击,,,,
768,768/1522,drawer,英['drɒ:ә],,n.抽屉,,,,
769,769/1522,exit,英['eksit],,n.出口;通道,,,,
770,770/1522,chef,英[ʃef],,n.厨师长;厨师,,,,
771,771/1522,cupboard,英['kʌpbɒ:d],,n.橱柜;碗柜,,,,
772,772/1522,reserve,英[ri'zә:v],,n.储备;自然保护区v.预订;保留,,,,
773,773/1522,infection,英[in'fekʃәn],,n.传染;感染,,,,
774,774/1522,tradition,英[trә'diʃәn],,n.传统;惯例,,,,
775,775/1522,curtain,英['kә:tәn],,n.窗帘;幕布V.遮蔽,,,,
776,776/1522,innovation,英[.inәu'veiʃәn],,n.创新;革新,,,,
777,777/1522,vocabulary,英[vә'kæbjulәri],,n.词汇;词汇表;词汇量,,,,
778,778/1522,charity,英['tʃæriti],,n.慈善;仁慈;施舍,,,,
779,779/1522,disk,英[disk],(disc),n.磁盘;光盘;唱片,,,,
780,780/1522,jungle,英['dʒʌŋgl],,n.丛林;危险地带;一团*,,,,
781,781/1522,cottage,英['kɒtidʒ],,n.村舍;小屋;平房,,,,
782,782/1522,file,英[fail],,n.文件;档案v.把……归档,,,,
783,783/1522,error,英['erә],,n.错误;过失,,,,
784,784/1522,majority,英[mә'dʒɒriti],,n.大多数;成年,,,,
785,785/1522,mass,英[mæs],,n.团（堆）;大量;群众,,,,
786,786/1522,continent,英['kɒntinәnt],,n.大陆;洲,,,,
787,787/1522,atmosphere,英['ætmәsfiә],,n.大气层;气氛;氛围,,,,
788,788/1522,master,英['mɑ:stә. 'mæstә],,n.硕士;大师v.精通,,,,
789,789/1522,lap,英[læp],,n.膝部;一圈V.重叠,,,,
790,790/1522,representative,英[.repri'zentәtiv],,n.代表a.典型的;有代表性的,,,,
791,791/1522,agency,英['eidʒәnsi],,n.代理;代理商;中介,,,,
792,792/1522,loan,英[lәun],,n.贷款;租借v.借出,,,,
793,793/1522,treatment,英['tri:tmәnt],,n.治疗;待遇;处理,,,,
794,794/1522,kangaroo,英[.kæŋgә'ru:],,n.袋鼠,,,,
795,795/1522,protein,英['prәuti:in],,n.蛋白;蛋白质,,,,
796,796/1522,client,英['klaiәnt],,n.客户;顾客;委托人,,,,
797,797/1522,missile,英['misail],,n.导弹;发射物,,,,
798,798/1522,virtue,英['vә:tju:],,n.善;美德;德行,,,,
799,799/1522,lamp,英[læmp],,n.灯;灯泡;灯具,,,,
800,800/1522,lantern,英['læntәn],,n.灯笼;提灯,,,,
801,801/1522,click,英[klik],,n.滴答声v.点击;发出滴答声,,,,
802,802/1522,resistance,英[ri'zistәns],,n.抵抗;抵制;阻力;电阻,,,,
803,803/1522,region,英['ri:dʒәn],,n.地区;范围;部位,,,,
804,804/1522,district,英['distrikt],,n.地区;行政区,,,,
805,805/1522,zone,英[zәun],,n.地带;区域v.分区,,,,
806,806/1522,carpet,英['kɑ:pit],,n.地毯;毛毯v.铺地毯,,,,
807,807/1522,subway,英['sʌbwei],,n.地铁;赛百味,,,,
808,808/1522,electricity,英[.ilek'trisiti],,n.电力;电流;电学,,,,
809,809/1522,battery,英['bætәri],,n.电池;蓄电池;炮台,,,,
810,810/1522,initiative,英[i'niʃiәtiv],,n.主动（性/权）;法案a.主动的,,,,
811,811/1522,rainbow,英['reinbәu],,n.彩虹seq,word,phonetic,exchange,trans
812,812/1522,wire,英['waiә],,D.金属丝;电线;电报v.接通,,,,
813,813/1522,sculpture,英['skʌlptʃә],,n.雕刻;雕塑,,,,
814,814/1522,definition,英[.defi'niʃәn],,n.定义;释义;清晰度,,,,
815,815/1522,motive,英['mәutiv],,n.动机;原因a.发动的,,,,
816,816/1522,insight,英['insait],,n.洞察力;见识,,,,
817,817/1522,cave,英[keiv],,n.洞穴,,,,
818,818/1522,poison,英['pɒizn],,n.毒药（物）.毒害;污染,,,,
819,819/1522,sock,英[sɒk],,n.短袜;袜子,,,,
820,820/1522,phrase,英[freiz],,n.短语;习语,,,,
821,821/1522,paragraph,英['pærәgrɑ:f],,n.段落;小新闻;短评,,,,
822,822/1522,contrast,英[kәn'træst],,n.对比;反差v.对比;对照,,,,
823,823/1522,opponent,英[ә'pәunәnt],,n.对手;竞争者;反对者,,,,
824,824/1522,alternative,英[ɒ:l'tә:nәtiv],,n.替代品;另类a.供选择的;替代的,,,,
825,825/1522,motor,英['mәutә],,n.发动机;汽车,,,,
826,826/1522,engine,英['endʒin],,n.发动机;引擎,,,,
827,827/1522,finding,英['faindiŋ],,n.发现;调查结果,,,,
828,828/1522,court,英[kɒ:t],,n.法院;法庭;球场,,,,
829,829/1522,reaction,英[ri'ækʃәn],,n.反应;反作用;化学反应,,,,
830,830/1522,range,英['reindʒ],,n.范围v.（在一定范围）变动;包括,,,,
831,831/1522,means,英[mi:nz],,n.方法;手段,,,,
832,832/1522,manner,英['mænә],,n.方式;举止;规矩,,,,
833,833/1522,mode,英[mәud],,n.方式;式样,,,,
834,834/1522,defence,英[di'fens],(defense),n.防御;防卫;辩护,,,,
835,835/1522,estate,英[i'steit],,n.房地产;财产,,,,
836,836/1522,apartment,英[ә'pɑ:tmәnt],,n.（美）公寓;房间,,,,
837,837/1522,room,英[ru:m],,n.房间;空间;余地,,,,
838,838/1522,flight,英[flait],,n.航班;飞行,,,,
839,839/1522,soap,英[sәup],,n.肥皂,,,,
840,840/1522,lung,英[lʌŋ],,n.肺;肺脏,,,,
841,841/1522,distribution,英[.distrә'bju:ʃәn],,n.分布;分发;分配,,,,
842,842/1522,division,英[di'viʒәn],,n.分割;部门;(数)除法,,,,
843,843/1522,boundary,英['baundri],,n.分界线;范围;边界,,,,
844,844/1522,anger,英['æŋgә],,n.愤怒v.激怒;发怒,,,,
845,845/1522,style,英[stail],,n.风格;样式,,,,
846,846/1522,landscape,英['lændskeip],,n.风景;景色;景观,,,,
847,847/1522,madam,英['mædәm],,n.夫人;太太,,,,
848,848/1522,costume,英['kɒstju:m],,n.服饰;戏服,,,,
849,849/1522,symbol,英['simbl],,n.符号;标志;象征,,,,
850,850/1522,radiation,英[.reidi'eiʃәn],,n.辐射;发光;放射物,,,,
851,851/1522,welfare,英['welfєә],,n.福利;幸福,,,,
852,852/1522,concept,英['kɒnsept],,n.概念;观念;理念,,,,
853,853/1522,rugby,英['rʌ^bi],,n.英式橄榄球,,,,
854,854/1522,cheese,英[tʃi:z],,n.干酪;奶酪,,,,
855,855/1522,steel,英[sti:l],,n.钢;钢铁,,,,
856,856/1522,piano,英[pi'ɑ:nәu],,n.钢琴,,,,
857,857/1522,port,英[pɒ:t],,n.港口,,,,
858,858/1522,golf,英[gɒlf],,n.高尔夫球,,,,
859,859/1522,lamb,英[læm],,n.羔羊;羔羊肉,,,,
860,860/1522,account,英[ә'kaunt],,n.账户;账目v.解释,,,,
861,861/1522,panic,英['pænik],,n.恐慌;惊恐a.恐慌的seq,word,phonetic,exchange,trans
862,862/1522,opera,英['ɒpәrә],,n.歌剧;歌剧院,,,,
863,863/1522,wage,英[weidʒ],,n.工资;周薪,,,,
864,864/1522,institution,英[.insti'tju:ʃәn],,n.机构;制度;协会,,,,
865,865/1522,citizen,英['sitizn],,n.公民;市民;居民,,,,
866,866/1522,company,英['kʌmpәni],,n.公司;陪伴,,,,
867,867/1522,document,英['dɒkjumәnt],,n.文件;文档v.记录,,,,
868,868/1522,AD,英[æd;әd;id],,abbr.公元(AnnoDomini),,,,
869,869/1522,justice,英['dʒʌstis],,n.正义;公平;审判,,,,
870,870/1522,function,英['fʌŋkʃәn],,n.功能;（数）函数v.运转,,,,
871,871/1522,arch,英[ɑːtʃ],,n.拱形;拱门v.拱起,,,,
872,872/1522,republic,英[ri'pʌblik],,n.共和国;共和制,,,,
873,873/1522,contribution,英[.kɒntri'bju:ʃәn],,n.贡献;捐赠;出资,,,,
874,874/1522,constitution,英[.kɒnsti'tju:ʃәn],,n.宪法;体制;章程,,,,
875,875/1522,grain,英[grein],,n.粮食;谷物;颗粒,,,,
876,876/1522,bone,英[bәun],,n.骨头;骨骼,,,,
877,877/1522,tale,英[teil],,n.故事;传说;童话,,,,
878,878/1522,anxiety,英[æŋ'zaiәti],,n.焦虑;担心;渴望,,,,
879,879/1522,official,英[ә'fiʃәl],,n.官员a.官方的;正式的,,,,
880,880/1522,tube,英[tju:b],,n.管道;地铁;电视,,,,
881,881/1522,pipe,英[paip],,n.管子;烟斗;笛子,,,,
882,882/1522,champion,英['tʃæmpiәn],,n.冠军;捍卫者,,,,
883,883/1522,pot,[pɒt],,n.锅;罐;壶,,,,
884,884/1522,tank,英[tæŋk],,n.罐;坦克,,,,
885,885/1522,honour,英['ɒnә],(honor),n.光荣;荣誉v.感到荣幸;表扬,,,,
886,886/1522,ray,英[rei],,n.光线;射线,,,,
887,887/1522,extent,英[ik'stent],(ad),n.程度;范围;广度,,,,
888,888/1522,advertisement,英[.ædvә'taizmәnt],,n.广告;宣传,,,,
889,889/1522,orbit,英['ɒ:bit],,n.轨道;眼眶v.沿轨道绕行,,,,
890,890/1522,trick,英[trik],,n.诡计;圈套v.欺骗,,,,
891,891/1522,nationality,英[.næʃә'nælәti],,n.国籍;民族,,,,
892,892/1522,frontier,英['frʌntjә],,n.边境;国境;前沿,,,,
893,893/1522,core,英[kɔː(r)],,n.核心;中心;果核,,,,
894,894/1522,process,英['prɒses],,n.过程;工序v.加工,,,,
895,895/1522,fault,英[fɒ:lt],,n.过失;缺点,,,,
896,896/1522,shore,英[ʃɒ:],,n.岸;海岸,,,,
897,897/1522,navy,英['neivi],,n.海军;卫星导航系统,,,,
898,898/1522,dolphin,英['dɒlfin],,n.海豚,,,,
899,899/1522,bay,英[bei],,n.海湾;港湾,,,,
900,900/1522,channel,英['tʃænәl],,n.频道;海峡,,,,
901,901/1522,ocean,英['әuʃәn],,n.海洋,,,,
902,902/1522,sweat,英[swet],,n.汗v.出汗,,,,
903,903/1522,drought,英[draut],,n.干旱;旱灾,,,,
904,904/1522,behaviour,英[bi'heivjә],,n.行为;性能,,,,
905,905/1522,airline,英['єәlain],,n.航空公司;航线a.航线的,,,,
906,906/1522,millimetre,英['milimi:tә],(millimeter),n.毫米,,,,
907,907/1522,favour,英['feivә],(fovor),n.支持;宠爱v.赞成;有利于,,,,
908,908/1522,chorus,英['kɒ:rәs],,n.合唱队v.合唱,,,,
909,909/1522,contract,英['kɒntrækt],,n.合同;契约v.订合同,,,,
910,910/1522,partner,英['pɑ:tnә],,n.合伙人;伙伴;情侣,,,,
911,911/1522,jaw,英[dʒɒ:],,n.下巴;下颌;颗seq,word,phonetic,exchange,trans
912,912/1522,flood,英[flʌd],,n.洪水v.发洪水;涌进（出）,,,,
913,913/1522,candidate,英['kændideit],,n.候选人;申请者;报考者,,,,
914,914/1522,breath,英[breθ],,n.呼吸;气息;一口气,,,,
915,915/1522,fox,英[fɒks],,n.狐狸,,,,
916,916/1522,pepper,英['pepә],,n.胡椒;胡椒粉;辣椒,,,,
917,917/1522,beard,英[biәd],,n.胡须;络腮胡,,,,
918,918/1522,expense,英[ik'spens],,n.费用;花销;开支,,,,
919,919/1522,vase,英[veis],,n.花瓶;瓶子,,,,
920,920/1522,chemist,英['kemist],,n.化学家;药剂师;药店,,,,
921,921/1522,studio,英['stju:diәu],,n.录音（像）室;工作室;摄影棚,,,,
922,922/1522,topic,英['tɒpik],,n.话题;题目;论题,,,,
923,923/1522,joy,英[dʒɒi],,n.欢乐;乐趣;乐事,,,,
924,924/1522,circuit,英['sә:kit],,n.电路;巡回;赛车场,,,,
925,925/1522,fantasy,英['fæntәsi],,n.幻想;奇幻;白日梦,,,,
926,926/1522,emperor,英['empәrә],,n.皇帝;君主,,,,
927,927/1522,butter,英['bʌtә],,n.黄油;牛油v.涂黄油于,,,,
928,928/1522,dust,英[dʌst],,n.灰尘;尘土v.去除灰尘,,,,
929,929/1522,response,英[ri'spɒns],,n.回答;回应;响应,,,,
930,930/1522,conference,英['kɒnfәrәns],,n.会议;讨论会;商讨会,,,,
931,931/1522,session,英['seʃәn],,n.一场（活动）;会期;学期,,,,
932,932/1522,membership,英['membәʃip],,n.会员资格,,,,
933,933/1522,wedding,英['wediŋ],,n.婚礼;结婚,,,,
934,934/1522,mixture,英['mikstʃә],,n.混合;混合物,,,,
935,935/1522,chaos,英['keiɒs],,n.混乱;紊乱,,,,
936,936/1522,energy,英['enәdʒi],,n.活力;能量,,,,
937,937/1522,turkey,英['tә:ki],,n.火鸡,,,,
938,938/1522,rocket,英['rɒkit],,n.火箭v.迅速上升;猛涨,,,,
939,939/1522,volcano,英[vɒl'keinәu],,n.火山,,,,
940,940/1522,ham,英[hæm],,n.火腿,,,,
941,941/1522,goods,英[guds],,n.货物;商品,,,,
942,942/1522,opportunity,英[.ɒpә'tju:niti],,n.机会;机遇,,,,
943,943/1522,muscle,英['mʌsl],,n.肌肉;体力;力量,,,,
944,944/1522,basis,英['beisis],,n.基础;根据;底部,,,,
945,945/1522,foundation,英[faun'deiʃәn],,n.基础;地基;基金会;创建,,,,
946,946/1522,rating,英['reitiŋ],,n.等级;级别,,,,
947,947/1522,disease,英[di'zi:z],,n・病;疾病,,,,
948,948/1522,dormitory,英['dɒ:mitәri],,n.宿舍;集体宿舍,,,,
949,949/1522,geometry,英[dʒi'ɒmәtri],,n.几何;几何形状,,,,
950,950/1522,recording,英[ri'kɒ:diŋ],,n.录音;录制;记录,,,,
951,951/1522,memory,英['memәri],,n.记忆;回忆;内存,,,,
952,952/1522,journalist,英['dʒә:nәlist],,n.记者;新闻工作者,,,,
953,953/1522,discipline,英['disiplin],,n.纪律;学科v.训练,,,,
954,954/1522,mechanic,英[mi'kænik],,n.机械师;技工,,,,
955,955/1522,technique,英[tek'ni:k],,n.技术;技巧;方法,,,,
956,956/1522,addition,英[ә'diʃәn],,n.增加;添加;加法,,,,
957,957/1522,fellow,英['felәu],,n.家伙;同辈a.同伴的,,,,
958,958/1522,guy,英[gai],,n.家伙;男人,,,,
959,959/1522,furniture,英['fәnitʃә],,n.家具;装置,,,,
960,960/1522,household,英['haushәuld],,n.家庭;住户a.家庭的;日常的,,,,
961,961/1522,assumption,英[ә'sʌmpʃәn],,n.假定;承担seq,word,phonetic,exchange,trans
962,962/1522,shelf,英[ʃelf],,n.架子;书架;搁板,,,,
963,963/1522,nut,英[nʌt],,n.坚果;螺母;难对付的人或问题,,,,
964,964/1522,resolution,英[.rezә'lu:ʃәn],,n.决议;坚定;分辨率,,,,
965,965/1522,prison,英['prizn],,n.监狱;牢笼;监禁,,,,
966,966/1522,inspection,英[in'spekʃәn],,n.视察;检查;审查,,,,
967,967/1522,relief,英[ri'li:f],,n.缓解;减轻;救济品,,,,
968,968/1522,construction,英[kәn'strʌkʃәn],,n.建造;建筑物;结构,,,,
969,969/1522,architect,英['ɑ:kitekt],,n.建筑师;设计师;架构师,,,,
970,970/1522,gym,英[dʒim],,n.健身房;体育馆,,,,
971,971/1522,arrow,英['ærәu],,n.箭头;箭状物,,,,
972,972/1522,bonus,英['bәunәs],,n.奖金;红利;补贴,,,,
973,973/1522,scholarship,英['skɒlәʃip],,n.奖学金;学术成就,,,,
974,974/1522,medal,英['medl],,n.奖章;勋章v.获奖,,,,
975,975/1522,capsule,英['kæpsju:l],,n.胶囊;小容器;太空舱,,,,
976,976/1522,angle,英['æŋgl],,n.角;角度;立场,,,,
977,977/1522,professor,英[prә'fesә],,n.教授,,,,
978,978/1522,church,英[tʃә:tʃ],,n.教堂;教会a.礼拜的,,,,
979,979/1522,educator,英['edjukeitә],,n.教育家;教师,,,,
980,980/1522,phase,英[feɪz],,n.阶段;时期,,,,
981,981/1522,receptionist,英[ri'sepʃәnist],,n.接待员;前台,,,,
982,982/1522,joint,英[dʒɒint],,a.联合的;共同的n.关节;节点,,,,
983,983/1522,classic,英['klæsik],,a.经典的n.杰作;名著,,,,
984,984/1522,structure,英['strʌktʃә],,n.结构;建筑物v.系统组织,,,,
985,985/1522,consequence,英['kɒnsikwәns],,n.结果;后果,,,,
986,986/1522,outcome,英['autkʌm],,n.结果;成果,,,,
987,987/1522,effect,英[i'fekt],,n.效果;作用v.使发生,,,,
988,988/1522,bond,英[bɒnd],,n.债券;纽带;联系,,,,
989,989/1522,marriage,英['mæridʒ],,n.结婚;婚姻,,,,
990,990/1522,conclusion,英[kәn'klu:ʒәn],,n.结论;总结;推论,,,,
991,991/1522,solution,英[sә'lu:ʃәn],,n.解决办法;解答;溶解,,,,
992,992/1522,liberation,英[.libә'reiʃәn],,n.解放;释放,,,,
993,993/1522,intervention,英[.intә'venʃәn],,n.介入;干预;调节,,,,
994,994/1522,presentation,英[.prezәn'teiʃәn],,n.展示;陈述;讲座;颁发,,,,
995,995/1522,metal,英['metәl],,n.金属;金属制品,,,,
996,996/1522,plate,英[pleit],,n.盘子;碟子,,,,
997,997/1522,emergency,英[i'mә:dʒәnsi],,n.紧急情况;急诊;应急,,,,
998,998/1522,tournament,英['tә:nәmәnt],,n.锦标赛;联赛,,,,
999,999/1522,access,英['ækses],,n.访问;准入;存取v.获取（计算机文件）,,,,
1000,1000/1522,entry,英['entri],,n.进入;入口;登录,,,,
1001,1001/1522,administration,英[әd.mini'streiʃәn],,n.管理;行政;行政机关,,,,
1002,1002/1522,alarm,英[ә'lɑ:m],,n.警报;惊恐v.使恐慌,,,,
1003,1003/1522,whale,英[hweil],,n.鲸;鲸鱼,,,,
1004,1004/1522,scene,英[si:n],,n.场景;情景;景色,,,,
1005,1005/1522,prospect,英['prɒspekt],,n.前景;前途;展望,,,,
1006,1006/1522,warning,英['wɒ:niŋ],,n.警告;告诫a.警告的,,,,
1007,1007/1522,mirror,英['mirә],,n.镜子v.反映,,,,
1008,1008/1522,alcohol,英['ælkәhɒl],,n.酒精;乙醇,,,,
1009,1009/1522,ambulance,英['æmbjulәns],,n.救护车;急救车,,,,
1010,1010/1522,saving,英['seiviŋ],,n.节约;储蓄;挽救,,,,
1011,1011/1522,resident,英['rezidәnt],,n.居民;常住者a.居住的seq,word,phonetic,exchange,trans
1012,1012/1522,drama,英['drɑ:mә],,n.戏剧;剧本,,,,
1013,1013/1522,distance,英['distәns],,n.距离;路程;远程v.疏远,,,,
1014,1014/1522,hurricane,英['hә:rikәn],,n.飓风,,,,
1015,1015/1522,venue,英['venju:],,n.聚会地点;会场;场合,,,,
1016,1016/1522,jazz,英[dʒæz],,n.爵士乐;爵士舞,,,,
1017,1017/1522,rank,英[ræŋk],,n.等级;排名v.分等级;排列,,,,
1018,1018/1522,county,英['kaunti],,n.郡;县;区县,,,,
1019,1019/1522,cafe,英[kɑ:'fei],,n.咖啡馆;小餐馆,,,,
1020,1020/1522,calorie,英['kælәri],,n.卡路里（热量单位）,,,,
1021,1021/1522,switch,英[switʃ],,n.开关v.转换;切换,,,,
1022,1022/1522,exam,英[ig'zæm],(examination),n.考试;检查;测验,,,,
1023,1023/1522,toast,英[tәust],,n.烤面包;敬酒v.向……敬酒;烘烤,,,,
1024,1024/1522,barbecue,英['bɑ:bikju:],,n.&v.烧烤,,,,
1025,1025/1522,gramme,英[græm],(gram),n.克（重量单位）,,,,
1026,1026/1522,leisure,英['li:ʒә],,n.空闲;悠闲,,,,
1027,1027/1522,Confucius,英[kәn'fju:ʃjәs],,n.孔子,,,,
1028,1028/1522,dinosaur,英['dainәsɒ:],,n.恐龙,,,,
1029,1029/1522,threat,英[θret],,n.威胁、;恐吓;凶兆,,,,
1030,1030/1522,accent,英['æksәnt],,n.口音;重音;腔调,,,,
1031,1031/1522,snack,英[snæk],,n.小吃;零食,,,,
1032,1032/1522,mineral,英['minәrәl],,n.矿物;矿石a.矿物的,,,,
1033,1033/1522,insect,英['insekt],,n.昆虫,,,,
1034,1034/1522,expansion,英[ik'spænʃәn],,n.扩张;膨胀;详述,,,,
1035,1035/1522,garbage,英['gɑ:bidʒ],,n.垃圾,,,,
1036,1036/1522,labour,英['leibә],(labor),n.劳动;劳工,,,,
1037,1037/1522,thunder,英['θʌndә],,n.雷声v.打雷;大喊,,,,
1038,1038/1522,radium,英[ˈreɪdiəm],,n.镭;镭元素,,,,
1039,1039/1522,centimetre,英['sentimi:tә(r)],,n.厘米,,,,
1040,1040/1522,departure,英[di'pɑ:tʃә],,n.离开;起程,,,,
1041,1041/1522,fence,英[fens],,n.篱笆v.用篱笆围住;击剑,,,,
1042,1042/1522,theory,英['θiәri],,n.理论;学说;见解,,,,
1043,1043/1522,council,英['kaunsәl],,n.会议;委员会;理事会,,,,
1044,1044/1522,power,英['pauә],,n.力量;功率;权力;电力,,,,
1045,1045/1522,strength,英[streŋθ],,n.力量;实力,,,,
1046,1046/1522,profit,英['prɒfit],,n.利润;收益v.得利;有利于,,,,
1047,1047/1522,behalf,英[bi'hɑ:f],,n.代表（某人）;为了（某人）,,,,
1048,1048/1522,routine,英[ru:'ti:n],,n.常规;例行a.常规的;例行的,,,,
1049,1049/1522,instance,英['instәns],,n.例子;示例;情况,,,,
1050,1050/1522,association,英[ә.sәuʃә'eiʃәn],,n.协会;联盟;联合,,,,
1051,1051/1522,practice,英['præktis],,n.练习;实践,,,,
1052,1052/1522,chain,英[tʃein],,n.链条;连锁v.用链条锁住,,,,
1053,1053/1522,neighbour,英['neibә],(neighbor),n.邻居;邻国,,,,
1054,1054/1522,neighbourhood,英['neibәhud],,n.邻近;附近;邻里关系,,,,
1055,1055/1522,soul,英[sәul],,n.灵魂;精神,,,,
1056,1056/1522,facility,英[fә'siliti],,n.设施;场所;天赋,,,,
1057,1057/1522,leadership,英['li:dәʃip],,n.领导;领导力,,,,
1058,1058/1522,territory,英['teritәri],,n.领土;版图;领域,,,,
1059,1059/1522,domain,英[dәu'mein],,n.领域;范围;域名,,,,
1060,1060/1522,skateboard,英['skeitbɔ:d],,n.滑板v.用滑板滑行,,,,
1061,1061/1522,fashion,英['fæʃәn],,n.时尚;流行;方式,,,,
1062,1062/1522,dragon,英['drægәn],,n.龙,,,,
1063,1063/1522,cage,英[keidʒ],,n.笼子;牢房v.把……关入牢笼seq,word,phonetic,exchange,trans
1064,1064/1522,stair,英[stєә],,n.楼梯;阶梯,,,,
1065,1065/1522,deer,英[diә],,n.鹿,,,,
1066,1066/1522,route,英[ru:t],,n.路线;航线;路径,,,,
1067,1067/1522,outline,英['autlain],,n.大纲;轮廓v.概述,,,,
1068,1068/1522,camel,英['kæml],,n.骆驼,,,,
1069,1069/1522,performance,英[pә'fɒ:mәns],,n.表演;表现;执行,,,,
1070,1070/1522,lawyer,英['lɒ:jә],,n.律师;法学家,,,,
1071,1071/1522,marathon,英['mærәθәn],,n.马拉松赛跑,,,,
1072,1072/1522,circus,英['sә:kәs],,n.马戏团;杂技团,,,,
1073,1073/1522,satisfaction,英[.sætis'fækʃәn],,n.满足;满意,,,,
1074,1074/1522,towel,英['tauәl],,n.毛巾;手巾,,,,
1075,1075/1522,blanket,英['blæŋkit],,n.毛毯;毯子v.覆盖,,,,
1076,1076/1522,adventure,英[әd'ventʃә],,n.冒险;奇遇,,,,
1077,1077/1522,medium,英['mi:diәm],,a.中等的n.媒介;方法,,,,
1078,1078/1522,beauty,英['bju:ti],,n.美;美丽;美人,,,,
1079,1079/1522,violence,英['vaiәlәns],,n.暴力;暴行;激烈,,,,
1080,1080/1522,riddle,英['ridl],,n.谜;谜语,,,,
1081,1081/1522,metre,英['mi:tә],,n.米;公尺,,,,
1082,1082/1522,plot,英[plɒt],,n.情节;阴谋v.密谋;绘制,,,,
1083,1083/1522,honey,英['hʌni],,n.蜂蜜a.亲爱的,,,,
1084,1084/1522,cotton,英['kɒtn],,n.棉花;棉布;棉制品,,,,
1085,1085/1522,panel,英['pænl],,n.面板;控制板;专家组,,,,
1086,1086/1522,bakery,英['beikәri],,n.面包房;烘焙,,,,
1087,1087/1522,flour,英['flauә],,n.面粉,,,,
1088,1088/1522,cheek,英[tʃi:k],,n.面颊;脸蛋,,,,
1089,1089/1522,description,英[di'skripʃәn],,n.描写;形容,,,,
1090,1090/1522,temple,英[templ],,n.庙宇;寺院;太阳穴,,,,
1091,1091/1522,extinction,英[ik'stiŋkʃәn],,n.灭绝;消亡,,,,
1092,1092/1522,nation,英['neiʃәn],,n.民族;国家,,,,
1093,1093/1522,celebrity,英[si'lebrti],,n.名人;名流;名声,,,,
1094,1094/1522,reputation,英[.repju'teiʃәn],,n.名誉;名声;声望,,,,
1095,1095/1522,evidence,英['evidәns],,n.证据;迹象v.证明,,,,
1096,1096/1522,pattern,英['pætәn],,n.模式;花样;模型v.构成图案,,,,
1097,1097/1522,friction,英['frikʃәn],,n.磨擦;不和;争执,,,,
1098,1098/1522,mushroom,英['mʌʃrum],,n.蘑菇v.迅速生长;采蘑菇,,,,
1099,1099/1522,target,英['tɑ:git],,n.目标;对象;靶子,,,,
1100,1100/1522,goal,英[gәul],,n.目标;球门;射门,,,,
1101,1101/1522,destination,英[.desti'neiʃәn],,n.目的地;终点,,,,
1102,1102/1522,witness,英['witnis],,n.目击者;证人v.目击,,,,
1103,1103/1522,bath,英[bæθ.bɑ:θ],,n.沐浴;浴室v.洗澡,,,,
1104,1104/1522,patience,英['peiʃәns],,n.耐心;忍耐,,,,
1105,1105/1522,physician,英[fi'ziʃәn],,n.内科医生,,,,
1106,1106/1522,competence,英['kɒmpitәns],,n.能力;胜任;权限,,,,
1107,1107/1522,mud,英[mʌd],,n.泥浆v.弄脏,,,,
1108,1108/1522,soil,英[sɒil],,n.泥土;土壤v.弄脏,,,,
1109,1109/1522,cattle,英[kætl],,n.牛;牲口;家畜,,,,
1110,1110/1522,steak,英[steik],,n.牛排;肉排,,,,
1111,1111/1522,jeans,英[dʒi:nz],,n.牛仔裤,,,,
1112,1112/1522,button,英['bʌtәn],,n.按钮;纽扣v.扣紧,,,,
1113,1113/1522,agriculture,英['ægrikʌltʃә],,n.农业;农耕;农学seq,word,phonetic,exchange,trans
1114,1114/1522,effort,英['efәt],,n.努力;吃力,,,,
1115,1115/1522,track,英[træk],,n.小路;轨迹v.跟踪,,,,
1116,1116/1522,basin,英['beisn],,n.盆子;盆地,,,,
1117,1117/1522,recipe,英['resipi],,n.食谱;秘诀;处方,,,,
1118,1118/1522,cuisine,英[kwi:'zi:n],,n.菜系;烹调;烹饪,,,,
1119,1119/1522,belt,英[belt],,n.带;腰带;地带,,,,
1120,1120/1522,skin,英[skin],,n.皮肤;外皮v.剥皮,,,,
1121,1121/1522,leather,英['leðә],,n.皮革;皮衣a.皮革的,,,,
1122,1122/1522,trunk,英[trʌŋk],,n.树干;躯干;行李箱,,,,
1123,1123/1522,beer,英[biә],,n.啤酒,,,,
1124,1124/1522,preference,英['prefәrәns],,n.偏爱;倾向;优先,,,,
1125,1125/1522,moment,英['mәumәnt],,n.片刻;瞬间;（微信）朋友圈,,,,
1126,1126/1522,frequency,英['fri:kwәnsi],,n.频率;频次,,,,
1127,1127/1522,pan,英[pæn ; pɑːn],,n.平底锅;盘子,,,,
1128,1128/1522,civilian,英[si'viljәn],,n.平民;百姓a.民用的,,,,
1129,1129/1522,platform,英['plætfɒ:m],,n.平台;站台;讲台;防水台,,,,
1130,1130/1522,servant,英['sә:vәnt],,n.仆人;公务员,,,,
1131,1131/1522,wine,英[wain],,n.酒;葡萄酒;酒红色,,,,
1132,1132/1522,habitat,英['hæbitæt],,n.栖息地;产地,,,,
1133,1133/1522,origin,英['ɒridʒin],,n.起源;原点;出身;产地,,,,
1134,1134/1522,climate,英['klaimit],,n.气候;风气;风土,,,,
1135,1135/1522,gas,英[gæs],,n.气体;瓦斯,,,,
1136,1136/1522,petrol,英['petrәl],,n.汽油,,,,
1137,1137/1522,organ,英['ɔ:ɡən],,n.器官;风琴;机构,,,,
1138,1138/1522,forehead,英['fɒ:rid],,n.前额;脑门;前部,,,,
1139,1139/1522,advance,英[әd'vɑ:ns],,n.&v.提前;进展a.预先的,,,,
1140,1140/1522,eve,英[i:v],,n.前夜;前夕,,,,
1141,1141/1522,purse,英[pә:s],,n.钱包;手提袋,,,,
1142,1142/1522,emphasis,英['emfәsis],,n.强调;重点,,,,
1143,1143/1522,youth,英[ju:θ],,n.青年;年轻人,,,,
1144,1144/1522,teenager,英['ti:nidʒә],,n.青少年,,,,
1145,1145/1522,hydrogen,英['haidrәdʒәn],,n.氢;氢气,,,,
1146,1146/1522,trend,英[trend],,n.倾向;趋势,,,,
1147,1147/1522,circumstance,英['sә:kәmstәns],,n.环境;情况;条件,,,,
1148,1148/1522,emotion,英[i'mәuʃәn],,n.情绪;情感,,,,
1149,1149/1522,bat,英[bæt],,n.球拍;蝙蝠,,,,
1150,1150/1522,globe,英[glәub],,n.地球;地球仪;世界,,,,
1151,1151/1522,tendency,英['tendәnsi],,n.趋势;倾向,,,,
1152,1152/1522,authority,英[ɒ:'θɒriti],,n.权威;权利;当局;官方,,,,
1153,1153/1522,crew,英[kru:],,n.全体船员;全体乘务员;剧组,,,,
1154,1154/1522,staff,英[stɑ:f],,n.员工;工作人员,,,,
1155,1155/1522,fountain,英['fauntin],,n.泉;喷泉;泉水,,,,
1156,1156/1522,boxing,英['bɒksiŋ],,n.拳击,,,,
1157,1157/1522,fist,英[fist],,n.拳头,,,,
1158,1158/1522,absence,英['æbsәns],,n.缺乏;缺席;不在场,,,,
1159,1159/1522,gap,英[gæp],,n.裂缝;隔阂;漏洞,,,,
1160,1160/1522,fuel,英['fjuәl],,n.燃料v.加燃料,,,,
1161,1161/1522,passion,英['pæʃәn],,n.激情;热情,,,,
1162,1162/1522,creature,英['kri:tʃә],,n.生物;动物;家畜,,,,
1163,1163/1522,personality,英[.pә:sә'næliti],,n.人格;性格;个性seq,word,phonetic,exchange,trans
1164,1164/1522,mankind,英[mæn'kaind],,n.人类,,,,
1165,1165/1522,directory,英[di'rektәri],,n.电话本;目录,,,,
1166,1166/1522,crowd,英[kraud],,n.人群v.聚集;拥挤,,,,
1167,1167/1522,mercy,英['mә:si],,n.仁慈;怜悯;宽恕,,,,
1168,1168/1522,recognition,英[.rekәg'niʃәn],,n.认出;识别;承认,,,,
1169,1169/1522,volume,英['vɒljum],,n.容积;音量,,,,
1170,1170/1522,content,英[kәn'tent],,n.内容;目录a.满足的,,,,
1171,1171/1522,capacity,英[kә'pæsiti],,n.容量;能力;生产力,,,,
1172,1172/1522,Confucianism,英[kәn'fju:ʃjәnizm],,n.儒家;儒学;儒家思想,,,,
1173,1173/1522,cream,英[kri:m],,n.奶油;面霜,,,,
1174,1174/1522,entrance,英['entrәns],,n.入口;进入,,,,
1175,1175/1522,software,英['sɒftwєә],,n.软件,,,,
1176,1176/1522,plug,英[plʌg],,n.塞子;插头v.塞住,,,,
1177,1177/1522,loss,英[lɒs],,n.损失;丢失;损耗,,,,
1178,1178/1522,desert,英['dezәt. di'sә:t],,n.沙漠;不毛之地v.抛弃,,,,
1179,1179/1522,shark,英[ʃɑ:k],,n.鲨鱼,,,,
1180,1180/1522,peak,英[pi:k],,n.山峰;最高点a.高峰的,,,,
1181,1181/1522,valley,英['væli],,n.山谷;流域,,,,
1182,1182/1522,goat,英[gәut],,n.山羊,,,,
1183,1183/1522,fan,英[fæn],,n.扇子;粉丝v.煽动,,,,
1184,1184/1522,injury,英['indʒәri],,n.伤害;损害;受伤处,,,,
1185,1185/1522,minority,英[mai'nɒriti],,n.少数;少数人;少数民族,,,,
1186,1186/1522,luxury,英['lʌkʃәri],,n.奢侈;奢侈品,,,,
1187,1187/1522,tongue,英[tʌŋ],,n.舌头;言语v.舔,,,,
1188,1188/1522,equipment,英[i'kwipmәnt],,n.设备;装备;器材,,,,
1189,1189/1522,photographer,英[fә'tɔ^rәfә],,n.摄影师;摄影家,,,,
1190,1190/1522,applicant,英['æplikәnt],,n.申请人;请求者,,,,
1191,1191/1522,identity,英[ai'dentiti],,n.身份;特征;一致,,,,
1192,1192/1522,depth,英[depθ],,n.深度;深厚;深刻,,,,
1193,1193/1522,ecology,英[i:'kɒlәdʒi],,n.生态;生态学,,,,
1194,1194/1522,being,英['bi:iŋ],,n.存在;生物;生命,,,,
1195,1195/1522,biology,英[bai'ɒlәdʒi],,n.生物;生物学,,,,
1196,1196/1522,province,英['prɒvins],,n.省;省份;领域,,,,
1197,1197/1522,failure,英['feiljә],,n.失败;不及格;故障,,,,
1198,1198/1522,poetry,英['pәuitri],,n.诗歌;诗集,,,,
1199,1199/1522,poet,英['pәuit],,n.诗人,,,,
1200,1200/1522,decade,英['dekeid],,n.十;十年,,,,
1201,1201/1522,era,英['iәrә],,n.时代;年代;纪元,,,,
1202,1202/1522,schedule,英['skedʒuәl],,n.时间表;计划表v.安排,,,,
1203,1203/1522,experiment,英[ik'sperimәnt],,n.实验;试验v.尝试,,,,
1204,1204/1522,lab,英[læb],(laboratory),n.实验室;研究室,,,,
1205,1205/1522,grocery,英['grәusәri],,n.食品杂货店,,,,
1206,1206/1522,canteen,英[kæn'ti:n],,n.食堂;餐厅,,,,
1207,1207/1522,appetite,英['æpitait],,n.食欲;胃口;嗜好,,,,
1208,1208/1522,mission,英['miʃәn],,n.使命;任务,,,,
1209,1209/1522,soldier,英['sәuldʒә],,n.战士;士兵;军人,,,,
1210,1210/1522,suburb,英['sʌbә:b],,n.郊区;市郊,,,,
1211,1211/1522,incident,英['insidәnt],,n.事件;插曲,,,,
1212,1212/1522,event,英[i'vent],,n.事件;大事;项目;活动,,,,
1213,1213/1522,affair,英[ә'fєә],,n.事务;私事;私通,,,,
1214,1214/1522,enterprise,英['entәpraiz],,n.企业;事业;创业,,,,
1215,1215/1522,career,英[kә'riә],,n.职业;生涯;事业seq,word,phonetic,exchange,trans
1216,1216/1522,sight,英[sait],,n.视力;景象;眼界,,,,
1217,1217/1522,vision,英['viʒәn],,n.视觉;视野;愿景,,,,
1218,1218/1522,view,英[vju:],,n.视图;观点;风景v.考虑,,,,
1219,1219/1522,adaptation,英[.ædæp'teiʃәn],,n.适应;改编本,,,,
1220,1220/1522,collection,英[kә'lekʃәn],,n.收藏品;收集物,,,,
1221,1221/1522,harvest,英['hɑ:vist],,n.收获;收成v.收割,,,,
1222,1222/1522,receipt,英[ri'si:t],,n.收据;收到,,,,
1223,1223/1522,income,英['inkʌm],,n.收入;收益;所得,,,,
1224,1224/1522,handkerchief,英['hæŋkәtʃif],,n.手帕;方巾,,,,
1225,1225/1522,captain,英['kæptin],,n.船长;队长V.率队;指挥,,,,
1226,1226/1522,premier,英['pri:mjә],,n.首相;总理a.首要的,,,,
1227,1227/1522,salesman,英['seilzmәn],,)n.销售员;推销员,,,,
1228,1228/1522,calligraphy,英[kә'ligrәfi],,n.书法;笔迹,,,,
1229,1229/1522,title,英['taitl],,n.标题;头衔;所有权v.加标题,,,,
1230,1230/1522,branch,英[bræntʃ],,n.树枝;分支v.使分叉,,,,
1231,1231/1522,data,英['deitә],,n.数据;资料,,,,
1232,1232/1522,database,英['deitәbeis],,n.数据库;资料库,,,,
1233,1233/1522,quantity,英['kwɒntәti],,n.数量;大量;双数,,,,
1234,1234/1522,maths,英[mæθs],(mathematics),n.数学,,,,
1235,1235/1522,kettle,英['ketl],,n.壶;水壶;电水壶,,,,
1236,1236/1522,steam,英[sti:m],,n.水汽;蒸汽v.蒸发,,,,
1237,1237/1522,tax,英[tæks],,n.税务;税款v.征税,,,,
1238,1238/1522,thinking,英['θiŋkiŋ],,n.思想;思路a.有思想的,,,,
1239,1239/1522,death,英[deθ],,n.死亡;灭亡,,,,
1240,1240/1522,rate,英[reit],,n.比率;速度;等级V.估价,,,,
1241,1241/1522,plastic,英['plæstik],,n.塑料;整形a.塑料的,,,,
1242,1242/1522,statue,英['stætju],,n.塑像;雕像,,,,
1243,1243/1522,acid,英['æsid],,n.a.酸的;尖刻的,,,,
1244,1244/1522,yoghurt,英['jәugә:t],,n.酸奶;酸乳,,,,
1245,1245/1522,garlic,英['gɑ:lik],,n.大蒜,,,,
1246,1246/1522,typhoon,英[tai'fu:n],,n.台风,,,,
1247,1247/1522,astronaut,英['æstrәnɒ:t],,n.宇航员;航天员,,,,
1248,1248/1522,attitude,英['ætitju:d],,n.态度;看法;姿势,,,,
1249,1249/1522,carbon,英[ˈkɑːbən],,n.碳,,,,
1250,1250/1522,feature,英['fi:tʃә],,n.特征;特色v.以……为特色,,,,
1251,1251/1522,reference,英['refәrәns],,n.参考;涉及v.弓|用,,,,
1252,1252/1522,proposal,英[prә'pәuzl],,n.提议;建议;求婚,,,,
1253,1253/1522,theme,英[θi:m],,n.主题;主旋律;基调,,,,
1254,1254/1522,gymnastics,英[dʒim'næstiks],,n.体操,,,,
1255,1255/1522,figure,英['figә],,n.数字;图形;体形v.计算,,,,
1256,1256/1522,stadium,英['steidiәm],,n.体育场,,,,
1257,1257/1522,genius,英['dʒi:njәs],,n.天才;天赋,,,,
1258,1258/1522,ceiling,英['si:liŋ],,n.天花板;上限,,,,
1259,1259/1522,astronomer,英[ә'strɒnәmә],,n.天文学家,,,,
1260,1260/1522,flash,英[flæʃ],,n.&v.闪光（灯）;闪亮;闪存,,,,
1261,1261/1522,bar,英[ba:(r)],,n.酒吧;条;小节,,,,
1262,1262/1522,band,英[bænd],,n乐队;频带,,,,
1263,1263/1522,item,英['aitәm],,n.项目;一件商品;条款,,,,
1264,1264/1522,tune,英[tju:n],,n.调子;曲调v.调音,,,,
1265,1265/1522,iron,英[ˈaɪən],,n.铁;熨斗v.熨烫a.铁的,,,,
1266,1266/1522,audience,英['ɒ:diәns],,n.听众;读者;观众,,,,
1267,1267/1522,parking,英['pɑ:kiŋ],,n.停车;泊车seq,word,phonetic,exchange,trans
1268,1268/1522,league,英[li:g],,n.联赛;联盟V.结盟,,,,
1269,1269/1522,sympathy,英['simpәθi],,n.同情;关心;同感,,,,
1270,1270/1522,theft,英[θeft],,n.偷窃;盗窃罪,,,,
1271,1271/1522,vote,英[vәut],,n.选票v.投票;表决,,,,
1272,1272/1522,investment,英[in'vestmәnt],,n.投资;投入,,,,
1273,1273/1522,chart,英[tʃɑːt],,n.（统计）图表v.制定计划;绘图表,,,,
1274,1274/1522,diagram,英['daiәɡræm],,n.图表;示意图,,,,
1275,1275/1522,librarian,英[lai'brєәriәn],,n.图书管理员;图书馆长,,,,
1276,1276/1522,butcher,英['butʃә],,n.屠夫;肉贩v.屠杀,,,,
1277,1277/1522,commitment,英[kә'mitmәnt],,n.信奉;承诺;投身;献身,,,,
1278,1278/1522,frog,英[frɒg],,n.青蛙,,,,
1279,1279/1522,surgery,英['sә:dʒәri],,n.外科;手术;手术室,,,,
1280,1280/1522,surgeon,英['sә:dʒәn],,n.外科医生,,,,
1281,1281/1522,wrist,英[rist],,n.手腕;腕关节,,,,
1282,1282/1522,dynasty,英['dainæsti],,n.王朝;朝代,,,,
1283,1283/1522,kingdom,英['kiŋdәm],,n.王国;领域,,,,
1284,1284/1522,net,英[net],,n.网V.用网捕a.净得的,,,,
1285,1285/1522,network,英['netwә:k],,n.网络;广播网,,,,
1286,1286/1522,telescope,英['teliskәup],,n.望远镜v.缩短,,,,
1287,1287/1522,crisis,英['kraisis],,n.危机;紧要关头;存亡之际,,,,
1288,1288/1522,committee,英[kә'miti],,n.委员会;全体委员,,,,
1289,1289/1522,satellite,英['sætlait],,n.卫星;卫星城;外围机构,,,,
1290,1290/1522,site,英[sait],,n.位置;场所;地点,,,,
1291,1291/1522,location,英[lәu'keiʃәn],,n.定位;位置;场所,,,,
1292,1292/1522,position,英[pә'ziʃәn],,n.位置;职位;姿势,,,,
1293,1293/1522,greenhouse,英['gri:nhaus],,n.温室;温室效应,,,,
1294,1294/1522,civilisation,英[sivilai'zeiʃən;-li'z-],(civilization),n.文明,,,,
1295,1295/1522,literature,英['litәrәtʃә],,n.文学;文献,,,,
1296,1296/1522,essay,英['esei. e'sei],,n.论文;文章;短文,,,,
1297,1297/1522,mosquito,英[mә'ski:tәu],,n.蚊子,,,,
1298,1298/1522,stability,英[stә'biliti],,n.稳定;安定,,,,
1299,1299/1522,issue,英['isju],,n.问题;争端V.发行;发表,,,,
1300,1300/1522,nest,英[nest],,n.巢;安乐窝V.筑巢,,,,
1301,1301/1522,roof,英[ru:f],,n.顶;屋顶,,,,
1302,1302/1522,disability,英[disә'biliti],,n.无能;残疾,,,,
1303,1303/1522,Wi-Fi,英[waifai],,n.无线网,,,,
1304,1304/1522,clone,英[klәun],,n.克隆;无性繁殖;复制品v.克隆,,,,
1305,1305/1522,midnight,英['midnait],,n.午夜;子夜,,,,
1306,1306/1522,weapon,英['wepәn],,n.武器;兵器,,,,
1307,1307/1522,stage,英[steidʒ],,n.舞台;戏剧;阶段,,,,
1308,1308/1522,substance,英[ˈsʌbstəns],,n.物质;实质;内容,,,,
1309,1309/1522,species,英['spi:ʃiz],,n.物种;种类,,,,
1310,1310/1522,victim,英['viktim],,n.牺牲品;受害人,,,,
1311,1311/1522,laptop,英[ˈlæptɒp],,n.笔记本电脑,,,,
1312,1312/1522,custom,英['kʌstәm],,n.习惯;风俗;海关a.定制的,,,,
1313,1313/1522,idiom,英['idiәm],,n.习语;成语;土话,,,,
1314,1314/1522,washroom,英['wɒʃrum],,n.洗手间;厕所,,,,
1315,1315/1522,comedy,英['kɒmidi],,n.喜剧;喜剧片,,,,
1316,1316/1522,theatre,英[ˈθɪətə(r)],,n.戏院;剧院;电影院,,,,
1317,1317/1522,system,英[ˈsɪstəm],,n.系统;制度;方法,,,,
1318,1318/1522,cell,英[sel],,n.细胞;小房间;电池,,,,
1319,1319/1522,detail,英['di:teil],,n.细节;详情v.详述seq,word,phonetic,exchange,trans
1320,1320/1522,priority,英[prai'ɒriti],,n.优先;优先考虑;当务之急,,,,
1321,1321/1522,pioneer,英[.paiә'niә],,n.先锋;开拓者v.开辟,,,,
1322,1322/1522,fibre,英['faibә],(fiber),n.纤维;纤维组织,,,,
1323,1323/1522,string,英[striŋ],,n.细绳;字符串v.悬挂,,,,
1324,1324/1522,bacon,英['beikәn],,n.培根;熏肉,,,,
1325,1325/1522,microscope,英['maikrәuskәup],,n.显微镜,,,,
1326,1326/1522,cash,英[kæʃ],,n.现金v.兑现;支付现款,,,,
1327,1327/1522,reality,英[ri'æliti],,n.现实;真实;事实,,,,
1328,1328/1522,phenomenon,英[fi'nɒminәn],,n.现象;非凡的人,,,,
1329,1329/1522,clue,英[klu:],,n.线索;暗示,,,,
1330,1330/1522,trap,英[træp],,n.圈套;陷阱v.设陷阱捕捉,,,,
1331,1331/1522,interaction,英[.intәr'ækʃәn],,n.相互作用;互动;交互,,,,
1332,1332/1522,sausage,英['sɒsidʒ],,n.香肠;腊肠,,,,
1333,1333/1522,cigarette,英[.sigә'ret],,n.香烟;纸烟,,,,
1334,1334/1522,case,英[keis],,n.案例;情况;案件,,,,
1335,1335/1522,rubber,英['rʌbә],,n.橡皮;橡胶;橡胶制品,,,,
1336,1336/1522,consumption,英[kәn'sʌmpʃәn],,n.消费;消耗,,,,
1337,1337/1522,brochure,英['brәuʃә],,n.手册,,,,
1338,1338/1522,stream,英[stri:m],,n.小河;溪流v.流出,,,,
1339,1339/1522,pub,英[pʌb],,n.小酒馆;酒吧,,,,
1340,1340/1522,path,英[pɑːθ],,n.小路;路线,,,,
1341,1341/1522,wheat,英[hwi:t],,n.小麦,,,,
1342,1342/1522,novel,英['nɒvl],,n.小说a.新奇的,,,,
1343,1343/1522,novelist,英['nɒvәlist],,n.小说家,,,,
1344,1344/1522,campus,英['kæmpәs],,n.校园;校区,,,,
1345,1345/1522,harmony,英['hɑ:mәni],,n.和谐;融洽;和声,,,,
1346,1346/1522,psychology,英[sai'kɒlәdʒi],,n.心理（学）;心理状态,,,,
1347,1347/1522,mood,英[mu:d],,n.心情;语气;情绪,,,,
1348,1348/1522,bride,英[braid],,n.新娘（bridegroom新郎）,,,,
1349,1349/1522,coverage,英['kʌvәridʒ],,n.新闻报道;覆盖范围,,,,
1350,1350/1522,salary,英['sælәri],,n.薪水;工资,,,,
1351,1351/1522,envelope,英['envәlәup],,n.信封;封套,,,,
1352,1352/1522,signal,英['signl],,n.信号;暗号V.发信号,,,,
1353,1353/1522,belief,英[bi'li:f],,n.信念;信任;信仰,,,,
1354,1354/1522,confidence,英['kɒnfidәns],,n.信心;信任;自信,,,,
1355,1355/1522,faith,英[feiθ],,n.信仰;信任;真诚,,,,
1356,1356/1522,image,英['imidʒ],,n.（脑海里的）形象;影像v.想像,,,,
1357,1357/1522,type,英[taip],,n.类型;样式v.打字,,,,
1358,1358/1522,gender,英['dʒendә],,n.性别,,,,
1359,1359/1522,sex,英[seks],,n.性;性别,,,,
1360,1360/1522,character,英['kærәktә],,n.性格;角色;字符,,,,
1361,1361/1522,breast,英[brest],,n.乳房;胸部,,,,
1362,1362/1522,chest,英[tʃest],,n.胸膛;衣柜;箱子,,,,
1363,1363/1522,fiction,英['fikʃәn],,n.虚构;小说,,,,
1364,1364/1522,license,英['laisns],,n.许可证;执照,,,,
1365,1365/1522,election,英[i'lekʃәn],,n.选举;当选,,,,
1366,1366/1522,option,英['ɒpʃәn],,n.选择;选项;期权,,,,
1367,1367/1522,boot,英[bu:t],,n.靴子v.（启动）计算机,,,,
1368,1368/1522,fee,英[fi:],,n.费用;报酬;服务费,,,,
1369,1369/1522,institute,英['institju:t],,n.学院;机构;v.创立,,,,
1370,1370/1522,trial,英['traiәl],,n.审判;实验;审讯a.实验的seq,word,phonetic,exchange,trans
1371,1371/1522,pressure,英['preʃә],,n.压力;压强V.迫使,,,,
1372,1372/1522,stress,英[stres],,n.压力;全要性v.强调,,,,
1373,1373/1522,rhyme,英[raim],,n.韵律;押韵;儿歌v.押韵,,,,
1374,1374/1522,dentist,英['dentist],,n.牙医;牙科诊所,,,,
1375,1375/1522,tobacco,英[tә'bækәu],,n.烟草;抽烟,,,,
1376,1376/1522,smog,英[smәug],,n.烟雾;雾霾,,,,
1377,1377/1522,extension,英[ik'stenʃәn],,n.延伸;扩大;延期;分机,,,,
1378,1378/1522,colour,英['kʌlә],(color),n.颜色v.涂色,,,,
1379,1379/1522,shelter,英['ʃeltә],,n.庇护（所）;掩蔽处v.保护,,,,
1380,1380/1522,tear,英[tiә. tєә],,n.眼泪v.撕裂;扯下,,,,
1381,1381/1522,saying,英['seiiŋ],,n.话;格言;谚语,,,,
1382,1382/1522,wool,英[wul],,n.羊毛;毛线;毛织品,,,,
1383,1383/1522,cabbage,英['kæbidʒ],,n.卷心菜;甘蓝;洋白菜,,,,
1384,1384/1522,onion,英['ʌnjәn],,n.洋葱;葱头,,,,
1385,1385/1522,oxygen,英['ɒksәdʒәn],,n.氧;氧气,,,,
1386,1386/1522,sample,英['sæmpl],,n.样本;样品v.取样,,,,
1387,1387/1522,aspect,英['æspekt],,n.方面;外观;面貌,,,,
1388,1388/1522,waist,英[weist],,n.腰;腰部,,,,
1389,1389/1522,herb,英[hә:b],,n.草药;草本,,,,
1390,1390/1522,tablet,英['tæblit],,n.药片;片剂;牌匾,,,,
1391,1391/1522,pill,英[pil],,n.药丸,,,,
1392,1392/1522,drug,英[drʌg],,n.药物;毒品;v.用麻药;吸毒,,,,
1393,1393/1522,leaf,英[li:f],,n.叶子;书的一页:金属薄片,,,,
1394,1394/1522,liquid,英['likwid],,n.液体a.液态的,,,,
1395,1395/1522,bunch,英[bʌntʃ],,n.花束;一群v.使成串,,,,
1396,1396/1522,dozen,英['dʌzn],,n.一打;十二个,,,,
1397,1397/1522,episode,英['episәud],,n.插曲;片段;（电视）一集,,,,
1398,1398/1522,series,英['siәri:z],,n.系列;连续;串联,,,,
1399,1399/1522,collar,英['kɒlә],,n.衣领;颈圈,,,,
1400,1400/1522,duty,英['dju:ti],,n.义务;责任;关税,,,,
1401,1401/1522,agenda,英[ә'dʒendә],,n.议程;日程表,,,,
1402,1402/1522,opinion,英[ә'pinjәn],,n.意见;看法;主张,,,,
1403,1403/1522,intention,英[in'tenʃәn],,n.意图;意向;目的,,,,
1404,1404/1522,accident,英['æksidәnt],,n.意外;事故,,,,
1405,1405/1522,factor,英['fæktә],,n.因素;要素,,,,
1406,1406/1522,shadow,英['ʃædәu],,n.阴影;影子;暗处,,,,
1407,1407/1522,shade,英[ʃeid],,n.树荫;颜色深浅v.渐变,,,,
1408,1408/1522,tone,英[tәun],,n.音调;语气;腔调,,,,
1409,1409/1522,guidance,英['gaidns],,n.引导;指导,,,,
1410,1410/1522,diet,英['daiәt],,n.（规定）饮食;食物v.节食,,,,
1411,1411/1522,impression,英[im'preʃәn],,n.印象;感想;意念,,,,
1412,1412/1522,inch,英[intʃ],,n.英寸,,,,
1413,1413/1522,eagle,英['i:gl],,n.鹰;老鹰,,,,
1414,1414/1522,nutrition,英[nju:'triʃәn],,n.营养;营养学,,,,
1415,1415/1522,mail,英[meil],,n.邮件;邮政v.邮寄,,,,
1416,1416/1522,kindergarten,英['kindә.gɑ:tn],,n.幼儿园;学前班,,,,
1417,1417/1522,recreation,英[.rekri'eiʃәn],,n.娱乐;消遣,,,,
1418,1418/1522,universe,英['ju:nivә:s],,n.宇宙;世界;总体,,,,
1419,1419/1522,badminton,英['bædmintәn],,n.羽毛球,,,,
1420,1420/1522,expectation,英[.ekspek'teiʃәn],,n.预期;期望;指望,,,,
1421,1421/1522,budget,英['bʌdʒit],,n.预算v.做预算,,,,
1422,1422/1522,ambition,英[æm'biʃәn],,n.雄心;抱负;野心seq,word,phonetic,exchange,trans
1423,1423/1522,element,英['elimәnt],,n.元素;要素;成分,,,,
1424,1424/1522,principle,英['prinsipl],,n.原理;原则;法则,,,,
1425,1425/1522,stuff,英[stʌf],,n.材料;东西v.填塞,,,,
1426,1426/1522,log,英[lɒg],,n.记录;日志V.记入日志;伐木,,,,
1427,1427/1522,column,英['kɒlәm],,n.圆柱;专栏;纵行,,,,
1428,1428/1522,aid,英[eid],,n.&v.援助;救助,,,,
1429,1429/1522,source,英[sɒ:s],,n.源泉;来源;出处,,,,
1430,1430/1522,appointment,英[ә'pɒintmәnt],,n.约会;任命;（任命的）职务,,,,
1431,1431/1522,motion,英['mәuʃәn],,n.运动;移动V.做动作示意,,,,
1432,1432/1522,movement,英['mu:vmәnt],,n.运动;移动;迁移,,,,
1433,1433/1522,athlete,英['æθli:t],,n.运动员;选手,,,,
1434,1434/1522,canal,英[kә'næl],,n.运河;水道,,,,
1435,1435/1522,operation,英[.ɒpә'reiʃәn],,n.操作;手术;运营,,,,
1436,1436/1522,weed,英[wi:d],,n.杂草v.除草,,,,
1437,1437/1522,journal,英['dʒә:nәl],,n.杂志;期刊;日志,,,,
1438,1438/1522,disaster,英[di'zɑ:stә],,n.灾难;灾祸,,,,
1439,1439/1522,responsibility,英[ri.spɒnsә'biliti],,n.责任;义务;职责,,,,
1440,1440/1522,barrier,英['bæriә],,n.障碍;关卡;栅栏,,,,
1441,1441/1522,summary,英['sʌmәri],,n.摘要;总结a.概括的,,,,
1442,1442/1522,debt,英[det],,n.债务;欠款,,,,
1443,1443/1522,clay,英[klei],,n.粘土;泥土,,,,
1444,1444/1522,exhibition,英[.eksi'biʃәn],,n.展览会;展览,,,,
1445,1445/1522,occupation,英[.ɒkju'peiʃәn],,n.职业;占领;占用,,,,
1446,1446/1522,strategy,英['strætidʒi],,n.战略;策略,,,,
1447,1447/1522,campaign,英[kæm'pein],,n.运动;战役V.发起（或参加）活动,,,,
1448,1448/1522,chapter,美[tʃ'æptə],,n.章;回;篇,,,,
1449,1449/1522,section,英['sekʃәn],,n.章节;部分;截面,,,,
1450,1450/1522,length,英[leŋθ],,n.长度;篇幅,,,,
1451,1451/1522,gallery,英['gælәri],,n.长廊;画廊;美术馆,,,,
1452,1452/1522,entertainment,英[.entә'teinmәnt],,n.娱乐;消遣;款待,,,,
1453,1453/1522,discount,英['diskaunt],,n.折扣v.打折扣;忽视,,,,
1454,1454/1522,philosophy,英[fi'lɒsәfi],,n.哲学,,,,
1455,1455/1522,needle,英['ni:dl],,n.针;指针,,,,
1456,1456/1522,clinic,英['klinik],,n.诊所;门诊部,,,,
1457,1457/1522,dessert,英[di'zә:t],,n.餐后甜点;甜品,,,,
1458,1458/1522,integrity,英[in'tegriti],,n.完整性;正直;诚实;,,,,
1459,1459/1522,proof,英[pru:f],,n.证据;证明a.防……的,,,,
1460,1460/1522,certificate,英[sә'tifikeit],,n.证书;执照;文凭,,,,
1461,1461/1522,policy,英['pɒlisi],,n.政策;方针,,,,
1462,1462/1522,politics,英['pɒlitiks],,n.政治;政治学,,,,
1463,1463/1522,fabric,英['fæbrik],,n.面料;结构;建筑物结构,,,,
1464,1464/1522,tissue,英['tiʃu:],,n.组织;纸巾,,,,
1465,1465/1522,niece,英[ni:s],,n.侄女;外甥女,,,,
1466,1466/1522,nephew,英['nefju:],,n.侄子;外甥,,,,
1467,1467/1522,profession,英[prә'feʃәn],,n.职业;专业;行业,,,,
1468,1468/1522,clerk,英[klә:k],,n.职员;办事员;店员,,,,
1469,1469/1522,guideline,英['gaidlain],,n.指南;准则;参考,,,,
1470,1470/1522,nail,英[neil],,n.指甲;钉子V.将……钉牢,,,,
1471,1471/1522,uniform,英['ju:nifɒ:m],,n.制服a.统一的;相同的,,,,
1472,1472/1522,quality,英['kwɒlәti],,n.质量;品质;素质,,,,
1473,1473/1522,wisdom,英['wizdәm],,n.智慧;知识;学问seq,word,phonetic,exchange,trans
1474,1474/1522,centre,英['sentә],(center),n.中心v.集中;以…为中心,,,,
1475,1475/1522,category,英['kætigәri],,n.种类:范畴,,,,
1476,1476/1522,sort,英[sɒ:t],,n.种类;排序V.分类:整理,,,,
1477,1477/1522,variety,英[vә'raiәti],,n.变化;多样;品种,,,,
1478,1478/1522,seed,英[si:d],,n.种子;起源v.播种,,,,
1479,1479/1522,gravity,英['græviti],,n.重力:引力;重心,,,,
1480,1480/1522,pork,英[pɒ:k],,n.猪肉,,,,
1481,1481/1522,host,英[hәust],,n.主人;节目主持人V.主办,,,,
1482,1482/1522,chairman,英['tʃєәmәn],,n.主席;会长;董事长,,,,
1483,1483/1522,housing,英['hausiŋ],,n.住房;外壳,,,,
1484,1484/1522,accommodation,英[ә.kɒmә'deiʃәn],,n.住宿;食宿;和解,,,,
1485,1485/1522,pole,英[pәul],,n.极点:电极,,,,
1486,1486/1522,congratulation,英[kәn.grætʃә'leiʃәn],,n.祝贺;贺辞,,,,
1487,1487/1522,specialist,英['speiʃәlist],,n.专家;专科医生,,,,
1488,1488/1522,expert,英['ekspә:t],,n.专家;内行a.内行的,,,,
1489,1489/1522,consultation,英[.kɒnsәl'teiʃәn],,n.商讨;咨询会;会诊,,,,
1490,1490/1522,brick,英[brik],,n.砖;砖块,,,,
1491,1491/1522,dignity,英['digniti],,n.尊严;尊贵,,,,
1492,1492/1522,device,英[di'vais],,n.设备;装置;手段,,,,
1493,1493/1522,tension,英['tenʃәn],,n.紧张;张力V.拉紧,,,,
1494,1494/1522,pose,英[pәuz],,n.姿势v.造成;摆姿势,,,,
1495,1495/1522,qualification,英[.kwɒlifi'keiʃәn],,n.资格;资格赛;条件;合格证,,,,
1496,1496/1522,fund,英[fʌnd],,n.基金（会）;专款v.提供资助,,,,
1497,1497/1522,resource,英[ri'sɒ:s],,n.资源;财力,,,,
1498,1498/1522,flavour,英['fleivә],(flavor),n.滋味;风味;风情,,,,
1499,1499/1522,cycle,英['saikl],,n.循环:周期v.骑自行车,,,,
1500,1500/1522,liberty,英['libәli],,n.自由;许可,,,,
1501,1501/1522,freedom,英['fri:dәm],,n.自由;自主,,,,
1502,1502/1522,buffet,英['bʌfit],,n.自助餐,,,,
1503,1503/1522,cafeteria,英[.kæfi'tiәriә],,n.自助餐厅;食堂,,,,
1504,1504/1522,sum,英[sʌm],,n.总数;总和v.总结;概括,,,,
1505,1505/1522,amount,英[ә'maunt],,n.数量;金额v.共计;等于,,,,
1506,1506/1522,ankle,英['æŋkl],,n.足踝;踝关节,,,,
1507,1507/1522,soccer,英['sɒkә],,n.足球,,,,
1508,1508/1522,jam,英[dʒæm],,n.果酱;拥挤;困境v.阻塞,,,,
1509,1509/1522,component,英[kәm'pәunәnt],,n.组成部分;成分a.组成的,,,,
1510,1510/1522,organisation,英[.ɒ:gәnai'zeiʃәn],(organization),n.组织;团体;机构,,,,
1511,1511/1522,ancestor,英['ænsestә],,n.祖宗;祖先,,,,
1512,1512/1522,diamond,英['daiәmәnd],,n.钻石;菱形,,,,
1513,1513/1522,maximum,英['mæksimәn],,n.最大值a.最大的,,,,
1514,1514/1522,deadline,英['dedlain],,n.最后期限;截止期限,,,,
1515,1515/1522,minimum,英['minimәm],,n.最小值a.最小的,,,,
1516,1516/1522,crime,英[kraim],,n.罪行;犯罪,,,,
1517,1517/1522,composition,英[kɒmpә'ziʃәn],,n.成分;作文;组成;作曲,,,,
1518,1518/1522,crop,英[krɒp],,n.庄稼;收成v.种庄稼;收成,,,,
1519,1519/1522,author,英['ɒ:θә],,n.作者;作家,,,,
1520,1520/1522,poster,英['pәustә],,n.海报;公告,,,,
1521,1521/1522,billion,英['biljәn],,num.&n.1亿a.十亿的,,,,
1522,1522/1522,million,英['miljәn],,num.&n.百万a.百万的,,,,
