pid,id,assignee,type,contentid,title
,senior27,system,Listen,senior27,senior 27
,senior26,system,Listen,senior26,senior 26
,senior18,system,Listen,senior18,senior 18
,senior30,system,Listen,senior30,senior 30
,senior24,system,Listen,senior24,senior 24
,senior25,system,Listen,senior25,senior 25
,senior19,system,Listen,senior19,senior 19
,senior21,system,Listen,senior21,senior 21
,senior09,system,Listen,senior09,senior 09
,senior08,system,Listen,senior08,senior 08
,senior20,system,Listen,senior20,senior 20
,senior22,system,Listen,senior22,senior 22
,senior23,system,Listen,senior23,senior 23
,senior06,system,Listen,senior06,senior 06
,senior12,system,Listen,senior12,senior 12
,senior13,system,Listen,senior13,senior 13
,senior07,system,Listen,senior07,senior 07
,senior11,system,Listen,senior11,senior 11
,senior05,system,Listen,senior05,senior 05
,senior04,system,Listen,senior04,senior 04
,senior10,system,Listen,senior10,senior 10
,senior14,system,Listen,senior14,senior 14
,senior28,system,Listen,senior28,senior 28
,senior29,system,Listen,senior29,senior 29
,senior01,system,Listen,senior01,senior 01
,senior15,system,Listen,senior15,senior 15
,senior03,system,Listen,senior03,senior 03
,senior17,system,Listen,senior17,senior 17
,senior16,system,Listen,senior16,senior 16
,senior02,system,Listen,senior02,senior 02
,junior03,system,Listen,junior03,junior 03
,junior17,system,Listen,junior17,junior 17
,junior16,system,Listen,junior16,junior 16
,junior02,system,Listen,junior02,junior 02
,junior14,system,Listen,junior14,junior 14
,junior01,system,Listen,junior01,junior 01
,junior15,system,Listen,junior15,junior 15
,junior11,system,Listen,junior11,junior 11
,junior05,system,Listen,junior05,junior 05
,junior04,system,Listen,junior04,junior 04
,junior10,system,Listen,junior10,junior 10
,junior06,system,Listen,junior06,junior 06
,junior12,system,Listen,junior12,junior 12
,junior13,system,Listen,junior13,junior 13
,junior07,system,Listen,junior07,junior 07
,junior21,system,Listen,junior21,junior 21
,junior09,system,Listen,junior09,junior 09
,junior08,system,Listen,junior08,junior 08
,junior20,system,Listen,junior20,junior 20
,junior18,system,Listen,junior18,junior 18
,junior19,system,Listen,junior19,junior 19
,primary8,system,Listen,primary8,primary 8
,primary4,system,Listen,primary4,primary 4
,primary5,system,Listen,primary5,primary 5
,primary7,system,Listen,primary7,primary 7
,primary6,system,Listen,primary6,primary 6
,primary2,system,Listen,primary2,primary 2
,primary3,system,Listen,primary3,primary 3
,primary1,system,Listen,primary1,primary 1