seq,word
列出如下汉字的序号、本字、拼音、本义、组词和例句共5项内容，结果格式化成yaml数组，使用seq来表示列表序号，key使用英文，value使用中文，拼音用声调：
1,阿
2,啊
3,哎
4,哀
5,唉
6,埃
7,挨
8,癌
9,矮
10,艾
11,爱
12,碍
13,安
14,氨
15,俺
16,岸
17,按
18,案
19,暗
20,昂
列出如下汉字的序号、本字、拼音、本义、组词和例句共5项内容，结果格式化成yaml数组，使用seq来表示列表序号，key使用英文，value使用中文，拼音用声调：
21,凹
22,熬
23,傲
24,奥
25,澳
26,八
27,巴
28,叭
29,吧
30,拔
31,把
32,坝
33,爸
34,罢
35,霸
36,白
37,百
38,柏
39,摆
40,败
列出如下汉字的序号、本字、拼音、本义、组词和例句共5项内容，结果格式化成yaml数组，使用seq来表示列表序号，key使用英文，value使用中文，拼音用声调：
41,拜
42,班
43,般
44,颁
45,斑
46,搬
47,板
48,版
49,办
50,半
51,伴
52,扮
53,瓣
54,邦
55,帮
56,膀
57,傍
58,棒
59,包
60,胞

列出如下汉字的序号、本字、拼音、本义、组词和例句共5项内容，结果格式化成yaml数组，使用seq来表示列表序号，key使用英文，value使用中文，拼音用声调：

61,宝
62,饱
63,保
64,堡
65,报
66,抱
67,豹
68,暴
69,爆
70,卑
71,杯
72,悲
73,碑
74,北
75,贝
76,备
77,背
78,倍
79,被
80,辈

列出如下汉字的序号、本字、拼音、本义、组词和例句共5项内容，结果格式化成yaml数组，使用seq来表示列表序号，key使用英文，value使用中文，words至少2个，拼音用声调：

81,奔
82,本
83,崩
84,逼
85,鼻
86,比
87,彼
88,笔
89,币
90,必
91,毕
92,闭
93,辟
94,碧
95,蔽
96,壁
97,避
98,臂
99,边
100,编



列出如下汉字的序号、本字、拼音、本义、组词和例句共5项内容，结果格式化成yaml数组，使用seq来表示列表序号，key使用英文，value使用中文，words至少2个，拼音用声调：


101,蝙
102,鞭
103,扁
104,便
105,变
106,遍
107,辨
108,辩
109,标
110,表
111,别
112,宾
113,滨
114,冰
115,兵
116,丙
117,柄
118,饼
119,并
120,病

列出如下汉字的序号(seq)、本字(word)、拼音(pinyin)、本义(definition)、多个组词(words)、多个例句(sentences)共5项内容，结果格式化成yaml数组，使用seq来表示列表序号，key使用英文，value使用中文，words至少2个，拼音用声调：
121,拨
122,波
123,玻
124,剥
125,播
126,脖
127,伯
128,驳
129,泊
130,勃
131,博
132,搏
133,膊
134,薄
135,卜
136,补
137,捕
138,不
139,布
140,步

列出如下汉字的序号(seq)、本字(word)、拼音(pinyin)、本义(definition)、多个组词(words)、多个例句(sentences)共5项内容，结果格式化成yaml数组，使用seq来表示列表序号，key使用英文，value使用中文，words至少2个，拼音用声调：
141,部
142,擦
143,猜
144,才
145,材
146,财
147,裁
148,釆
149,彩
150,踩
151,菜
152,蔡
153,参
154,餐
155,残
156,蚕
157,惨
158,灿
159,仓
160,苍

针对如下每个汉字填写对应的信息。

162,藏
163,操
164,曹
165,槽
166,草
167,册
168,侧
169,测
170,策
171,层
172,叉
173,插
174,查
175,茶
176,察
177,差
178,拆
179,柴
180,缠

例如：
{ "seq": 122
  "word": 钟
  "pinyin": zhōng
  "definition": 用于计量和报告时间的设备，通常由一个圆形表盘和一个或多个指针组成
  "words":[
    "时钟"
    "铃声"]
  "sentences":[
    "这个房间里有一个大的墙上挂钟。"
    "我设置了三个不同的闹钟，因为我经常会睡过头。"
    ]
}    

yaml格式如：
- seq: 121
  word: 拨
  pinyin: bō
  definition: 用手指快速移动或旋转以改变位置或产生振动
  words:
    - 拨动
    - 拨号
  sentences:
    - 小明拨了一下手表，准备离开。
    - 他开始拨号，想给他的妈妈打电话。

列出如下汉字的序号、本字、拼音、本义、组词和例句共5项内容，结果格式化成yaml数组，使用seq来表示列表序号，key使用英文，value使用中文，words至少2个，拼音用声调：
181,产
182,阐
183,颤
184,昌
185,长
186,肠
187,尝
188,偿
189,常
190,厂
191,场
192,畅
193,倡
194,唱
195,抄
196,超
197,巢
198,朝
199,潮
200,吵

列出如下汉字的序号、本字、拼音、本义、组词和例句共5项内容，结果格式化成yaml数组，使用seq来表示列表序号，key使用英文，value使用中文，words至少2个，拼音用声调：
列出如下汉字的序号、本字、拼音、本义、组词、例句，用json格式：
201,炒
202,车
203,扯
204,彻
205,撤
206,尘
207,臣
208,沉
209,陈
210,晨
211,衬
212,称
213,趁
214,撑
215,成
216,呈
217,承
218,诚
219,城
220,乘

列出如下汉字的序号、本字、拼音、本义、组词和例句共5项内容，结果格式化成yaml数组，使用seq来表示列表序号，key使用英文，value使用中文，words至少2个，拼音用声调：
221,惩
222,程
223,橙
224,吃
225,池
226,驰
227,迟
228,持
229,匙
230,尺
231,齿
232,斥
233,赤
234,翅
235,充
236,冲
237,虫
238,崇
239,抽
240,仇
241,绸
242,愁
243,筹
244,酬
245,丑
246,瞅
247,臭
248,出
249,初
250,除
251,厨
252,础
253,储
254,楚
255,处
256,触
257,川
258,穿
259,传
260,船
261,喘
262,串
263,窗
264,床
265,闯
266,创
267,吹
268,垂
269,锤
270,春
271,纯
272,唇
273,醇
274,词
275,瓷
276,慈
277,辞
278,磁
279,雌
280,此
281,次
282,刺
283,匆
284,葱
285,聪
286,从
287,丛
288,凑
289,粗
290,促
291,催
292,脆
293,翠
294,村
295,存
296,寸
297,措
298,错
299,搭
300,达
列出如下汉字的序号、本字、拼音、本义、组词、例句，用json格式：
301,答
302,打
303,大
304,呆
305,代
306,带
307,待
308,袋
309,逮
310,戴
311,丹
312,单
313,担
314,胆
315,旦
316,但
317,诞
318,弹
319,淡
320,蛋
321,氮
322,当
323,挡
324,党
325,荡
326,刀
327,导
328,岛
329,倒
330,蹈
331,到
332,盗
333,道
334,稻
335,得
336,德
337,的
338,灯
339,登
340,等
341,邓
342,凳
343,瞪
344,低
345,堤
346,滴
347,迪
348,敌
349,笛
350,底
351,抵
352,地
353,弟
354,帝
355,递
356,第
357,颠
358,典
359,点
360,电
361,店
362,垫
363,淀
364,殿
365,雕
366,吊
367,钓
368,调
369,掉
370,爹
371,跌
372,叠
373,蝶
374,丁
375,叮
376,盯
377,钉
378,顶
379,订
380,定
381,丢
382,东
383,冬
384,懂
385,动
386,冻
387,洞
388,都
389,斗
390,抖
391,陡
392,豆
393,督
394,毒
395,读
396,独
397,堵
398,赌
399,杜
400,肚
列出如下汉字的序号、本字、拼音、本义、组词、例句，用json格式：
401,度
402,渡
403,端
404,短
405,段
406,断
407,锻
408,堆
409,队
410,对
411,吨
412,敦
413,蹲
414,盾
415,顿
416,多
417,夺
418,朵
419,躲
420,俄
421,鹅
422,额
423,恶
424,饿
425,鳄
426,恩
427,儿
428,而
429,尔
430,耳
431,二
432,发
433,乏
434,伐
435,罚
436,阀
437,法
438,帆
439,番
440,翻
441,凡
442,烦
443,繁
444,反
445,返
446,犯
447,泛
448,饭
449,范
450,贩
451,方
452,坊
453,芳
454,防
455,妨
456,房
457,肪
458,仿
459,访
460,纺
461,放
462,飞
463,非
464,啡
465,菲
466,肥
467,废
468,沸
469,肺
470,费
471,分
472,纷
473,芬
474,坟
475,粉
476,份
477,奋
478,愤
479,粪
480,丰
481,风
482,枫
483,封
484,疯
485,峰
486,锋
487,蜂
488,冯
489,逢
490,缝
491,凤
492,奉
493,佛
494,否
495,夫
496,肤
497,孵
498,弗
499,伏
500,扶
列出如下汉字的序号、本字、拼音、本义、组词、例句，用json格式：
501,服
502,浮
503,符
504,幅
505,福
506,辐
507,蝠
508,抚
509,府
510,辅
511,腐
512,父
513,付
514,妇
515,负
516,附
517,复
518,赴
519,副
520,傅
521,富
522,赋
523,腹
524,覆
525,该
526,改
527,钙
528,盖
529,溉
530,概
531,干
532,甘
533,杆
534,肝
535,赶
536,敢
537,感
538,刚
539,纲
540,缸
541,钢
542,岗
543,港
544,高
545,搞
546,稿
547,告
548,戈
549,哥
550,胳
551,鸽
552,割
553,歌
554,阁
555,革
556,格
557,隔
558,葛
559,个
560,各
561,给
562,根
563,跟
564,更
565,耕
566,工
567,弓
568,公
569,功
570,攻
571,供
572,官
573,恭
574,巩
575,拱
576,共
577,贡
578,勾
579,沟
580,钩
581,狗
582,构
583,购
584,够
585,估
586,咕
587,姑
588,孤
589,菇
590,古
591,谷
592,股
593,骨
594,鼓
595,固
596,故
597,顾
598,瓜
599,刮
600,挂
列出如下汉字的序号、本字、拼音、本义、组词、例句，用json格式：
601,拐
602,怪
603,关
604,观
605,官
606,冠
607,馆
608,管
609,贯
610,惯
611,灌
612,罐
613,光
614,广
615,归
616,龟
617,规
618,硅
619,轨
620,鬼
621,柜
622,贵
623,桂
624,滚
625,棍
626,郭
627,锅
628,国
629,果
630,裹
631,过
632,哈
633,孩
634,海
635,害
636,含
637,函
638,寒
639,韩
640,罕
641,喊
642,汉
643,汗
644,旱
645,杭
646,航
647,毫
648,豪
649,好
650,号
651,浩
652,耗
653,呵
654,喝
655,合
656,何
657,和
658,河
659,核
660,荷
661,盒
662,贺
663,褐
664,赫
665,鹤
666,黑
667,嘿
668,痕
669,很
670,狠
671,恨
672,哼
673,恒
674,横
675,衡
676,轰
677,哄
678,红
679,宏
680,洪
681,虹
682,鸿
683,侯
684,喉
685,猴
686,吼
687,后
688,厚
689,候
690,乎
691,呼
692,忽
693,狐
694,胡
695,壶
696,湖
697,葫
698,糊
699,蝴
700,虎
701,互
702,户
703,护
704,花
705,华
706,哗
707,滑
708,化
709,划
710,画
711,话
712,桦
713,怀
714,淮
715,坏
716,欢
717,还
718,环
719,缓
720,幻
721,唤
722,换
723,患
724,荒
725,慌
726,皇
727,黄
728,煌
729,晃
730,灰
731,恢
732,挥
733,辉
734,徽
735,回
736,毁
737,悔
738,汇
739,会
740,绘
741,惠
742,慧
743,昏
744,婚
745,浑
746,魂
747,混
748,活
749,火
750,伙
751,或
752,货
753,获
754,祸
755,惑
756,霍
757,击
758,饥
759,圾
760,机
761,肌
762,鸡
763,积
764,基
765,绩
766,激
767,及
768,吉
769,级
770,即
771,极
772,急
773,疾
774,集
775,辑
776,籍
777,几
778,己
779,挤
780,脊
781,计
782,记
783,纪
784,迹
785,技
786,际
787,剂
788,季
789,既
790,济
791,继
792,寂
793,寄
794,忌
795,加
796,夹
797,佳
798,家
799,嘉
800,甲
801,贾
802,钾
803,价
804,驾
805,架
806,假
807,嫁
808,稼
809,尖
810,坚
811,间
812,肩
813,艰
814,兼
815,监
816,减
817,剪
818,检
819,简
820,碱
821,见
822,件
823,建
824,剑
825,健
826,舰
827,渐
828,践
829,鉴
830,键
831,箭
832,江
833,姜
834,将
835,浆
836,僵
837,疆
838,讲
839,奖
840,蒋
841,匠
842,降
843,交
844,郊
845,娇
846,浇
847,骄
848,胶
849,焦
850,礁
851,角
852,脚
853,搅
854,叫
855,轿
856,较
857,教
858,阶
859,皆
860,接
861,揭
862,街
863,节
864,劫
865,杰
866,洁
867,结
868,捷
869,截
870,竭
871,姐
872,解
873,介
874,戒
875,届
876,界
877,借
878,巾
879,今
880,斤
881,金
882,津
883,筋
884,仅
885,紧
886,锦
887,尽
888,劲
889,近
890,进
891,晋
892,浸
893,禁
894,京
895,经
896,茎
897,惊
898,晶
899,睛
900,精
901,鲸
902,井
903,颈
904,景
905,警
906,净
907,径
908,竞
909,竟
910,敬
911,境
912,静
913,镜
914,纠
915,究
916,九
917,久
918,酒
919,旧
920,救
921,就
922,舅
923,居
924,局
925,菊
926,橘
927,举
928,矩
929,句
930,巨
931,拒
932,具
933,俱
934,剧
935,惧
936,据
937,距
938,聚
939,卷
940,倦
941,决
942,绝
943,觉
944,掘
945,嚼
946,军
947,君
948,均
949,菌
950,俊
951,峻
952,卡
953,开
954,凯
955,慨
956,刊
957,堪
958,砍
959,看
960,康
961,抗
962,炕
963,考
964,烤
965,靠
966,科
967,棵
968,颗
969,壳
970,咳
971,可
972,渴
973,克
974,刻
975,客
976,课
977,肯
978,坑
979,空
980,孔
981,恐
982,控
983,口
984,扣
985,枯
986,哭
987,苦
988,库
989,裤
990,酷
991,夸
992,跨
993,块
994,快
995,宽
996,款
997,狂
998,况
999,矿
1000,亏
1001,葵
1002,愧
1003,溃
1004,昆
1005,困
1006,扩
1007,括
1008,阔
1009,垃
1010,拉
1011,啦
1012,喇
1013,腊
1014,蜡
1015,辣
1016,来
1017,莱
1018,赖
1019,兰
1020,拦
1021,栏
1022,蓝
1023,篮
1024,览
1025,懒
1026,烂
1027,滥
1028,郎
1029,狼
1030,廊
1031,朗
1032,浪
1033,捞
1034,劳
1035,牢
1036,老
1037,乐
1038,勒
1039,雷
1040,蕾
1041,泪
1042,类
1043,累
1044,冷
1045,愣
1046,厘
1047,梨
1048,离
1049,犁
1050,璃
1051,黎
1052,礼
1053,李
1054,里
1055,哩
1056,理
1057,鲤
1058,力
1059,历
1060,厉
1061,立
1062,丽
1063,利
1064,励
1065,例
1066,隶
1067,粒
1068,莉
1069,俩
1070,连
1071,帘
1072,怜
1073,莲
1074,联
1075,廉
1076,脸
1077,练
1078,炼
1079,恋
1080,链
1081,良
1082,凉
1083,梁
1084,粮
1085,两
1086,亮
1087,辆
1088,量
1089,辽
1090,疗
1091,聊
1092,僚
1093,了
1094,料
1095,列
1096,劣
1097,烈
1098,猎
1099,裂
1100,邻
1101,林
1102,临
1103,淋
1104,磷
1105,灵
1106,玲
1107,凌
1108,铃
1109,陵
1110,羚
1111,零
1112,龄
1113,领
1114,岭
1115,令
1116,另
1117,溜
1118,刘
1119,流
1120,留
1121,硫
1122,瘤
1123,柳
1124,六
1125,龙
1126,笼
1127,隆
1128,垄
1129,拢
1130,楼
1131,漏
1132,露
1133,卢
1134,芦
1135,炉
1136,鲁
1137,陆
1138,录
1139,鹿
1140,碌
1141,路
1142,驴
1143,旅
1144,铝
1145,履
1146,律
1147,虑
1148,率
1149,绿
1150,氯
1151,滤
1152,卵
1153,乱
1154,掠
1155,略
1156,伦
1157,轮
1158,论
1159,罗
1160,萝
1161,逻
1162,螺
1163,裸
1164,洛
1165,络
1166,骆
1167,落
1168,妈
1169,麻
1170,马
1171,玛
1172,码
1173,蚂
1174,骂
1175,吗
1176,嘛
1177,埋
1178,买
1179,迈
1180,麦
1181,卖
1182,脉
1183,蛮
1184,满
1185,曼
1186,慢
1187,漫
1188,忙
1189,芒
1190,盲
1191,茫
1192,猫
1193,毛
1194,矛
1195,茅
1196,茂
1197,冒
1198,贸
1199,帽
1200,貌
1201,么
1202,没
1203,枚
1204,玫
1205,眉
1206,梅
1207,媒
1208,煤
1209,霉
1210,每
1211,美
1212,妹
1213,门
1214,们
1215,闷
1216,萌
1217,盟
1218,猛
1219,蒙
1220,孟
1221,梦
1222,弥
1223,迷
1224,谜
1225,米
1226,泌
1227,秘
1228,密
1229,蜜
1230,眠
1231,绵
1232,棉
1233,免
1234,勉
1235,面
1236,苗
1237,描
1238,秒
1239,妙
1240,庙
1241,灭
1242,民
1243,敏
1244,名
1245,明
1246,鸣
1247,命
1248,摸
1249,模
1250,膜
1251,摩
1252,磨
1253,蘑
1254,魔
1255,抹
1256,末
1257,沫
1258,陌
1259,莫
1260,漠
1261,墨
1262,默
1263,谋
1264,某
1265,母
1266,亩
1267,牡
1268,姆
1269,拇
1270,木
1271,目
1272,牧
1273,墓
1274,幕
1275,慕
1276,穆
1277,拿
1278,哪
1279,那
1280,纳
1281,娜
1282,钠
1283,乃
1284,奶
1285,奈
1286,耐
1287,男
1288,南
1289,难
1290,囊
1291,恼
1292,脑
1293,闹
1294,呢
1295,内
1296,嫩
1297,能
1298,尼
1299,泥
1300,你
1301,拟
1302,逆
1303,年
1304,念
1305,娘
1306,酿
1307,鸟
1308,尿
1309,捏
1310,您
1311,宁
1312,凝
1313,牛
1314,扭
1315,纽
1316,农
1317,浓
1318,弄
1319,奴
1320,努
1321,怒
1322,女
1323,暖
1324,挪
1325,诺
1326,哦
1327,欧
1328,偶
1329,爬
1330,帕
1331,怕
1332,拍
1333,排
1334,牌
1335,派
1336,攀
1337,盘
1338,判
1339,叛
1340,盼
1341,庞
1342,旁
1343,胖
1344,抛
1345,炮
1346,跑
1347,泡
1348,胚
1349,陪
1350,培
1351,赔
1352,佩
1353,配
1354,喷
1355,盆
1356,朋
1357,棚
1358,蓬
1359,鹏
1360,膨
1361,捧
1362,碰
1363,批
1364,披
1365,皮
1366,疲
1367,脾
1368,匹
1369,屁
1370,譬
1371,偏
1372,篇
1373,片
1374,骗
1375,漂
1376,飘
1377,瓢
1378,票
1379,拼
1380,贫
1381,频
1382,品
1383,平
1384,评
1385,凭
1386,苹
1387,屏
1388,瓶
1389,萍
1390,坡
1391,泼
1392,颇
1393,婆
1394,迫
1395,破
1396,剖
1397,扑
1398,铺
1399,葡
1400,蒲
1401,朴
1402,浦
1403,普
1404,谱
1405,七
1406,妻
1407,栖
1408,戚
1409,期
1410,欺
1411,漆
1412,齐
1413,其
1414,奇
1415,歧
1416,骑
1417,棋
1418,旗
1419,企
1420,岂
1421,启
1422,起
1423,气
1424,弃
1425,汽
1426,契
1427,砌
1428,器
1429,恰
1430,千
1431,迁
1432,牵
1433,铅
1434,谦
1435,签
1436,前
1437,钱
1438,潜
1439,浅
1440,遣
1441,欠
1442,枪
1443,腔
1444,强
1445,墙
1446,抢
1447,悄
1448,敲
1449,乔
1450,桥
1451,瞧
1452,巧
1453,切
1454,茄
1455,且
1456,窃
1457,亲
1458,侵
1459,秦
1460,琴
1461,禽
1462,勤
1463,青
1464,氢
1465,轻
1466,倾
1467,清
1468,情
1469,晴
1470,顷
1471,请
1472,庆
1473,穷
1474,丘
1475,秋
1476,蚯
1477,求
1478,球
1479,区
1480,曲
1481,驱
1482,屈
1483,躯
1484,趋
1485,取
1486,娶
1487,去
1488,趣
1489,圈
1490,全
1491,权
1492,泉
1493,拳
1494,犬
1495,劝
1496,券
1497,缺
1498,却
1499,雀
1500,确
1501,鹊
1502,裙
1503,群
1504,然
1505,燃
1506,染
1507,嚷
1508,壤
1509,让
1510,饶
1511,扰
1512,绕
1513,惹
1514,热
1515,人
1516,仁
1517,忍
1518,认
1519,任
1520,扔
1521,仍
1522,日
1523,绒
1524,荣
1525,容
1526,溶
1527,熔
1528,融
1529,柔
1530,肉
1531,如
1532,儒
1533,乳
1534,辱
1535,入
1536,软
1537,锐
1538,瑞
1539,润
1540,若
1541,弱
1542,撒
1543,洒
1544,萨
1545,塞
1546,赛
1547,三
1548,伞
1549,散
1550,桑
1551,嗓
1552,丧
1553,扫
1554,嫂
1555,色
1556,森
1557,僧
1558,杀
1559,沙
1560,纱
1561,刹
1562,砂
1563,啥
1564,傻
1565,晒
1566,山
1567,杉
1568,衫
1569,珊
1570,闪
1571,陕
1572,扇
1573,善
1574,伤
1575,商
1576,赏
1577,上
1578,尚
1579,梢
1580,烧
1581,稍
1582,少
1583,绍
1584,哨
1585,舌
1586,蛇
1587,舍
1588,设
1589,社
1590,射
1591,涉
1592,摄
1593,申
1594,伸
1595,身
1596,深
1597,神
1598,审
1599,婶
1600,肾
1601,甚
1602,渗
1603,慎
1604,升
1605,生
1606,声
1607,牲
1608,绳
1609,省
1610,胜
1611,圣
1612,盛
1613,剩
1614,尸
1615,失
1616,师
1617,诗
1618,施
1619,狮
1620,湿
1621,十
1622,什
1623,石
1624,时
1625,识
1626,实
1627,拾
1628,蚀
1629,食
1630,史
1631,使
1632,始
1633,驶
1634,士
1635,氏
1636,世
1637,市
1638,示
1639,式
1640,事
1641,侍
1642,势
1643,视
1644,试
1645,饰
1646,室
1647,是
1648,适
1649,逝
1650,释
1651,收
1652,手
1653,守
1654,首
1655,寿
1656,受
1657,兽
1658,售
1659,授
1660,瘦
1661,书
1662,抒
1663,叔
1664,枢
1665,殊
1666,疏
1667,舒
1668,输
1669,蔬
1670,熟
1671,暑
1672,署
1673,属
1674,鼠
1675,薯
1676,术
1677,束
1678,述
1679,树
1680,竖
1681,数
1682,刷
1683,耍
1684,衰
1685,摔
1686,甩
1687,帅
1688,双
1689,霜
1690,爽
1691,谁
1692,水
1693,税
1694,睡
1695,顺
1696,瞬
1697,说
1698,丝
1699,司
1700,私
1701,思
1702,斯
1703,撕
1704,死
1705,四
1706,寺
1707,似
1708,饲
1709,松
1710,耸
1711,宋
1712,送
1713,颂
1714,搜
1715,艘
1716,苏
1717,俗
1718,诉
1719,肃
1720,素
1721,速
1722,宿
1723,塑
1724,酸
1725,蒜
1726,算
1727,虽
1728,随
1729,髓
1730,岁
1731,遂
1732,碎
1733,穗
1734,孙
1735,损
1736,笋
1737,缩
1738,所
1739,索
1740,锁
1741,他
1742,它
1743,她
1744,塌
1745,塔
1746,踏
1747,胎
1748,台
1749,抬
1750,太
1751,态
1752,泰
1753,贪
1754,摊
1755,滩
1756,坛
1757,谈
1758,潭
1759,坦
1760,叹
1761,炭
1762,探
1763,碳
1764,汤
1765,唐
1766,堂
1767,塘
1768,糖
1769,躺
1770,趟
1771,涛
1772,掏
1773,逃
1774,桃
1775,陶
1776,淘
1777,萄
1778,讨
1779,套
1780,特
1781,腾
1782,藤
1783,疼
1784,梯
1785,踢
1786,啼
1787,提
1788,题
1789,蹄
1790,体
1791,替
1792,天
1793,添
1794,田
1795,甜
1796,填
1797,挑
1798,条
1799,跳
1800,贴
1801,铁
1802,厅
1803,听
1804,廷
1805,亭
1806,庭
1807,停
1808,蜓
1809,挺
1810,艇
1811,通
1812,同
1813,桐
1814,铜
1815,童
1816,统
1817,桶
1818,筒
1819,痛
1820,偷
1821,头
1822,投
1823,透
1824,突
1825,图
1826,徒
1827,涂
1828,途
1829,屠
1830,土
1831,吐
1832,兔
1833,团
1834,推
1835,腿
1836,退
1837,吞
1838,托
1839,拖
1840,脱
1841,驼
1842,妥
1843,拓
1844,唾
1845,挖
1846,哇
1847,蛙
1848,娃
1849,瓦
1850,歪
1851,外
1852,弯
1853,湾
1854,丸
1855,完
1856,玩
1857,顽
1858,挽
1859,晚
1860,碗
1861,万
1862,汪
1863,亡
1864,王
1865,网
1866,往
1867,忘
1868,旺
1869,望
1870,危
1871,威
1872,微
1873,为
1874,围
1875,违
1876,唯
1877,惟
1878,维
1879,伟
1880,伪
1881,尾
1882,纬
1883,委
1884,萎
1885,卫
1886,未
1887,位
1888,味
1889,胃
1890,谓
1891,喂
1892,慰
1893,魏
1894,温
1895,文
1896,纹
1897,闻
1898,蚊
1899,吻
1900,稳
1901,问
1902,翁
1903,窝
1904,我
1905,沃
1906,卧
1907,握
1908,乌
1909,污
1910,屋
1911,无
1912,吴
1913,吾
1914,五
1915,午
1916,伍
1917,武
1918,舞
1919,务
1920,物
1921,误
1922,悟
1923,雾
1924,夕
1925,西
1926,吸
1927,希
1928,析
1929,息
1930,牺
1931,悉
1932,惜
1933,晰
1934,稀
1935,溪
1936,锡
1937,熙
1938,嘻
1939,膝
1940,习
1941,席
1942,袭
1943,媳
1944,洗
1945,喜
1946,戏
1947,系
1948,细
1949,隙
1950,虾
1951,瞎
1952,峡
1953,狭
1954,辖
1955,霞
1956,下
1957,吓
1958,夏
1959,厦
1960,仙
1961,先
1962,纤
1963,掀
1964,鲜
1965,闲
1966,弦
1967,贤
1968,咸
1969,衔
1970,嫌
1971,显
1972,险
1973,县
1974,现
1975,线
1976,限
1977,宪
1978,陷
1979,献
1980,腺
1981,乡
1982,相
1983,香
1984,厢
1985,湘
1986,箱
1987,详
1988,祥
1989,翔
1990,享
1991,响
1992,想
1993,向
1994,巷
1995,项
1996,象
1997,像
1998,橡
1999,削
2000,消
2001,萧
2002,硝
2003,销
2004,小
2005,晓
2006,孝
2007,效
2008,校
2009,笑
2010,些
2011,歇
2012,协
2013,胁
2014,斜
2015,谐
2016,携
2017,鞋
2018,写
2019,泄
2020,泻
2021,卸
2022,屑
2023,械
2024,谢
2025,蟹
2026,心
2027,辛
2028,欣
2029,新
2030,信
2031,兴
2032,星
2033,猩
2034,刑
2035,行
2036,形
2037,型
2038,醒
2039,杏
2040,姓
2041,幸
2042,性
2043,凶
2044,兄
2045,匈
2046,胸
2047,雄
2048,熊
2049,休
2050,修
2051,羞
2052,朽
2053,秀
2054,绣
2055,袖
2056,嗅
2057,须
2058,虚
2059,需
2060,徐
2061,许
2062,序
2063,叙
2064,畜
2065,绪
2066,续
2067,蓄
2068,宣
2069,玄
2070,悬
2071,旋
2072,选
2073,穴
2074,学
2075,雪
2076,血
2077,寻
2078,巡
2079,询
2080,循
2081,训
2082,讯
2083,迅
2084,压
2085,呀
2086,鸦
2087,鸭
2088,牙
2089,芽
2090,崖
2091,哑
2092,雅
2093,亚
2094,咽
2095,烟
2096,淹
2097,延
2098,严
2099,言
2100,岩
2101,沿
2102,炎
2103,研
2104,盐
2105,颜
2106,衍
2107,掩
2108,眼
2109,演
2110,厌
2111,宴
2112,艳
2113,验
2114,焰
2115,雁
2116,燕
2117,央
2118,扬
2119,羊
2120,阳
2121,杨
2122,洋
2123,仰
2124,养
2125,氧
2126,痒
2127,样
2128,腰
2129,邀
2130,摇
2131,遥
2132,咬
2133,药
2134,要
2135,耀
2136,爷
2137,也
2138,冶
2139,野
2140,业
2141,叶
2142,页
2143,夜
2144,液
2145,一 
2146,伊
2147,衣
2148,医
2149,依
2150,仪
2151,夷
2152,宜
2153,姨
2154,移
2155,遗
2156,疑
2157,乙
2158,已
2159,以
2160,矣
2161,蚁
2162,椅
2163,义
2164,亿
2165,忆
2166,艺
2167,议
2168,亦
2169,异
2170,役
2171,抑
2172,译
2173,易
2174,疫
2175,益
2176,谊
2177,逸
2178,意
2179,溢
2180,毅
2181,翼
2182,因
2183,阴
2184,音
2185,吟
2186,银
2187,引
2188,饮
2189,蚓
2190,隐
2191,印
2192,应
2193,英
2194,婴
2195,鹰
2196,迎
2197,盈
2198,营
2199,蝇
2200,赢
2201,影
2202,映
2203,硬
2204,哟
2205,拥
2206,永
2207,泳
2208,勇
2209,涌
2210,用
2211,优
2212,忧
2213,幽
2214,悠
2215,尤
2216,犹
2217,由
2218,邮
2219,油
2220,游
2221,友
2222,有
2223,又
2224,右
2225,幼
2226,诱
2227,于
2228,予
2229,余
2230,鱼
2231,娱
2232,渔
2233,愉
2234,愚
2235,与
2236,宇
2237,羽
2238,雨
2239,语
2240,玉
2241,吁
2242,育
2243,郁
2244,狱
2245,浴
2246,预
2247,域
2248,欲
2249,喻
2250,寓
2251,御
2252,裕
2253,遇
2254,愈
2255,誉
2256,豫
2257,元
2258,员
2259,园
2260,原
2261,圆
2262,袁
2263,援
2264,缘
2265,源
2266,远
2267,怨
2268,院
2269,愿
2270,曰
2271,约
2272,月
2273,岳
2274,钥
2275,悦
2276,阅
2277,跃
2278,越
2279,云
2280,匀
2281,允
2282,孕
2283,运
2284,晕
2285,韵
2286,蕴
2287,杂
2288,砸
2289,灾
2290,栽
2291,宰
2292,载
2293,再
2294,在
2295,咱
2296,暂
2297,赞
2298,脏
2299,葬
2300,遭
2301,糟
2302,早
2303,枣
2304,藻
2305,灶
2306,皂
2307,造
2308,噪
2309,燥
2310,躁
2311,则
2312,择
2313,泽
2314,责
2315,贼
2316,怎
2317,曾
2318,增
2319,赠
2320,渣
2321,扎
2322,眨
2323,炸
2324,摘
2325,宅
2326,窄
2327,债
2328,沾
2329,粘
2330,展
2331,占
2332,战
2333,站
2334,张
2335,章
2336,涨
2337,掌
2338,丈
2339,仗
2340,帐
2341,胀
2342,账
2343,障
2344,招
2345,找
2346,召
2347,兆
2348,赵
2349,照
2350,罩
2351,遮
2352,折
2353,哲
2354,者
2355,这
2356,浙
2357,针
2358,侦
2359,珍
2360,真
2361,诊
2362,枕
2363,阵
2364,振
2365,镇
2366,震
2367,争
2368,征
2369,挣
2370,睁
2371,蒸
2372,整
2373,正
2374,证
2375,郑
2376,政
2377,症
2378,之
2379,支
2380,汁
2381,芝
2382,枝
2383,知
2384,织
2385,肢
2386,脂
2387,蜘
2388,执
2389,直
2390,值
2391,职
2392,植
2393,殖
2394,止
2395,只
2396,旨
2397,址
2398,纸
2399,指
2400,趾
2401,至
2402,志
2403,制
2404,治
2405,质
2406,致
2407,智
2408,置
2409,中
2410,忠
2411,终
2412,钟
2413,肿
2414,种
2415,仲
2416,众
2417,重
2418,州
2419,舟
2420,周
2421,洲
2422,轴
2423,宙
2424,皱
2425,骤
2426,朱
2427,株
2428,珠
2429,诸
2430,猪
2431,蛛
2432,竹
2433,烛
2434,逐
2435,主
2436,煮
2437,嘱
2438,住
2439,助
2440,注
2441,贮
2442,驻
2443,柱
2444,祝
2445,著
2446,筑
2447,抓
2448,爪
2449,专
2450,砖
2451,转
2452,赚
2453,庄
2454,桩
2455,装
2456,壮
2457,状
2458,撞
2459,追
2460,准
2461,捉
2462,桌
2463,着
2464,仔
2465,兹
2466,姿
2467,资
2468,滋
2469,籽
2470,子
2471,紫
2472,字
2473,自
2474,宗
2475,综
2476,棕
2477,踪
2478,总
2479,纵
2480,走
2481,奏
2482,租
2483,足
2484,族
2485,阻
2486,组
2487,祖
2488,钻
2489,嘴
2490,最
2491,罪
2492,醉
2493,尊
2494,遵
2495,昨
2496,左
2497,作
2498,坐
2499,座
2500,做