#,	汉字,	Unicode,	普通话读音
6501,	亍,	U+4E8D	,chù
6502,	尢,	U+5C22	,wāng
6503,	彳,	U+5F73	,chì
6504,	卬,	U+536C	,áng
6505,	殳,	U+6BB3	,shū
6506,	𠙶,	U+20676,	ǒu
6507,	毌,	U+6BCC	,guàn
6508,	邘,	U+9098	,yú
6509,	戋,	U+620B	,jiān
6510,	圢,	U+5722	,tǐng
6511,	氕,	U+6C15	,piē
6512,	伋,	U+4F0B	,jí
6513,	仝,	U+4EDD	,tóng
6514,	冮,	U+51AE	,gāng
6515,	氿,	U+6C3F	,jiǔ
6516,	汈,	U+6C48	,diāo
6517,	氾,	U+6C3E	,fán
6518,	忉,	U+5FC9	,dāo
6519,	宄,	U+5B84	,guǐ
6520,	𬣙,	U+2C8D9,	xū
6521,	讱,	U+8BB1	,rèn
6522,	扞,	U+625E	,hàn
6523,	圲,	U+5732	,qiān
6524,	圫,	U+572B	,tuō
6525,	芏,	U+828F	,dù
6526,	芃,	U+8283	,péng
6527,	朳,	U+6733	,bā
6528,	朸,	U+6738	,lì
6529,	𨙸,	U+28678,	qí
6530,	邨,	U+90A8	,cūn
6531,	吒,	U+5412	,zhā
6532,	吖,	U+5416	,ā
6533,	屼,	U+5C7C	,wù
6534,	屾,	U+5C7E	,shēn
6535,	辿,	U+8FBF	,chān
6536,	钆,	U+9486	,gá
6537,	仳,	U+4EF3	,pǐ
6538,	伣,	U+4F23	,qiàn
6539,	伈,	U+4F08	,xǐn
6540,	癿,	U+767F	,bié
6541,	甪,	U+752A	,lù
6542,	邠,	U+90A0	,bīn
6543,	犴,	U+72B4	,àn，hān
6544,	冱,	U+51B1	,hù
6545,	邡,	U+90A1	,fāng
6546,	闫,	U+95EB	,yán
6547,	𬇕,	U+2C1D5,	wàn
6548,	汋,	U+6C4B	,zhuó
6549,	䜣,	U+4723	,xīn
6550,	讻,	U+8BBB	,xiōng
6551,	𬣞,	U+2C8DE,	zhǔ
6552,	孖,	U+5B56	,zī
6553,	𬘓,	U+2C613,	xún
6554,	纩,	U+7EA9	,kuàng
6555,	玒,	U+7392	,hóng
6556,	玓,	U+7393	,dì
6557,	玘,	U+7398	,qǐ
6558,	玚,	U+739A	,yáng
6559,	刬,	U+522C	,chàn
6560,	𫭟,	U+2BB5F,	ōu，qū
6561,	坜,	U+575C	,lì
6562,	坉,	U+5749	,tún
6563,	扽,	U+627D	,dèn
6564,	𫭢,	U+2BB62,	lǔn
6565,	坋,	U+574B	,fèn
6566,	扺,	U+627A	,zhǐ
6567,	㧑,	U+39D1	,huī
6568,	毐,	U+6BD0	,ǎi
6569,	芰,	U+82B0	,jì
6570,	芣,	U+82A3	,fú
6571,	苊,	U+82CA	,è
6572,	苉,	U+82C9	,pǐ
6573,	芘,	U+8298	,bǐ
6574,	芴,	U+82B4	,wù
6575,	芠,	U+82A0	,wén
6576,	𫇭,	U+2B1ED,	wěi
6577,	芤,	U+82A4	,kōu
6578,	杕,	U+6755	,dì
6579,	杙,	U+6759	,yì
6580,	杄,	U+6744	,qiān
6581,	杧,	U+6767	,máng
6582,	杩,	U+6769	,mà
6583,	尪,	U+5C2A	,wāng
6584,	尨,	U+5C28	,máng
6585,	轪,	U+8F6A	,dài
6586,	𫐄,	U+2B404,	yuè
6587,	坒,	U+5752	,bì
6588,	芈,	U+8288	,mǐ
6589,	旴,	U+65F4	,xū
6590,	旵,	U+65F5	,chǎn
6591,	呙,	U+5459	,guō
6592,	㕮,	U+356E	,fǔ
6593,	岍,	U+5C8D	,qiān
6594,	𫵷,	U+2BD77,	lì
6595,	岠,	U+5CA0	,jù
6596,	岜,	U+5C9C	,bā
6597,	呇,	U+5447	,mèn
6598,	冏,	U+518F	,jiǒng
6599,	觃,	U+89C3	,yàn
6600,	岙,	U+5C99	,ào
6601,	伾,	U+4F3E	,pī
6602,	㑇,	U+3447	,zhòu
6603,	伭,	U+4F2D	,xián
6604,	佖,	U+4F56	,bì
6605,	伲,	U+4F32	,ní
6606,	佁,	U+4F41	,yǐ
6607,	飏,	U+98CF	,yáng
6608,	狃,	U+72C3	,niǔ
6609,	闶,	U+95F6	,kàng
6610,	汧,	U+6C67	,qiān
6611,	汫,	U+6C6B	,jǐng
6612,	𣲘,	U+23C98,	wǔ
6613,	𣲗,	U+23C97,	wéi
6614,	沄,	U+6C84	,yún
6615,	沘,	U+6C98	,bǐ
6616,	𬇙,	U+2C1D9,	bèi
6617,	汭,	U+6C6D	,ruì
6618,	㳇,	U+3CC7	,fù
6619,	沇,	U+6C87	,yǎn
6620,	忮,	U+5FEE	,zhì
6621,	忳,	U+5FF3	,tún
6622,	忺,	U+5FFA	,xiān
6623,	𬣡,	U+2C8E1,	jiàn
6624,	祃,	U+7943	,mà
6625,	诇,	U+8BC7	,xiòng
6626,	邲,	U+90B2	,bì
6627,	诎,	U+8BCE	,qū
6628,	诐,	U+8BD0	,bì
6629,	屃,	U+5C43	,xì
6630,	𫸩,	U+2BE29,	kōu
6631,	岊,	U+5C8A	,jié
6632,	阽,	U+963D	,diàn
6633,	䢺,	U+48BA	,chū
6634,	阼,	U+963C	,zuò
6635,	妧,	U+59A7	,yuán
6636,	妘,	U+5998	,yún
6637,	𨚕,	U+28695,	biàn
6638,	纮,	U+7EAE	,hóng
6639,	驲,	U+9A72	,rì
6640,	𫘜,	U+2B61C,	wén
6641,	纻,	U+7EBB	,zhù
6642,	𬘘,	U+2C618,	dǎn
6643,	𫘝,	U+2B61D,	jué
6644,	纼,	U+7EBC	,zhèn
6645,	玤,	U+73A4	,bàng
6646,	玞,	U+739E	,fū
6647,	玱,	U+73B1	,qiāng
6648,	玟,	U+739F	,wén
6649,	邽,	U+90BD	,guī
6650,	邿,	U+90BF	,shī
6651,	坥,	U+5765	,qū
6652,	坰,	U+5770	,jiōng
6653,	坬,	U+576C	,guà，wā
6654,	坽,	U+577D	,líng
6655,	弆,	U+5F06	,jǔ
6656,	耵,	U+8035	,dīng
6657,	䢼,	U+48BC	,gōng
6658,	𦭜,	U+26B5C,	zhī
6659,	茋,	U+830B	,dǐ
6660,	苧,	U+82E7	,níng
6661,	苾,	U+82FE	,bì
6662,	苠,	U+82E0	,mín
6663,	枅,	U+6785	,jī
6664,	㭎,	U+3B4E	,gāng
6665,	枘,	U+6798	,ruì
6666,	枍,	U+678D	,yì
6667,	矼,	U+77FC	,gāng
6668,	矻,	U+77FB	,kū
6669,	匼,	U+533C	,kē
6670,	𬨂,	U+2CA02,	qí
6671,	𬀩,	U+2C029,	wěi
6672,	𬀪,	U+2C02A,	xiàn
6673,	旿,	U+65FF	,wǔ
6674,	昇,	U+6607	,shēng
6675,	昄,	U+6604	,bǎn
6676,	昒,	U+6612	,hū
6677,	昈,	U+6608	,hù
6678,	咉,	U+5489	,yāng
6679,	咇,	U+5487	,bì
6680,	咍,	U+548D	,hāi
6681,	岵,	U+5CB5	,hù
6682,	岽,	U+5CBD	,dōng
6683,	岨,	U+5CA8	,jū，qū
6684,	岞,	U+5C9E	,zuò
6685,	峂,	U+5CC2	,tóng
6686,	㟃,	U+37C3	,sī
6687,	囷,	U+56F7	,qūn
6688,	𬬩,	U+2CB29,	yì
6689,	钐,	U+9490	,shān，shàn
6690,	钔,	U+9494	,mén
6691,	钖,	U+9496	,yáng
6692,	牥,	U+7265	,fāng
6693,	佴,	U+4F74	,nài
6694,	垈,	U+5788	,dài
6695,	侁,	U+4F81	,shēn
6696,	侹,	U+4FB9	,tǐng
6697,	佸,	U+4F78	,huó
6698,	佺,	U+4F7A	,quán
6699,	隹,	U+96B9	,zhuī
6700,	㑊,	U+344A	,yì
6701,	侂,	U+4F82	,tuō
6702,	佽,	U+4F7D	,cì
6703,	侘,	U+4F98	,chà
6704,	郈,	U+90C8	,hòu
6705,	舠,	U+8220	,dāo
6706,	郐,	U+90D0	,kuài
6707,	郃,	U+90C3	,hé
6708,	攽,	U+653D	,bān
6709,	肭,	U+80AD	,nà
6710,	肸,	U+80B8	,xī
6711,	肷,	U+80B7	,qiǎn
6712,	狉,	U+72C9	,pī
6713,	狝,	U+72DD	,xiǎn
6714,	饳,	U+9973	,duò
6715,	忞,	U+5FDE	,mín
6716,	於,	U+65BC	,yū，yú
6717,	炌,	U+708C	,kài
6718,	炆,	U+7086	,wén
6719,	泙,	U+6CD9	,píng
6720,	沺,	U+6CBA	,tián
6721,	泂,	U+6CC2	,jiǒng
6722,	泜,	U+6CDC	,zhī
6723,	泃,	U+6CC3	,jū
6724,	泇,	U+6CC7	,jiā
6725,	怊,	U+600A	,chāo
6726,	峃,	U+5CC3	,xué
6727,	穸,	U+7A78	,xī
6728,	祋,	U+794B	,duì
6729,	祊,	U+794A	,bēng
6730,	𫍣,	U+2B363,	tóng
6731,	𬣳,	U+2C8F3,	hěn
6732,	𬩽,	U+2CA7D,	xún
6733,	鸤,	U+9E24	,shī
6734,	弢,	U+5F22	,tāo
6735,	弨,	U+5F28	,chāo
6736,	陑,	U+9651	,ér
6737,	𬮿,	U+2CBBF,	gài
6738,	陎,	U+964E	,shū
6739,	𬯀,	U+2CBC0,	jī
6740,	卺,	U+537A	,jǐn
6741,	乸,	U+4E78	,nǎ
6742,	妭,	U+59AD	,bá
6743,	姈,	U+59C8	,líng
6744,	𫰛,	U+2BC1B,	xíng
6745,	迳,	U+8FF3	,jìng
6746,	叕,	U+53D5	,zhuó
6747,	𬳵,	U+2CCF5,	pī
6748,	驵,	U+9A75	,zǎng
6749,	𬳶,	U+2CCF6,	jiōng
6750,	䌹,	U+4339	,jiǒng
6751,	驺,	U+9A7A	,zōu
6752,	𫠊,	U+2B80A,	xuán
6753,	绋,	U+7ECB	,fú
6754,	绐,	U+7ED0	,dài
6755,	砉,	U+7809	,huā
6756,	耔,	U+8014	,zǐ
6757,	㛃,	U+36C3	,jié
6758,	玶,	U+73B6	,píng
6759,	珇,	U+73C7	,zǔ
6760,	珅,	U+73C5	,shēn
6761,	𬍛,	U+2C35B,	lì
6762,	珋,	U+73CB	,liǔ
6763,	玹,	U+73B9	,xuán
6764,	珌,	U+73CC	,bì
6765,	玿,	U+73BF	,sháo
6766,	韨,	U+97E8	,fú
6767,	垚,	U+579A	,yáo
6768,	垯,	U+57AF	,da
6769,	垙,	U+5799	,guāng
6770,	垲,	U+57B2	,kǎi
6771,	埏,	U+57CF	,shān
6772,	垍,	U+578D	,jì
6773,	耇,	U+8007	,gǒu
6774,	鿍,	U+9FCD	,gàng
6775,	垎,	U+578E	,hè
6776,	垴,	U+57B4	,nǎo
6777,	垟,	U+579F	,yáng
6778,	垞,	U+579E	,chá
6779,	挓,	U+6313	,zhā
6780,	垵,	U+57B5	,ān
6781,	垏,	U+578F	,lǜ
6782,	拶,	U+62F6	,zā，zǎn
6783,	荖,	U+8356	,lǎo
6784,	荁,	U+8341	,huán
6785,	荙,	U+8359	,dá
6786,	荛,	U+835B	,ráo
6787,	茈,	U+8308	,cí，zǐ
6788,	茽,	U+833D	,zhòng
6789,	荄,	U+8344	,gāi
6790,	茺,	U+833A	,chōng
6791,	𬜬,	U+2C72C,	màn
6792,	荓,	U+8353	,píng
6793,	茳,	U+8333	,jiāng
6794,	𦰡,	U+26C21,	nà，nuó
6795,	茛,	U+831B	,gèn
6796,	荭,	U+836D	,hóng
6797,	㭕,	U+3B55	,qū
6798,	柷,	U+67F7	,zhù
6799,	柃,	U+67C3	,líng
6800,	柊,	U+67CA	,zhōng
6801,	枹,	U+67B9	,bāo
6802,	栐,	U+6810	,yǒng
6803,	柖,	U+67D6	,sháo
6804,	郚,	U+90DA	,wú
6805,	剅,	U+5245	,lóu
6806,	䴓,	U+4D13	,shī
6807,	迺,	U+8FFA	,nǎi
6808,	厖,	U+5396	,máng
6809,	砆,	U+7806	,fū
6810,	砑,	U+7811	,yà
6811,	砄,	U+7804	,jué
6812,	耏,	U+800F	,ér，nài
6813,	奓,	U+5953	,zhā
6814,	䶮,	U+4DAE	,yǎn
6815,	轵,	U+8F75	,zhǐ
6816,	轷,	U+8F77	,hū
6817,	轹,	U+8F79	,lì
6818,	轺,	U+8F7A	,yáo
6819,	昺,	U+663A	,bǐng
6820,	𪾢,	U+2AFA2,	xiàn
6821,	昽,	U+663D	,lóng
6822,	盷,	U+76F7	,tián
6823,	咡,	U+54A1	,èr
6824,	咺,	U+54BA	,xuān
6825,	昳,	U+6633	,dié
6826,	昣,	U+6623	,zhěn
6827,	哒,	U+54D2	,dā
6828,	昤,	U+6624	,líng
6829,	昫,	U+662B	,xù
6830,	昡,	U+6621	,xuàn
6831,	咥,	U+54A5	,xì
6832,	昪,	U+662A	,biàn
6833,	虷,	U+8677	,gān，hán
6834,	虸,	U+8678	,zǐ
6835,	哃,	U+54C3	,tóng
6836,	峘,	U+5CD8	,huán
6837,	耑,	U+8011	,duān
6838,	峛,	U+5CDB	,liè
6839,	𪨰,	U+2AA30,	qū
6840,	峗,	U+5CD7	,wéi
6841,	峧,	U+5CE7	,jiāo
6842,	帡,	U+5E21	,píng
6843,	钘,	U+9498	,xíng
6844,	𫓧,	U+2B4E7,	fū
6845,	钜,	U+949C	,jù
6846,	𬬮,	U+2CB2E,	chǎng
6847,	𬬱,	U+2CB31,	jīn
6848,	𬬭,	U+2CB2D,	lún
6849,	钪,	U+94AA	,kàng
6850,	钬,	U+94AC	,huǒ
6851,	钭,	U+94AD	,dǒu
6852,	矧,	U+77E7	,shěn
6853,	秬,	U+79EC	,jù
6854,	俫,	U+4FEB	,lái
6855,	舁,	U+8201	,yú
6856,	俜,	U+4FDC	,pīng
6857,	俙,	U+4FD9	,xī
6858,	俍,	U+4FCD	,liáng
6859,	垕,	U+5795	,hòu
6860,	衎,	U+884E	,kàn
6861,	舣,	U+8223	,yǐ
6862,	弇,	U+5F07	,yǎn
6863,	侴,	U+4FB4	,chǒu
6864,	鸧,	U+9E27	,cāng
6865,	䏡,	U+43E1	,shì
6866,	胠,	U+80E0	,qū
6867,	𦙶,	U+26676,	gǔ
6868,	胈,	U+80C8	,bá
6869,	胩,	U+80E9	,kǎ
6870,	胣,	U+80E3	,chǐ
6871,	朏,	U+670F	,fěi
6872,	飐,	U+98D0	,zhǎn
6873,	訄,	U+8A04	,qiú
6874,	饻,	U+997B	,xī
6875,	庤,	U+5EA4	,zhì
6876,	疢,	U+75A2	,chèn
6877,	炣,	U+70A3	,kě
6878,	炟,	U+709F	,dá
6879,	㶲,	U+3DB2	,yòng
6880,	洭,	U+6D2D	,kuāng
6881,	洘,	U+6D18	,kǎo
6882,	洓,	U+6D13	,qì
6883,	洿,	U+6D3F	,wū
6884,	㳚,	U+3CDA	,xù
6885,	泚,	U+6CDA	,cǐ
6886,	浈,	U+6D48	,zhēn
6887,	浉,	U+6D49	,shī
6888,	洸,	U+6D38	,guāng
6889,	洑,	U+6D11	,fú
6890,	洢,	U+6D22	,yī
6891,	洈,	U+6D08	,wéi
6892,	洚,	U+6D1A	,jiàng
6893,	洺,	U+6D3A	,míng
6894,	洨,	U+6D28	,xiáo
6895,	浐,	U+6D50	,chǎn
6896,	㳘,	U+3CD8	,chōng
6897,	洴,	U+6D34	,píng
6898,	洣,	U+6D23	,mǐ
6899,	恔,	U+6054	,jiǎo
6900,	宬,	U+5BAC	,chéng
6901,	窀,	U+7A80	,zhūn
6902,	扂,	U+6242	,diàn
6903,	袆,	U+8886	,huī
6904,	祏,	U+794F	,shí
6905,	祐,	U+7950	,yòu
6906,	祕,	U+7955	,mì
6907,	叚,	U+53DA	,xiá
6908,	陧,	U+9667	,niè
6909,	陞,	U+965E	,shēng
6910,	娀,	U+5A00	,sōng
6911,	姞,	U+59DE	,jí
6912,	姱,	U+59F1	,kuā
6913,	姤,	U+59E4	,gòu
6914,	姶,	U+59F6	,è
6915,	姽,	U+59FD	,guǐ
6916,	枲,	U+67B2	,xǐ
6917,	绖,	U+7ED6	,dié
6918,	骃,	U+9A83	,yīn
6919,	𬘡,	U+2C621,	yīn
6920,	𬳽,	U+2CCFD,	shēn
6921,	𬘩,	U+2C629,	tīng
6922,	𫄧,	U+2B127,	yán
6923,	彖,	U+5F56	,tuàn
6924,	骉,	U+9A89	,biāo
6925,	恝,	U+605D	,jiá
6926,	珪,	U+73EA	,guī
6927,	珛,	U+73DB	,xiù
6928,	珹,	U+73F9	,chéng
6929,	琊,	U+740A	,yá
6930,	玼,	U+73BC	,cǐ
6931,	珖,	U+73D6	,guāng
6932,	𪟝,	U+2A7DD,	jì
6933,	珽,	U+73FD	,tǐng
6934,	珦,	U+73E6	,xiàng
6935,	珫,	U+73EB	,chōng
6936,	珒,	U+73D2	,jīn
6937,	𬍤,	U+2C364,	xún
6938,	珢,	U+73E2	,yín
6939,	珕,	U+73D5	,lì
6940,	珝,	U+73DD	,xǔ
6941,	𫭼,	U+2BB7C,	láo
6942,	埗,	U+57D7	,bù
6943,	垾,	U+57BE	,hàn
6944,	垺,	U+57BA	,fú
6945,	埆,	U+57C6	,què
6946,	垿,	U+57BF	,xù
6947,	埌,	U+57CC	,làng
6948,	埇,	U+57C7	,yǒng
6949,	莰,	U+83B0	,kǎn
6950,	茝,	U+831D	,chǎi
6951,	𬜯,	U+2C72F,	liǎng
6952,	鄀,	U+9100	,ruò
6953,	莶,	U+83B6	,xiān
6954,	莝,	U+839D	,cuò
6955,	䓖,	U+44D6	,qióng
6956,	莙,	U+8399	,jūn
6957,	栻,	U+683B	,shì
6958,	桠,	U+6860	,yā
6959,	𬂩,	U+2C0A9,	jiā
6960,	桄,	U+6844	,guāng，guàng
6961,	梠,	U+68A0	,lǚ
6962,	栴,	U+6834	,zhān
6963,	梴,	U+68B4	,chān
6964,	栒,	U+6812	,xún
6965,	酎,	U+914E	,zhòu
6966,	酏,	U+914F	,yǐ
6967,	𫠆,	U+2B806,	kuǐ
6968,	砵,	U+7835	,bō
6969,	砠,	U+7820	,jū
6970,	砫,	U+782B	,zhù
6971,	砬,	U+782C	,lá
6972,	硁,	U+7841	,kēng
6973,	恧,	U+6067	,nǜ
6974,	翃,	U+7FC3	,hóng
6975,	郪,	U+90EA	,qī
6976,	𨐈,	U+28408,	guāng
6977,	辀,	U+8F80	,zhōu
6978,	辁,	U+8F81	,quán
6979,	𬌗,	U+2C317,	hé
6980,	剕,	U+5255	,fèi
6981,	赀,	U+8D40	,zī
6982,	哢,	U+54E2	,lòng
6983,	晅,	U+6645	,xuǎn
6984,	晊,	U+664A	,zhì
6985,	唝,	U+551D	,hǒng
6986,	哳,	U+54F3	,zhā
6987,	哱,	U+54F1	,bō
6988,	冔,	U+5194	,xǔ
6989,	晔,	U+6654	,yè
6990,	晐,	U+6650	,gāi
6991,	晖,	U+6656	,huī
6992,	畖,	U+7556	,wā
6993,	蚄,	U+8684	,fāng
6994,	蚆,	U+8686	,bā
6995,	𫑡,	U+2B461,	méng
6996,	帱,	U+5E31	,chóu，dào
6997,	崁,	U+5D01	,kàn
6998,	峿,	U+5CFF	,wú
6999,	𪨶,	U+2AA36,	shē
7000,	崄,	U+5D04	,xiǎn
7001,	帨,	U+5E28	,shuì
7002,	崀,	U+5D00	,làng
7003,	赆,	U+8D46	,jìn
7004,	𬬸,	U+2CB38,	shù
7005,	钷,	U+94B7	,pǒ
7006,	𬬻,	U+2CB3B,	lú
7007,	𬬹,	U+2CB39,	shén
7008,	𬬿,	U+2CB3F,	zhāo
7009,	𬭁,	U+2CB41,	mǔ
7010,	眚,	U+771A	,shěng
7011,	甡,	U+7521	,shēn
7012,	笫,	U+7B2B	,zǐ
7013,	倻,	U+503B	,yē
7014,	倴,	U+5034	,bèn
7015,	脩,	U+8129	,xiū
7016,	倮,	U+502E	,luǒ
7017,	倕,	U+5015	,chuí
7018,	倞,	U+501E	,jìng
7019,	𫢸,	U+2B8B8,	dàn
7020,	倓,	U+5013	,tán
7021,	倧,	U+5027	,zōng
7022,	衃,	U+8843	,pēi
7023,	虒,	U+8652	,sī
7024,	舭,	U+822D	,bǐ
7025,	舯,	U+822F	,zhōng
7026,	舥,	U+8225	,pā
7027,	瓞,	U+74DE	,dié
7028,	鬯,	U+9B2F	,chàng
7029,	鸰,	U+9E30	,líng
7030,	脎,	U+810E	,sà
7031,	朓,	U+6713	,tiǎo
7032,	胲,	U+80F2	,hǎi
7033,	虓,	U+8653	,xiāo
7034,	鱽,	U+9C7D	,dāo
7035,	狴,	U+72F4	,bì
7036,	峱,	U+5CF1	,náo
7037,	狻,	U+72FB	,suān
7038,	眢,	U+7722	,yuān
7039,	𫗧,	U+2B5E7,	sù
7040,	勍,	U+52CD	,qíng
7041,	痄,	U+75C4	,zhà
7042,	疰,	U+75B0	,zhù
7043,	痃,	U+75C3	,xuán
7044,	竘,	U+7AD8	,qǔ
7045,	羖,	U+7F96	,gǔ
7046,	羓,	U+7F93	,bā
7047,	桊,	U+684A	,juàn
7048,	敉,	U+6549	,mǐ
7049,	烠,	U+70E0	,huí
7050,	烔,	U+70D4	,tóng
7051,	烶,	U+70F6	,tǐng
7052,	烻,	U+70FB	,shān
7053,	𬊈,	U+2C288,	xún
7054,	涍,	U+6D8D	,xiào
7055,	浡,	U+6D61	,bó
7056,	浭,	U+6D6D	,gēng
7057,	浬,	U+6D6C	,lǐ
7058,	涄,	U+6D84	,pīng
7059,	涢,	U+6DA2	,yún
7060,	涐,	U+6D90	,é
7061,	浰,	U+6D70	,lì，liàn
7062,	浟,	U+6D5F	,yóu
7063,	浛,	U+6D5B	,hán
7064,	浼,	U+6D7C	,měi
7065,	浲,	U+6D72	,féng
7066,	涘,	U+6D98	,sì
7067,	悈,	U+6088	,jiè
7068,	悃,	U+6083	,kǔn
7069,	悢,	U+60A2	,liàng
7070,	𬒈,	U+2C488,	què
7071,	宧,	U+5BA7	,yí
7072,	窅,	U+7A85	,yǎo
7073,	窊,	U+7A8A	,wā
7074,	窎,	U+7A8E	,diào
7075,	扅,	U+6245	,yí
7076,	扆,	U+6246	,yǐ
7077,	袪,	U+88AA	,qū
7078,	袗,	U+8897	,zhěn
7079,	袯,	U+88AF	,bó
7080,	祧,	U+7967	,tiāo
7081,	隺,	U+96BA	,hè
7082,	堲,	U+5832	,jí
7083,	疍,	U+758D	,dàn
7084,	𨺙,	U+28E99,	nì
7085,	陴,	U+9674	,pí
7086,	烝,	U+70DD	,zhēng
7087,	砮,	U+782E	,nǔ
7088,	㛚,	U+36DA	,tǒng
7089,	哿,	U+54FF	,gě
7090,	翀,	U+7FC0	,chōng
7091,	翂,	U+7FC2	,fēn
7092,	剟,	U+525F	,duō
7093,	𬳿,	U+2CCFF,	tú
7094,	𫄨,	U+2B128,	chī
7095,	绤,	U+7EE4	,xì
7096,	骍,	U+9A8D	,xīng
7097,	𬘫,	U+2C62B,	huán
7098,	䂮,	U+40AE	,lüè
7099,	琎,	U+740E	,jìn
7100,	珸,	U+73F8	,wú
7101,	珵,	U+73F5	,chéng
7102,	琄,	U+7404	,xuàn
7103,	琈,	U+7408	,fú
7104,	琀,	U+7400	,hán
7105,	珺,	U+73FA	,jùn
7106,	掭,	U+63AD	,tiàn
7107,	堎,	U+580E	,lèng
7108,	堐,	U+5810	,yá
7109,	埼,	U+57FC	,qí
7110,	掎,	U+638E	,jǐ
7111,	埫,	U+57EB	,tǎng
7112,	堌,	U+580C	,gù
7113,	晢,	U+6662	,zhé
7114,	𫮃,	U+2BB83,	shàn
7115,	掞,	U+639E	,yàn
7116,	埪,	U+57EA	,kōng
7117,	壸,	U+58F8	,kǔn
7118,	㙍,	U+364D	,duō
7119,	聍,	U+804D	,níng
7120,	菝,	U+83DD	,bá
7121,	萚,	U+841A	,tuò
7122,	菥,	U+83E5	,xī
7123,	莿,	U+83BF	,cì
7124,	䓫,	U+44EB	,qí
7125,	勚,	U+52DA	,yì
7126,	䓬,	U+44EC	,zhuó
7127,	萆,	U+8406	,bì
7128,	菂,	U+83C2	,dì
7129,	菍,	U+83CD	,niè
7130,	菼,	U+83FC	,tǎn
7131,	萣,	U+8423	,dìng
7132,	䓨,	U+44E8	,yīng
7133,	菉,	U+83C9	,lù
7134,	䓛,	U+44DB	,qū
7135,	梼,	U+68BC	,táo
7136,	梽,	U+68BD	,zhì
7137,	桲,	U+6872	,bó，po
7138,	梾,	U+68BE	,lái
7139,	桯,	U+686F	,tīng
7140,	梣,	U+68A3	,chén，qín
7141,	梌,	U+688C	,tú
7142,	桹,	U+6879	,láng
7143,	敔,	U+6554	,yǔ
7144,	厣,	U+53A3	,yǎn
7145,	硔,	U+7854	,gǒng
7146,	鿎,	U+9FCE	,dá，tǎ
7147,	硙,	U+7859	,wèi
7148,	硚,	U+785A	,qiáo
7149,	硊,	U+784A	,huì
7150,	硍,	U+784D	,yín
7151,	勔,	U+52D4	,miǎn
7152,	䴕,	U+4D15	,liè
7153,	龁,	U+9F81	,hé
7154,	逴,	U+9034	,chuō
7155,	唪,	U+552A	,fěng
7156,	啫,	U+556B	,zhě
7157,	翈,	U+7FC8	,xiá
7158,	㫰,	U+3AF0	,làng
7159,	晙,	U+6659	,jùn
7160,	畤,	U+7564	,zhì
7161,	𬱖,	U+2CC56,	dí
7162,	趼,	U+8DBC	,jiǎn
7163,	跂,	U+8DC2	,qí
7164,	蛃,	U+86C3	,bǐng
7165,	蚲,	U+86B2	,píng
7166,	𬟽,	U+2C7FD,	dōng
7167,	蚺,	U+86BA	,rán
7168,	啴,	U+5574	,chǎn
7169,	䎃,	U+4383	,rǎn
7170,	崧,	U+5D27	,sōng
7171,	崟,	U+5D1F	,yín
7172,	崞,	U+5D1E	,guō
7173,	崒,	U+5D12	,zú
7174,	崌,	U+5D0C	,jū
7175,	崡,	U+5D21	,hán
7176,	铏,	U+94CF	,xíng
7177,	𫓯,	U+2B4EF,	jī
7178,	𫟹,	U+2B7F9,	hóng
7179,	铕,	U+94D5	,yǒu
7180,	𫟼,	U+2B7FC,	dá
7181,	铖,	U+94D6	,chéng
7182,	铘,	U+94D8	,yé
7183,	铚,	U+94DA	,zhì
7184,	铞,	U+94DE	,diào
7185,	铥,	U+94E5	,diū
7186,	铴,	U+94F4	,tāng
7187,	牻,	U+727B	,máng
7188,	牿,	U+727F	,gù
7189,	稆,	U+7A06	,lǚ
7190,	笱,	U+7B31	,gǒu
7191,	笯,	U+7B2F	,nú
7192,	偰,	U+5070	,xiè
7193,	偡,	U+5061	,zhàn
7194,	鸺,	U+9E3A	,xiū
7195,	偭,	U+506D	,miǎn
7196,	偲,	U+5072	,cāi
7197,	偁,	U+5041	,chēng
7198,	㿠,	U+3FE0	,huàng
7199,	鄅,	U+9105	,yǔ
7200,	偓,	U+5053	,wò
7201,	徛,	U+5F9B	,jì
7202,	衒,	U+8852	,xuàn
7203,	舳,	U+8233	,zhú
7204,	舲,	U+8232	,líng
7205,	鸼,	U+9E3C	,zhōu
7206,	悆,	U+6086	,yù
7207,	鄃,	U+9103	,shū
7208,	瓻,	U+74FB	,chī
7209,	䝙,	U+4759	,chū
7210,	脶,	U+8136	,luó
7211,	脞,	U+811E	,cuǒ
7212,	脟,	U+811F	,liè
7213,	䏲,	U+43F2	,tī
7214,	鱾,	U+9C7E	,jǐ
7215,	猇,	U+7307	,xiāo
7216,	猊,	U+730A	,ní
7217,	猄,	U+7304	,jīng
7218,	觖,	U+89D6	,jué
7219,	𠅤,	U+20164,	xí
7220,	庱,	U+5EB1	,chěng
7221,	庼,	U+5EBC	,qǐng
7222,	庳,	U+5EB3	,bì
7223,	痓,	U+75D3	,chì
7224,	䴔,	U+4D14	,jiāo
7225,	竫,	U+7AEB	,jìng
7226,	堃,	U+5803	,kūn
7227,	阌,	U+960C	,wén
7228,	羝,	U+7F9D	,dī
7229,	羕,	U+7F95	,yàng
7230,	焆,	U+7106	,juān
7231,	烺,	U+70FA	,lǎng
7232,	焌,	U+710C	,jùn，qū
7233,	淏,	U+6DCF	,hào
7234,	𬇹,	U+2C1F9,	guó
7235,	淟,	U+6DDF	,tiǎn
7236,	淜,	U+6DDC	,péng
7237,	淴,	U+6DF4	,hū
7238,	淯,	U+6DEF	,yù
7239,	湴,	U+6E74	,bàn
7240,	涴,	U+6DB4	,yuān
7241,	𬍡,	U+2C361,	dàng
7242,	㥄,	U+3944	,líng
7243,	惛,	U+60DB	,hūn
7244,	惔,	U+60D4	,tán
7245,	悰,	U+60B0	,cóng
7246,	惙,	U+60D9	,chuò
7247,	寁,	U+5BC1	,zǎn
7248,	逭,	U+902D	,huàn
7249,	𬤇,	U+2C907,	yīn
7250,	𫍯,	U+2B36F,	xián
7251,	袼,	U+88BC	,gē
7252,	裈,	U+88C8	,kūn
7253,	祲,	U+7972	,jìn
7254,	𬤊,	U+2C90A,	shì
7255,	𫍲,	U+2B372,	xiǎo
7256,	谞,	U+8C1E	,xū
7257,	艴,	U+8274	,bó
7258,	弸,	U+5F38	,péng
7259,	弶,	U+5F36	,jiàng
7260,	𬯎,	U+2CBCE,	tuí
7261,	隃,	U+9683	,shù
7262,	婞,	U+5A5E	,xìng
7263,	娵,	U+5A35	,jū
7264,	婼,	U+5A7C	,ruò
7265,	媖,	U+5A96	,yīng
7266,	婳,	U+5A73	,huà
7267,	婍,	U+5A4D	,qǐ
7268,	婌,	U+5A4C	,shú
7269,	婫,	U+5A6B	,kūn
7270,	婤,	U+5A64	,zhōu
7271,	婘,	U+5A58	,quán
7272,	婠,	U+5A60	,wān
7273,	𬘬,	U+2C62C,	qiàn
7274,	𬘭,	U+2C62D,	chēn
7275,	𬴂,	U+2CD02,	fēi
7276,	𫘦,	U+2B626,	táo
7277,	绹,	U+7EF9	,táo
7278,	𫟅,	U+2B7C5,	liáng
7279,	𬘯,	U+2C62F,	zhǔn
7280,	骕,	U+9A95	,sù
7281,	𫘧,	U+2B627,	lù
7282,	絜,	U+7D5C	,jié，xié
7283,	珷,	U+73F7	,wǔ
7284,	琲,	U+7432	,bèi
7285,	琡,	U+7421	,chù
7286,	琟,	U+741F	,wéi
7287,	琔,	U+7414	,diàn
7288,	琭,	U+742D	,lù
7289,	堾,	U+583E	,chūn
7290,	堼,	U+583C	,hèng
7291,	揕,	U+63D5	,zhèn
7292,	㙘,	U+3658	,yāo
7293,	堧,	U+5827	,ruán
7294,	喆,	U+5586	,zhé
7295,	堨,	U+5828	,è
7296,	塅,	U+5845	,duàn
7297,	堠,	U+5820	,hòu
7298,	絷,	U+7D77	,zhí
7299,	𪣻,	U+2A8FB,	lóu
7300,	𡎚,	U+2139A,	piǎn
7301,	葜,	U+845C	,qiā
7302,	惎,	U+60CE	,jì
7303,	萳,	U+8433	,nán
7304,	葙,	U+8459	,xiāng
7305,	靬,	U+976C	,qián
7306,	葴,	U+8474	,zhēn
7307,	蒇,	U+8487	,chǎn
7308,	蒈,	U+8488	,kǎi
7309,	鄚,	U+911A	,mào
7310,	蒉,	U+8489	,kuì
7311,	蓇,	U+84C7	,gū
7312,	萩,	U+8429	,qiū
7313,	蒐,	U+8490	,sōu
7314,	葰,	U+8470	,jùn，suǒ
7315,	葎,	U+844E	,lǜ
7316,	鄑,	U+9111	,zī
7317,	蒎,	U+848E	,pài
7318,	葖,	U+8456	,tū
7319,	蒄,	U+8484	,guān
7320,	萹,	U+8439	,biān
7321,	棤,	U+68E4	,cuò
7322,	棽,	U+68FD	,chēn，shēn
7323,	棫,	U+68EB	,yù
7324,	椓,	U+6913	,zhuó
7325,	椑,	U+6911	,bēi
7326,	𬃊,	U+2C0CA,	zhì
7327,	鹀,	U+9E40	,wú
7328,	椆,	U+6906	,chóu
7329,	棓,	U+68D3	,bèi
7330,	棬,	U+68EC	,quān
7331,	棪,	U+68EA	,yǎn
7332,	椀,	U+6900	,wǎn
7333,	楗,	U+6957	,jiàn
7334,	𬷕,	U+2CDD5,	bǔ
7335,	甦,	U+7526	,sū
7336,	酦,	U+9166	,pō
7337,	觌,	U+89CC	,dí
7338,	奡,	U+5961	,ào
7339,	皕,	U+7695	,bì
7340,	硪,	U+786A	,wò
7341,	欹,	U+6B39	,qī
7342,	詟,	U+8A5F	,zhé
7343,	𫐐,	U+2B410,	ní
7344,	辌,	U+8F8C	,liáng
7345,	棐,	U+68D0	,fěi
7346,	龂,	U+9F82	,yín
7347,	𬹼,	U+2CE7C,	xiè
7348,	黹,	U+9EF9	,zhǐ
7349,	牚,	U+725A	,chèng
7350,	睎,	U+774E	,xī
7351,	晫,	U+666B	,zhuó
7352,	晪,	U+666A	,tiǎn
7353,	晱,	U+6671	,shǎn
7354,	𧿹,	U+27FF9,	mǔ
7355,	蛑,	U+86D1	,móu
7356,	畯,	U+756F	,jùn
7357,	斝,	U+659D	,jiǎ
7358,	喤,	U+55A4	,huáng
7359,	崶,	U+5D36	,fēng
7360,	嵁,	U+5D41	,kān
7361,	𫶇,	U+2BD87,	dié
7362,	崾,	U+5D3E	,yào
7363,	嵅,	U+5D45	,hán
7364,	崿,	U+5D3F	,è
7365,	嵚,	U+5D5A	,qīn
7366,	翙,	U+7FD9	,huì
7367,	𫖮,	U+2B5AE,	yǐ
7368,	圌,	U+570C	,chuí
7369,	圐,	U+5710	,kū
7370,	赑,	U+8D51	,bì
7371,	淼,	U+6DFC	,miǎo
7372,	赒,	U+8D52	,zhōu
7373,	鿏,	U+9FCF	,mài
7374,	铹,	U+94F9	,láo
7375,	𬭊,	U+2CB4A,	dù
7376,	铽,	U+94FD	,tè
7377,	𨱇,	U+28C47,	qiú
7378,	𫓶,	U+2B4F6,	xuān
7379,	锊,	U+950A	,lüè
7380,	锍,	U+950D	,liǔ
7381,	锎,	U+950E	,kāi
7382,	𬭎,	U+2CB4E,	hóng
7383,	锓,	U+9513	,qǐn
7384,	犇,	U+7287	,bēn
7385,	颋,	U+988B	,tǐng
7386,	稌,	U+7A0C	,tú
7387,	筀,	U+7B40	,guì
7388,	筘,	U+7B58	,kòu
7389,	筜,	U+7B5C	,dāng
7390,	筥,	U+7B65	,jǔ
7391,	筅,	U+7B45	,xiǎn
7392,	傃,	U+5083	,sù
7393,	傉,	U+5089	,nù
7394,	翛,	U+7FDB	,xiāo
7395,	傒,	U+5092	,xī
7396,	傕,	U+5095	,jué
7397,	舾,	U+823E	,xī
7398,	畬,	U+756C	,yú
7399,	𫖯,	U+2B5AF,	fǔ
7400,	脿,	U+813F	,biǎo
7401,	腘,	U+8158	,guó
7402,	䐃,	U+4403	,jùn
7403,	腙,	U+8159	,zōng
7404,	腒,	U+8152	,jū
7405,	𬱟,	U+2CC5F,	wěi
7406,	鲃,	U+9C83	,bā
7407,	猰,	U+7330	,yà
7408,	𫛭,	U+2B6ED,	kuáng
7409,	猯,	U+732F	,tuān
7410,	㺄,	U+3E84	,yǔ
7411,	馉,	U+9989	,gǔ
7412,	凓,	U+51D3	,lì
7413,	鄗,	U+9117	,hào
7414,	𫷷,	U+2BDF7,	xīn
7415,	廋,	U+5ECB	,sōu
7416,	廆,	U+5EC6	,wěi
7417,	鄌,	U+910C	,táng
7418,	粢,	U+7CA2	,zī
7419,	遆,	U+9046	,tí
7420,	旐,	U+65D0	,zhào
7421,	𬮱,	U+2CBB1,	yīn
7422,	焞,	U+711E	,tūn
7423,	𬊤,	U+2C2A4,	chǎn
7424,	欻,	U+6B3B	,xū
7425,	𣸣,	U+23E23,	fén
7426,	溚,	U+6E9A	,dá
7427,	溁,	U+6E81	,yíng
7428,	湝,	U+6E5D	,jiē
7429,	渰,	U+6E30	,yǎn
7430,	湓,	U+6E53	,pén
7431,	㴔,	U+3D14	,jí
7432,	渟,	U+6E1F	,tíng
7433,	溠,	U+6EA0	,zhà
7434,	渼,	U+6E3C	,měi
7435,	溇,	U+6E87	,lóu
7436,	湣,	U+6E63	,mǐn
7437,	湑,	U+6E51	,xù
7438,	溞,	U+6E9E	,sāo
7439,	愐,	U+6110	,miǎn
7440,	愃,	U+6103	,xuān
7441,	敩,	U+6569	,xiào
7442,	甯,	U+752F	,nìng
7443,	棨,	U+68E8	,qǐ
7444,	扊,	U+624A	,yǎn
7445,	裣,	U+88E3	,liǎn
7446,	祼,	U+797C	,guàn
7447,	婻,	U+5A7B	,nàn
7448,	媆,	U+5A86	,ruǎn
7449,	媞,	U+5A9E	,shì
7450,	㛹,	U+36F9	,pián
7451,	媓,	U+5A93	,huáng
7452,	媂,	U+5A82	,dì
7453,	媄,	U+5A84	,měi
7454,	毵,	U+6BF5	,sān
7455,	矞,	U+77DE	,yù
7456,	𬴃,	U+2CD03,	huō
7457,	𫘨,	U+2B628,	tí
7458,	缊,	U+7F0A	,yùn
7459,	缐,	U+7F10	,xiàn
7460,	骙,	U+9A99	,kuí
7461,	瑃,	U+7443	,chūn
7462,	瑓,	U+7453	,liàn
7463,	瑅,	U+7445	,tí
7464,	瑆,	U+7446	,xīng
7465,	䴖,	U+4D16	,jīng
7466,	瑖,	U+7456	,duàn
7467,	瑝,	U+745D	,huáng
7468,	瑔,	U+7454	,quán
7469,	瑀,	U+7440	,yǔ
7470,	𤧛,	U+249DB,	dì
7471,	瑳,	U+7473	,cuō
7472,	瑂,	U+7442	,méi
7473,	嶅,	U+5D85	,áo
7474,	瑑,	U+7451	,zhuàn
7475,	遘,	U+9058	,gòu
7476,	髢,	U+9AE2	,dí
7477,	塥,	U+5865	,gé
7478,	堽,	U+583D	,gāng
7479,	赪,	U+8D6A	,chēng
7480,	摛,	U+645B	,chī
7481,	塝,	U+585D	,bàng
7482,	搒,	U+6412	,bàng，péng
7483,	搌,	U+640C	,zhǎn
7484,	蒱,	U+84B1	,pú
7485,	蒨,	U+84A8	,qiàn
7486,	蓏,	U+84CF	,luǒ
7487,	蔀,	U+8500	,bù
7488,	蓢,	U+84E2	,lǎng
7489,	蓂,	U+84C2	,mì
7490,	蒻,	U+84BB	,ruò
7491,	蓣,	U+84E3	,yù
7492,	椹,	U+6939	,shèn
7493,	楪,	U+696A	,dié
7494,	榃,	U+6983	,tán
7495,	榅,	U+6985	,wēn
7496,	楒,	U+6952	,sī
7497,	楞,	U+695E	,léng
7498,	楩,	U+6969	,pián
7499,	榇,	U+6987	,chèn
7500,	椸,	U+6938	,yí
7501,	楙,	U+6959	,mào
7502,	歅,	U+6B45	,yīn
7503,	𬪩,	U+2CAA9,	nóng
7504,	碃,	U+7883	,qìng
7505,	碏,	U+788F	,què
7506,	𬒔,	U+2C494,	gěng
7507,	碈,	U+7888	,hūn
7508,	䃅,	U+40C5	,dī
7509,	硿,	U+787F	,kòng
7510,	鄠,	U+9120	,hù
7511,	辒,	U+8F92	,wēn
7512,	𬨎,	U+2CA0E,	yóu
7513,	𫐓,	U+2B413,	róu
7514,	龆,	U+9F86	,tiáo
7515,	觜,	U+89DC	,zī
7516,	䣘,	U+48D8	,táng
7517,	暕,	U+6695	,jiǎn
7518,	鹍,	U+9E4D	,kūn
7519,	𫫇,	U+2BAC7,	è
7520,	㬊,	U+3B0A	,huǎn
7521,	暅,	U+6685	,gèng
7522,	跱,	U+8DF1	,zhì
7523,	蜐,	U+8710	,jié
7524,	蜎,	U+870E	,yuān
7525,	嵲,	U+5D72	,niè
7526,	赗,	U+8D57	,fèng
7527,	骱,	U+9AB1	,jiè
7528,	锖,	U+9516	,qiāng
7529,	𫓹,	U+2B4F9,	jī
7530,	锘,	U+9518	,nuò
7531,	锳,	U+9533	,yīng
7532,	锧,	U+9527	,zhì
7533,	锪,	U+952A	,huō
7534,	𬭚,	U+2CB5A,	chún
7535,	锫,	U+952B	,péi
7536,	锬,	U+952C	,tán
7537,	𬭛,	U+2CB5B,	bō
7538,	稑,	U+7A11	,lù
7539,	稙,	U+7A19	,zhī
7540,	䅟,	U+415F	,cǎn
7541,	𬕂,	U+2C542,	lǒng
7542,	筻,	U+7B7B	,gàng
7543,	筼,	U+7B7C	,yún
7544,	筶,	U+7B76	,gào
7545,	筦,	U+7B66	,guǎn
7546,	筤,	U+7B64	,láng
7547,	傺,	U+50BA	,chì
7548,	鹎,	U+9E4E	,bēi
7549,	僇,	U+50C7	,lù
7550,	艅,	U+8245	,yú
7551,	艉,	U+8249	,wěi
7552,	谼,	U+8C3C	,hóng
7553,	貆,	U+8C86	,huán
7554,	腽,	U+817D	,wà
7555,	腨,	U+8168	,shuàn
7556,	腯,	U+816F	,tú
7557,	鲉,	U+9C89	,yóu
7558,	鲊,	U+9C8A	,zhǎ
7559,	鲌,	U+9C8C	,bó
7560,	䲟,	U+4C9F	,yìn
7561,	𬶋,	U+2CD8B,	jū
7562,	𬶍,	U+2CD8D,	tuó
7563,	鲏,	U+9C8F	,pí
7564,	雊,	U+96CA	,gòu
7565,	猺,	U+733A	,yáo
7566,	飔,	U+98D4	,sī
7567,	觟,	U+89DF	,huà
7568,	𦝼,	U+2677C,	lóu，lǘ
7569,	馌,	U+998C	,yè
7570,	裛,	U+88DB	,yì
7571,	廒,	U+5ED2	,áo
7572,	瘀,	U+7600	,yū
7573,	瘅,	U+7605	,dān，dàn
7574,	鄘,	U+9118	,yōng
7575,	鹒,	U+9E52	,gēng
7576,	鄜,	U+911C	,fū
7577,	麀,	U+9E80	,yōu
7578,	鄣,	U+9123	,zhāng
7579,	阘,	U+9618	,tà
7580,	𫔶,	U+2B536,	niè
7581,	煁,	U+7141	,chén
7582,	煃,	U+7143	,kuǐ
7583,	煴,	U+7174	,yūn
7584,	煋,	U+714B	,xīng
7585,	煟,	U+715F	,wèi
7586,	煓,	U+7153	,tuān
7587,	滠,	U+6EE0	,shè
7588,	溍,	U+6E8D	,jìn
7589,	溹,	U+6EB9	,suǒ
7590,	滆,	U+6EC6	,gé
7591,	滉,	U+6EC9	,huàng
7592,	溦,	U+6EA6	,wēi
7593,	溵,	U+6EB5	,yīn
7594,	漷,	U+6F37	,huǒ
7595,	滧,	U+6EE7	,xiào
7596,	滘,	U+6ED8	,jiào
7597,	滍,	U+6ECD	,zhì
7598,	愭,	U+612D	,qí
7599,	慥,	U+6165	,zào
7600,	慆,	U+6146	,tāo
7601,	塱,	U+5871	,lǎng
7602,	𫌀,	U+2B300,	jī
7603,	裼,	U+88FC	,tì，xī
7604,	禋,	U+798B	,yīn
7605,	禔,	U+7994	,zhī
7606,	禘,	U+7998	,dì
7607,	禒,	U+7992	,xiǎn
7608,	谫,	U+8C2B	,jiǎn
7609,	鹔,	U+9E54	,sù
7610,	𫖳,	U+2B5B3,	yūn
7611,	愍,	U+610D	,mǐn
7612,	嫄,	U+5AC4	,yuán
7613,	媱,	U+5AB1	,yáo
7614,	戤,	U+6224	,gài
7615,	勠,	U+52E0	,lù
7616,	戣,	U+6223	,kuí
7617,	𫘪,	U+2B62A,	yuán
7618,	𫘬,	U+2B62C,	xí
7619,	缞,	U+7F1E	,cuī
7620,	耤,	U+8024	,jí
7621,	瑧,	U+7467	,zhēn
7622,	𫞩,	U+2B7A9,	mén
7623,	瑨,	U+7468	,jìn
7624,	瑱,	U+7471	,tiàn
7625,	瑷,	U+7477	,ài
7626,	瑢,	U+7462	,róng
7627,	斠,	U+65A0	,jiào
7628,	摏,	U+644F	,chōng
7629,	墕,	U+5895	,yān
7630,	墈,	U+5888	,kàn
7631,	墐,	U+5890	,jìn
7632,	墘,	U+5898	,qián
7633,	摴,	U+6474	,chū
7634,	銎,	U+928E	,qióng
7635,	𡐓,	U+21413,	kāng
7636,	墚,	U+589A	,liáng
7637,	撖,	U+6496	,hàn
7638,	𪤗,	U+2A917,	liào
7639,	靽,	U+977D	,bàn
7640,	鞁,	U+9781	,bèi
7641,	蔌,	U+850C	,sù
7642,	蔈,	U+8508	,piào
7643,	蓰,	U+84F0	,xǐ
7644,	蔹,	U+8539	,liǎn
7645,	蔊,	U+850A	,hǎn，hàn
7646,	嘏,	U+560F	,gǔ
7647,	榰,	U+69B0	,zhī
7648,	榑,	U+6991	,fú
7649,	槚,	U+69DA	,jiǎ
7650,	𣗋,	U+235CB,	dǎng
7651,	槜,	U+69DC	,zuì
7652,	榍,	U+698D	,xiè
7653,	疐,	U+7590	,zhì
7654,	𬸘,	U+2CE18,	yǎn
7655,	酺,	U+917A	,pú
7656,	酾,	U+917E	,shī
7657,	酲,	U+9172	,chéng
7658,	酴,	U+9174	,tú
7659,	碶,	U+78B6	,qì
7660,	䃎,	U+40CE	,zhà
7661,	𬒗,	U+2C497,	lán
7662,	碨,	U+78A8	,wèi
7663,	𥔲,	U+25532,	è
7664,	碹,	U+78B9	,xuàn
7665,	碥,	U+78A5	,biǎn
7666,	劂,	U+5282	,jué
7667,	𫚖,	U+2B696,	cǐ
7668,	䴗,	U+4D17	,jú
7669,	夥,	U+5925	,huǒ
7670,	瞍,	U+778D	,sǒu
7671,	鹖,	U+9E56	,hé
7672,	㬎,	U+3B0E	,xiǎn
7673,	跽,	U+8DFD	,jì
7674,	蜾,	U+873E	,guǒ
7675,	幖,	U+5E56	,biāo
7676,	嶍,	U+5D8D	,xí
7677,	圙,	U+5719	,lüè
7678,	𨱏,	U+28C4F,	dā
7679,	锺,	U+953A	,zhōng
7680,	锼,	U+953C	,sōu
7681,	锽,	U+953D	,huáng
7682,	𬭤,	U+2CB64,	hóu
7683,	锾,	U+953E	,huán
7684,	锿,	U+953F	,āi
7685,	镃,	U+9543	,zī
7686,	镄,	U+9544	,fèi
7687,	镅,	U+9545	,méi
7688,	馝,	U+999D	,bì
7689,	鹙,	U+9E59	,qiū
7690,	箨,	U+7BA8	,tuò
7691,	箖,	U+7B96	,lín
7692,	劄,	U+5284	,zhá
7693,	僬,	U+50EC	,jiāo
7694,	僦,	U+50E6	,jiù
7695,	僔,	U+50D4	,zǔn
7696,	僎,	U+50CE	,zhuàn
7697,	槃,	U+69C3	,pán
7698,	㙦,	U+3666	,xié
7699,	鲒,	U+9C92	,jié
7700,	鲕,	U+9C95	,ér
7701,	𫚕,	U+2B695,	shī
7702,	鲖,	U+9C96	,tóng
7703,	鲗,	U+9C97	,zéi
7704,	鲘,	U+9C98	,hòu
7705,	鲙,	U+9C99	,kuài
7706,	𬶐,	U+2CD90,	zhào
7707,	𬶏,	U+2CD8F,	wéi
7708,	𩽾,	U+29F7E,	ān
7709,	夐,	U+5910	,xiòng
7710,	獍,	U+734D	,jìng
7711,	飗,	U+98D7	,liú
7712,	𬸚,	U+2CE1A,	yuè
7713,	凘,	U+51D8	,sī
7714,	廑,	U+5ED1	,jǐn
7715,	廙,	U+5ED9	,yì
7716,	瘗,	U+7617	,yì
7717,	瘥,	U+7625	,chài
7718,	瘕,	U+7615	,jiǎ
7719,	鲝,	U+9C9D	,zhǎ
7720,	鄫,	U+912B	,zēng
7721,	熇,	U+7187	,hè
7722,	漹,	U+6F39	,yān
7723,	漖,	U+6F16	,jiào
7724,	潆,	U+6F46	,yíng
7725,	漤,	U+6F24	,lǎn
7726,	潩,	U+6F69	,yì
7727,	漼,	U+6F3C	,cuǐ
7728,	漴,	U+6F34	,chóng，shuāng
7729,	㽏,	U+3F4F	,gàn
7730,	漈,	U+6F08	,jì
7731,	漋,	U+6F0B	,lóng
7732,	漻,	U+6F3B	,liáo
7733,	慬,	U+616C	,qín
7734,	窬,	U+7AAC	,yú
7735,	窭,	U+7AAD	,jù
7736,	㮾,	U+3BBE	,lǎng
7737,	𬤝,	U+2C91D,	huì
7738,	褕,	U+8915	,yú
7739,	禛,	U+799B	,zhēn
7740,	禚,	U+799A	,zhuó
7741,	隩,	U+96A9	,ào
7742,	嫕,	U+5AD5	,yì
7743,	嫭,	U+5AED	,hù
7744,	嫜,	U+5ADC	,zhāng
7745,	嫪,	U+5AEA	,lào
7746,	𬙂,	U+2C642,	yǎn
7747,	㻬,	U+3EEC	,tū
7748,	麹,	U+9EB9	,qū
7749,	璆,	U+7486	,qiú
7750,	漦,	U+6F26	,chí
7751,	叇,	U+53C7	,dài
7752,	墣,	U+58A3	,pú
7753,	墦,	U+58A6	,fán
7754,	墡,	U+58A1	,shàn
7755,	劐,	U+5290	,huō
7756,	薁,	U+8581	,ào
7757,	蕰,	U+8570	,wēn
7758,	蔃,	U+8503	,qiáng
7759,	鼒,	U+9F12	,zī
7760,	槱,	U+69F1	,yǒu
7761,	鹝,	U+9E5D	,yì
7762,	磏,	U+78CF	,qiān
7763,	磉,	U+78C9	,sǎng
7764,	殣,	U+6BA3	,jìn
7765,	慭,	U+616D	,yìn
7766,	霅,	U+9705	,zhà
7767,	暵,	U+66B5	,hàn
7768,	暲,	U+66B2	,zhāng
7769,	暶,	U+66B6	,xuán
7770,	踦,	U+8E26	,yǐ
7771,	踣,	U+8E23	,bó
7772,	䗖,	U+45D6	,dì
7773,	蝘,	U+8758	,yǎn
7774,	蝲,	U+8772	,là
7775,	蝤,	U+8764	,qiú，yóu
7776,	噇,	U+5647	,chuáng
7777,	噂,	U+5642	,zǔn
7778,	噀,	U+5640	,xùn
7779,	罶,	U+7F76	,liǔ
7780,	嶲,	U+5DB2	,xī
7781,	嶓,	U+5D93	,bō
7782,	㠇,	U+3807	,jiù
7783,	嶟,	U+5D9F	,zūn
7784,	嶒,	U+5D92	,céng
7785,	镆,	U+9546	,mò
7786,	镈,	U+9548	,bó
7787,	镋,	U+954B	,tǎng
7788,	镎,	U+954E	,ná
7789,	𬭩,	U+2CB69,	wēng
7790,	镕,	U+9555	,róng
7791,	稹,	U+7A39	,zhěn
7792,	儇,	U+5107	,xuān
7793,	皞,	U+769E	,hào
7794,	皛,	U+769B	,xiǎo
7795,	䴘,	U+4D18	,tī
7796,	艎,	U+824E	,huáng
7797,	艏,	U+824F	,shǒu
7798,	鹟,	U+9E5F	,wēng
7799,	𩾃,	U+29F83,	miǎn
7800,	鲦,	U+9CA6	,tiáo
7801,	鲪,	U+9CAA	,jūn
7802,	鲬,	U+9CAC	,yǒng
7803,	橥,	U+6A65	,zhū
7804,	觭,	U+89ED	,jī
7805,	鹠,	U+9E60	,liú
7806,	鹡,	U+9E61	,jí
7807,	糇,	U+7CC7	,hóu
7808,	糈,	U+7CC8	,xǔ
7809,	翦,	U+7FE6	,jiǎn
7810,	鹢,	U+9E62	,yì
7811,	鹣,	U+9E63	,jiān
7812,	熛,	U+719B	,biāo
7813,	潖,	U+6F56	,pá
7814,	潵,	U+6F75	,sǎ
7815,	㵐,	U+3D50	,jué
7816,	澂,	U+6F82	,chéng
7817,	澛,	U+6F9B	,lǔ
7818,	瑬,	U+746C	,liú
7819,	潽,	U+6F7D	,pū
7820,	潾,	U+6F7E	,lín
7821,	潏,	U+6F4F	,yù
7822,	憭,	U+61AD	,liǎo
7823,	憕,	U+6195	,chéng
7824,	𬸣,	U+2CE23,	xiān
7825,	戭,	U+622D	,yǎn
7826,	褯,	U+892F	,jiè
7827,	禤,	U+79A4	,xuān
7828,	𫍽,	U+2B37D,	xuān
7829,	嫽,	U+5AFD	,liáo
7830,	遹,	U+9079	,yù
7831,	𬴊,	U+2CD0A,	lín
7832,	璥,	U+74A5	,jǐng
7833,	璲,	U+74B2	,suì
7834,	璒,	U+7492	,dēng
7835,	憙,	U+6199	,xǐ
7836,	擐,	U+64D0	,huàn
7837,	鄹,	U+9139	,zōu
7838,	薳,	U+85B3	,wěi
7839,	鞔,	U+9794	,mán
7840,	黇,	U+9EC7	,tiān
7841,	𬞟,	U+2C79F,	pín
7842,	蕗,	U+8557	,lù
7843,	薢,	U+85A2	,xiè
7844,	蕹,	U+8579	,wèng
7845,	橞,	U+6A5E	,huì
7846,	橑,	U+6A51	,liáo
7847,	橦,	U+6A66	,tóng
7848,	醑,	U+9191	,xǔ
7849,	觱,	U+89F1	,bì
7850,	磡,	U+78E1	,kàn
7851,	𥕢,	U+25562,	cáo
7852,	磜,	U+78DC	,qì
7853,	豮,	U+8C6E	,fén
7854,	𫟦,	U+2B7E6,	suì
7855,	𬺈,	U+2CE88,	yǐ
7856,	𫠜,	U+2B81C,	ní
7857,	鹾,	U+9E7E	,cuó
7858,	虤,	U+8664	,yán
7859,	暿,	U+66BF	,xī
7860,	曌,	U+66CC	,zhào
7861,	曈,	U+66C8	,tóng
7862,	㬚,	U+3B1A	,chè
7863,	蹅,	U+8E45	,chǎ
7864,	踶,	U+8E36	,dì
7865,	䗛,	U+45DB	,xiū
7866,	螗,	U+8797	,táng
7867,	疁,	U+7581	,liú
7868,	㠓,	U+3813	,méng
7869,	幪,	U+5E6A	,méng
7870,	𪩘,	U+2AA58,	yǎn
7871,	嶦,	U+5DA6	,shàn
7872,	𬭬,	U+2CB6C,	huì
7873,	𨱑,	U+28C51,	huáng
7874,	𬭯,	U+2CB6F,	piě
7875,	馞,	U+999E	,bó
7876,	穄,	U+7A44	,jì
7877,	篚,	U+7BDA	,fěi
7878,	篯,	U+7BEF	,jiān
7879,	簉,	U+7C09	,zào
7880,	鼽,	U+9F3D	,qiú
7881,	衠,	U+8860	,zhūn
7882,	盦,	U+76E6	,ān
7883,	螣,	U+87A3	,téng
7884,	縢,	U+7E22	,téng
7885,	鲭,	U+9CAD	,qīng
7886,	鲯,	U+9CAF	,qí
7887,	鲰,	U+9CB0	,zōu
7888,	鲺,	U+9CBA	,shī
7889,	鲹,	U+9CB9	,shēn
7890,	𫗴,	U+2B5F4,	zhān
7891,	亸,	U+4EB8	,duǒ
7892,	癀,	U+7640	,huáng
7893,	瘭,	U+762D	,biāo
7894,	𬸦,	U+2CE26,	zhuó
7895,	羱,	U+7FB1	,yuán
7896,	糒,	U+7CD2	,bèi
7897,	燋,	U+71CB	,jiāo
7898,	熻,	U+71BB	,xī
7899,	燊,	U+71CA	,shēn
7900,	燚,	U+71DA	,yì
7901,	燏,	U+71CF	,yù
7902,	濩,	U+6FE9	,huò
7903,	濋,	U+6FCB	,chǔ
7904,	澪,	U+6FAA	,líng
7905,	澽,	U+6FBD	,jù
7906,	澴,	U+6FB4	,huán
7907,	澭,	U+6FAD	,yōng
7908,	澼,	U+6FBC	,pì
7909,	憷,	U+61B7	,chù
7910,	憺,	U+61BA	,dàn
7911,	懔,	U+61D4	,lǐn
7912,	黉,	U+9EC9	,hóng
7913,	嬛,	U+5B1B	,xuān
7914,	鹨,	U+9E68	,liù
7915,	翯,	U+7FEF	,hè
7916,	𫄷,	U+2B137,	yì
7917,	璱,	U+74B1	,sè
7918,	𤩽,	U+24A7D,	huán
7919,	璬,	U+74AC	,jiǎo
7920,	璮,	U+74AE	,tǎn
7921,	髽,	U+9AFD	,zhuā
7922,	擿,	U+64FF	,tī
7923,	薿,	U+85BF	,nǐ
7924,	薸,	U+85B8	,piáo
7925,	檑,	U+6A91	,léi
7926,	櫆,	U+6AC6	,kuí
7927,	檞,	U+6A9E	,jiě
7928,	醨,	U+91A8	,lí
7929,	繄,	U+7E44	,yī
7930,	磹,	U+78F9	,tán
7931,	磻,	U+78FB	,pán
7932,	瞫,	U+77AB	,shěn
7933,	瞵,	U+77B5	,lín
7934,	蹐,	U+8E50	,jí
7935,	蟏,	U+87CF	,xiāo
7936,	㘎,	U+360E	,hǎn
7937,	𬭳,	U+2CB73,	xǐ
7938,	镤,	U+9564	,pú
7939,	𬭶,	U+2CB76,	hēi
7940,	𫔍,	U+2B50D,	fán
7941,	镥,	U+9565	,lǔ
7942,	镨,	U+9568	,pǔ
7943,	𬭸,	U+2CB78,	lín
7944,	𨱔,	U+28C54,	zūn
7945,	𬭼,	U+2CB7C,	suì
7946,	𫔎,	U+2B50E,	jué
7947,	矰,	U+77F0	,zēng
7948,	穙,	U+7A59	,pú
7949,	穜,	U+7A5C	,tóng
7950,	穟,	U+7A5F	,suì
7951,	簕,	U+7C15	,lè
7952,	簃,	U+7C03	,yí
7953,	簏,	U+7C0F	,lù
7954,	儦,	U+5126	,biāo
7955,	魋,	U+9B4B	,tuí
7956,	斶,	U+65B6	,chù
7957,	艚,	U+825A	,cáo
7958,	𬸪,	U+2CE2A,	fán
7959,	谿,	U+8C3F	,xī
7960,	䲠,	U+4CA0	,chūn
7961,	𬶟,	U+2CD9F,	là
7962,	鲾,	U+9CBE	,bī
7963,	𬶠,	U+2CDA0,	liàn
7964,	鲿,	U+9CBF	,cháng
7965,	鳁,	U+9CC1	,wēn
7966,	鳂,	U+9CC2	,wēi
7967,	鳈,	U+9CC8	,quán
7968,	鳉,	U+9CC9	,jiāng
7969,	獯,	U+736F	,xūn
7970,	䗪,	U+45EA	,zhè
7971,	馘,	U+9998	,guó
7972,	襕,	U+8955	,lán
7973,	襚,	U+895A	,suì
7974,	𬶨,	U+2CDA8,	jì
7975,	螱,	U+87B1	,wèi
7976,	甓,	U+7513	,pì
7977,	嬬,	U+5B2C	,rú
7978,	嬥,	U+5B25	,tiǎo
7979,	𦈡,	U+26221,	xū
7980,	𫄸,	U+2B138,	xūn
7981,	瓀,	U+74C0	,ruǎn
7982,	釐,	U+91D0	,xī
7983,	鬶,	U+9B36	,guī
7984,	爇,	U+7207	,ruò
7985,	鞳,	U+97B3	,tà
7986,	鞮,	U+97AE	,dī
7987,	𬟁,	U+2C7C1,	yì
7988,	藟,	U+85DF	,lěi
7989,	藦,	U+85E6	,mó
7990,	藨,	U+85E8	,biāo
7991,	鹲,	U+9E72	,méng
7992,	檫,	U+6AAB	,chá
7993,	黡,	U+9EE1	,yǎn
7994,	礞,	U+791E	,méng
7995,	礌,	U+790C	,léi
7996,	𥖨,	U+255A8,	zào
7997,	蹢,	U+8E62	,dí
7998,	蹜,	U+8E5C	,sù
7999,	蟫,	U+87EB	,yín
8000,	䗴,	U+45F4	,tíng
8001,	嚚,	U+569A	,yín
8002,	髃,	U+9AC3	,yú
8003,	镮,	U+956E	,huán
8004,	镱,	U+9571	,yì
8005,	酂,	U+9142	,zàn
8006,	馧,	U+99A7	,yūn
8007,	簠,	U+7C20	,fǔ
8008,	簝,	U+7C1D	,liáo
8009,	簰,	U+7C30	,pái
8010,	鼫,	U+9F2B	,shí
8011,	鼩,	U+9F29	,qú
8012,	皦,	U+76A6	,jiǎo
8013,	臑,	U+81D1	,nào
8014,	䲢,	U+4CA2	,téng
8015,	鳑,	U+9CD1	,páng
8016,	鳒,	U+9CD2	,jiān
8017,	鹱,	U+9E71	,hù
8018,	鹯,	U+9E6F	,zhān
8019,	癗,	U+7657	,lěi
8020,	𦒍,	U+2648D,	tóng
8021,	旞,	U+65DE	,suì
8022,	翷,	U+7FF7	,lín
8023,	冁,	U+5181	,chǎn
8024,	䎖,	U+4396	,zēng
8025,	瀔,	U+7014	,gǔ
8026,	瀍,	U+700D	,chán
8027,	瀌,	U+700C	,biāo
8028,	襜,	U+895C	,chān
8029,	䴙,	U+4D19	,pì
8030,	𬙊,	U+2C64A,	mò
8031,	嚭,	U+56AD	,pǐ
8032,	㰀,	U+3C00	,lí
8033,	鬷,	U+9B37	,zōng
8034,	醭,	U+91AD	,bú
8035,	蹯,	U+8E6F	,fán
8036,	蠋,	U+880B	,zhú
8037,	翾,	U+7FFE	,xuān
8038,	鳘,	U+9CD8	,mǐn
8039,	儳,	U+5133	,chán
8040,	儴,	U+5134	,ráng
8041,	鼗,	U+9F17	,táo
8042,	𬶭,	U+2CDAD,	jì
8043,	𩾌,	U+29F8C,	kāng
8044,	鳚,	U+9CDA	,wèi
8045,	鳛,	U+9CDB	,xí
8046,	麑,	U+9E91	,ní
8047,	麖,	U+9E96	,jīng
8048,	蠃,	U+8803	,luǒ
8049,	彟,	U+5F5F	,yuē
8050,	嬿,	U+5B3F	,yàn
8051,	鬒,	U+9B12	,zhěn
8052,	蘘,	U+8618	,ráng
8053,	欂,	U+6B02	,bó
8054,	醵,	U+91B5	,jù
8055,	颥,	U+98A5	,rú
8056,	甗,	U+7517	,yǎn
8057,	𨟠,	U+287E0,	quān
8058,	巇,	U+5DC7	,xī
8059,	酅,	U+9145	,xī
8060,	髎,	U+9ACE	,liáo
8061,	犨,	U+72A8	,chōu
8062,	𬶮,	U+2CDAE,	xǐ
8063,	𨭉,	U+28B49,	bān
8064,	㸌,	U+3E0C	,huò
8065,	爔,	U+7214	,xī
8066,	瀱,	U+7031	,jì
8067,	瀹,	U+7039	,yuè
8068,	瀼,	U+703C	,ráng，ràng
8069,	瀵,	U+7035	,fèn
8070,	襫,	U+896B	,shì
8071,	孅,	U+5B45	,xiān
8072,	骦,	U+9AA6	,shuāng
8073,	𬙋,	U+2C64B,	xiāng
8074,	耰,	U+8030	,yōu
8075,	𤫉,	U+24AC9,	xiè
8076,	瓖,	U+74D6	,xiāng
8077,	鬘,	U+9B18	,mán
8078,	趯,	U+8DAF	,tì
8079,	𬺓,	U+2CE93,	chǔ
8080,	罍,	U+7F4D	,léi
8081,	鼱,	U+9F31	,jīng
8082,	鳠,	U+9CE0	,hù
8083,	鳡,	U+9CE1	,gǎn
8084,	鳣,	U+9CE3	,zhān
8085,	爟,	U+721F	,guàn
8086,	爚,	U+721A	,yuè
8087,	灈,	U+7048	,qú
8088,	韂,	U+97C2	,chàn
8089,	糵,	U+7CF5	,niè
8090,	蘼,	U+863C	,mí
8091,	礵,	U+7935	,shuāng
8092,	鹴,	U+9E74	,shuāng
8093,	躔,	U+8E94	,chán
8094,	皭,	U+76AD	,jiào
8095,	龢,	U+9FA2	,hé
8096,	鳤,	U+9CE4	,guǎn
8097,	亹,	U+4EB9	,wěi
8098,	籥,	U+7C65	,yuè
8099,	鼷,	U+9F37	,xī
8100,	𫚭,	U+2B6AD,	liè
8101,	玃,	U+7383	,jué
8102,	醾,	U+91BE	,mí
8103,	齇,	U+9F47	,zhā
8104,	觿,	U+89FF	,xī
8105,	蠼,	U+883C	,qú