seq,	word,	Unicode,pinyin
0001,	一,	U+4E00,	yī
0002,	乙,	U+4E59,	yǐ
0003,	二,	U+4E8C,	èr
0004,	十,	U+5341,	shí
0005,	丁,	U+4E01,	dīng
0006,	厂,	U+5382,	chǎng
0007,	七,	U+4E03,	qī
0008,	卜,	U+535C,	bo，bǔ
0009,	八,	U+516B,	bā
0010,	人,	U+4EBA,	rén
0011,	入,	U+5165,	rù
0012,	儿,	U+513F,	ér
0013,	匕,	U+5315,	bǐ
0014,	几,	U+51E0,	jī，jǐ
0015,	九,	U+4E5D,	jiǔ
0016,	刁,	U+5201,	diāo
0017,	了,	U+4E86,	le，liǎo
0018,	刀,	U+5200,	dāo
0019,	力,	U+529B,	lì
0020,	乃,	U+4E43,	nǎi
0021,	又,	U+53C8,	yòu
0022,	三,	U+4E09,	sān
0023,	干,	U+5E72,	gān，gàn
0024,	于,	U+4E8E,	yú
0025,	亏,	U+4E8F,	kuī
0026,	工,	U+5DE5,	gōng
0027,	土,	U+571F,	tǔ
0028,	士,	U+58EB,	shì
0029,	才,	U+624D,	cái
0030,	下,	U+4E0B,	xià
0031,	寸,	U+5BF8,	cùn
0032,	大,	U+5927,	dà，dài
0033,	丈,	U+4E08,	zhàng
0034,	与,	U+4E0E,	yǔ，yù
0035,	万,	U+4E07,	mò，wàn
0036,	上,	U+4E0A,	shǎng，shàng
0037,	小,	U+5C0F,	xiǎo
0038,	口,	U+53E3,	kǒu
0039,	山,	U+5C71,	shān
0040,	巾,	U+5DFE,	jīn
0041,	千,	U+5343,	qiān
0042,	乞,	U+4E5E,	qǐ
0043,	川,	U+5DDD,	chuān
0044,	亿,	U+4EBF,	yì
0045,	个,	U+4E2A,	gě，gè
0046,	夕,	U+5915,	xī
0047,	久,	U+4E45,	jiǔ
0048,	么,	U+4E48,	me
0049,	勺,	U+52FA,	sháo
0050,	凡,	U+51E1,	fán
0051,	丸,	U+4E38,	wán
0052,	及,	U+53CA,	jí
0053,	广,	U+5E7F,	guǎng
0054,	亡,	U+4EA1,	wáng
0055,	门,	U+95E8,	mén
0056,	丫,	U+4E2B,	yā
0057,	义,	U+4E49,	yì
0058,	之,	U+4E4B,	zhī
0059,	尸,	U+5C38,	shī
0060,	己,	U+5DF1,	jǐ
0061,	已,	U+5DF2,	yǐ
0062,	巳,	U+5DF3,	sì
0063,	弓,	U+5F13,	gōng
0064,	子,	U+5B50,	zǐ
0065,	卫,	U+536B,	wèi
0066,	也,	U+4E5F,	yě
0067,	女,	U+5973,	nǚ
0068,	刃,	U+5203,	rèn
0069,	飞,	U+98DE,	fēi
0070,	习,	U+4E60,	xí
0071,	叉,	U+53C9,	chā，chá，chǎ，chà
0072,	马,	U+9A6C,	mǎ
0073,	乡,	U+4E61,	xiāng
0074,	丰,	U+4E30,	fēng
0075,	王,	U+738B,	wáng
0076,	开,	U+5F00,	kāi
0077,	井,	U+4E95,	jǐng
0078,	天,	U+5929,	tiān
0079,	夫,	U+592B,	fū
0080,	元,	U+5143,	yuán
0081,	无,	U+65E0,	mó，wú
0082,	云,	U+4E91,	yún
0083,	专,	U+4E13,	zhuān
0084,	丐,	U+4E10,	gài
0085,	扎,	U+624E,	zā，zhā，zhá
0086,	艺,	U+827A,	yì
0087,	木,	U+6728,	mù
0088,	五,	U+4E94,	wǔ
0089,	支,	U+652F,	zhī
0090,	厅,	U+5385,	tīng
0091,	不,	U+4E0D,	bù
0092,	犬,	U+72AC,	quǎn
0093,	太,	U+592A,	tài
0094,	区,	U+533A,	ōu，qū
0095,	历,	U+5386,	lì
0096,	歹,	U+6B79,	dǎi
0097,	友,	U+53CB,	yǒu
0098,	尤,	U+5C24,	yóu
0099,	匹,	U+5339,	pǐ
0100,	车,	U+8F66,	chē，jū
0101,	巨,	U+5DE8,	jù
0102,	牙,	U+7259,	yá
0103,	屯,	U+5C6F,	tún
0104,	戈,	U+6208,	gē
0105,	比,	U+6BD4,	bǐ
0106,	互,	U+4E92,	hù
0107,	切,	U+5207,	qiē，qiè
0108,	瓦,	U+74E6,	wǎ，wà
0109,	止,	U+6B62,	zhǐ
0110,	少,	U+5C11,	shǎo，shào
0111,	曰,	U+66F0,	yuē
0112,	日,	U+65E5,	rì
0113,	中,	U+4E2D,	zhōng，zhòng
0114,	贝,	U+8D1D,	bèi
0115,	冈,	U+5188,	gāng
0116,	内,	U+5185,	nèi
0117,	水,	U+6C34,	shuǐ
0118,	见,	U+89C1,	jiàn，xiàn
0119,	午,	U+5348,	wǔ
0120,	牛,	U+725B,	niú
0121,	手,	U+624B,	shǒu
0122,	气,	U+6C14,	qì
0123,	毛,	U+6BDB,	máo
0124,	壬,	U+58EC,	rén
0125,	升,	U+5347,	shēng
0126,	夭,	U+592D,	yāo
0127,	长,	U+957F,	cháng，zhǎng
0128,	仁,	U+4EC1,	rén
0129,	什,	U+4EC0,	shén，shí
0130,	片,	U+7247,	piān，piàn
0131,	仆,	U+4EC6,	pū，pú
0132,	化,	U+5316,	huà
0133,	仇,	U+4EC7,	chóu，qiú
0134,	币,	U+5E01,	bì
0135,	仍,	U+4ECD,	réng
0136,	仅,	U+4EC5,	jǐn
0137,	斤,	U+65A4,	jīn
0138,	爪,	U+722A,	zhǎo，zhuǎ
0139,	反,	U+53CD,	fǎn
0140,	介,	U+4ECB,	jiè
0141,	父,	U+7236,	fù
0142,	从,	U+4ECE,	cóng
0143,	仑,	U+4ED1,	lún
0144,	今,	U+4ECA,	jīn
0145,	凶,	U+51F6,	xiōng
0146,	分,	U+5206,	fēn，fèn
0147,	乏,	U+4E4F,	fá
0148,	公,	U+516C,	gōng
0149,	仓,	U+4ED3,	cāng
0150,	月,	U+6708,	yuè
0151,	氏,	U+6C0F,	shì，zhī
0152,	勿,	U+52FF,	wù
0153,	欠,	U+6B20,	qiàn
0154,	风,	U+98CE,	fēng
0155,	丹,	U+4E39,	dān
0156,	匀,	U+5300,	yún
0157,	乌,	U+4E4C,	wū
0158,	勾,	U+52FE,	gōu，gòu
0159,	凤,	U+51E4,	fèng
0160,	六,	U+516D,	liù
0161,	文,	U+6587,	wén
0162,	亢,	U+4EA2,	kàng
0163,	方,	U+65B9,	fāng
0164,	火,	U+706B,	huǒ
0165,	为,	U+4E3A,	wéi，wèi
0166,	斗,	U+6597,	dǒu，dòu
0167,	忆,	U+5FC6,	yì
0168,	计,	U+8BA1,	jì
0169,	订,	U+8BA2,	dìng
0170,	户,	U+6237,	hù
0171,	认,	U+8BA4,	rèn
0172,	冗,	U+5197,	rǒng
0173,	讥,	U+8BA5,	jī
0174,	心,	U+5FC3,	xīn
0175,	尺,	U+5C3A,	chě，chǐ
0176,	引,	U+5F15,	yǐn
0177,	丑,	U+4E11,	chǒu
0178,	巴,	U+5DF4,	bā
0179,	孔,	U+5B54,	kǒng
0180,	队,	U+961F,	duì
0181,	办,	U+529E,	bàn
0182,	以,	U+4EE5,	yǐ
0183,	允,	U+5141,	yǔn
0184,	予,	U+4E88,	yú，yǔ
0185,	邓,	U+9093,	dèng
0186,	劝,	U+529D,	quàn
0187,	双,	U+53CC,	shuāng
0188,	书,	U+4E66,	shū
0189,	幻,	U+5E7B,	huàn
0190,	玉,	U+7389,	yù
0191,	刊,	U+520A,	kān
0192,	未,	U+672A,	wèi
0193,	末,	U+672B,	mò
0194,	示,	U+793A,	shì
0195,	击,	U+51FB,	jī
0196,	打,	U+6253,	dá，dǎ
0197,	巧,	U+5DE7,	qiǎo
0198,	正,	U+6B63,	zhēng，zhèng
0199,	扑,	U+6251,	pū
0200,	卉,	U+5349,	huì
0201,	扒,	U+6252,	bā，pá
0202,	功,	U+529F,	gōng
0203,	扔,	U+6254,	rēng
0204,	去,	U+53BB,	qù
0205,	甘,	U+7518,	gān
0206,	世,	U+4E16,	shì
0207,	艾,	U+827E,	ài，yì
0208,	古,	U+53E4,	gǔ
0209,	节,	U+8282,	jiē，jié
0210,	本,	U+672C,	běn
0211,	术,	U+672F,	shù，zhú
0212,	可,	U+53EF,	kě，kè
0213,	丙,	U+4E19,	bǐng
0214,	左,	U+5DE6,	zuǒ
0215,	厉,	U+5389,	lì
0216,	石,	U+77F3,	dàn，shí
0217,	右,	U+53F3,	yòu
0218,	布,	U+5E03,	bù
0219,	夯,	U+592F,	hāng
0220,	戊,	U+620A,	wù
0221,	龙,	U+9F99,	lóng
0222,	平,	U+5E73,	píng
0223,	灭,	U+706D,	miè
0224,	轧,	U+8F67,	yà，zhá
0225,	东,	U+4E1C,	dōng
0226,	卡,	U+5361,	kǎ，qiǎ
0227,	北,	U+5317,	běi
0228,	占,	U+5360,	zhān，zhàn
0229,	凸,	U+51F8,	tū
0230,	卢,	U+5362,	lú
0231,	业,	U+4E1A,	yè
0232,	旧,	U+65E7,	jiù
0233,	帅,	U+5E05,	shuài
0234,	归,	U+5F52,	guī
0235,	旦,	U+65E6,	dàn
0236,	目,	U+76EE,	mù
0237,	且,	U+4E14,	qiě
0238,	叶,	U+53F6,	xié，yè
0239,	甲,	U+7532,	jiǎ
0240,	申,	U+7533,	shēn
0241,	叮,	U+53EE,	dīng
0242,	电,	U+7535,	diàn
0243,	号,	U+53F7,	háo，hào
0244,	田,	U+7530,	tián
0245,	由,	U+7531,	yóu
0246,	只,	U+53EA,	zhī，zhǐ
0247,	叭,	U+53ED,	bā
0248,	史,	U+53F2,	shǐ
0249,	央,	U+592E,	yāng
0250,	兄,	U+5144,	xiōng
0251,	叽,	U+53FD,	jī
0252,	叼,	U+53FC,	diāo
0253,	叫,	U+53EB,	jiào
0254,	叩,	U+53E9,	kòu
0255,	叨,	U+53E8,	dāo，dáo，tāo
0256,	另,	U+53E6,	lìng
0257,	叹,	U+53F9,	tàn
0258,	冉,	U+5189,	rǎn
0259,	皿,	U+76BF,	mǐn
0260,	凹,	U+51F9,	āo
0261,	囚,	U+56DA,	qiú
0262,	四,	U+56DB,	sì
0263,	生,	U+751F,	shēng
0264,	矢,	U+77E2,	shǐ
0265,	失,	U+5931,	shī
0266,	乍,	U+4E4D,	zhà
0267,	禾,	U+79BE,	hé
0268,	丘,	U+4E18,	qiū
0269,	付,	U+4ED8,	fù
0270,	仗,	U+4ED7,	zhàng
0271,	代,	U+4EE3,	dài
0272,	仙,	U+4ED9,	xiān
0273,	们,	U+4EEC,	mén，men
0274,	仪,	U+4EEA,	yí
0275,	白,	U+767D,	bái
0276,	仔,	U+4ED4,	zǎi，zǐ
0277,	他,	U+4ED6,	tā
0278,	斥,	U+65A5,	chì
0279,	瓜,	U+74DC,	guā
0280,	乎,	U+4E4E,	hū
0281,	丛,	U+4E1B,	cóng
0282,	令,	U+4EE4,	líng，lǐng，lìng
0283,	用,	U+7528,	yòng
0284,	甩,	U+7529,	shuǎi
0285,	印,	U+5370,	yìn
0286,	尔,	U+5C14,	ěr
0287,	乐,	U+4E50,	lè，yuè
0288,	句,	U+53E5,	gōu，jù
0289,	匆,	U+5306,	cōng
0290,	册,	U+518C,	cè
0291,	卯,	U+536F,	mǎo
0292,	犯,	U+72AF,	fàn
0293,	外,	U+5916,	wài
0294,	处,	U+5904,	chǔ，chù
0295,	冬,	U+51AC,	dōng
0296,	鸟,	U+9E1F,	niǎo
0297,	务,	U+52A1,	wù
0298,	包,	U+5305,	bāo
0299,	饥,	U+9965,	jī
0300,	主,	U+4E3B,	zhǔ
0301,	市,	U+5E02,	shì
0302,	立,	U+7ACB,	lì
0303,	冯,	U+51AF,	féng
0304,	玄,	U+7384,	xuán
0305,	闪,	U+95EA,	shǎn
0306,	兰,	U+5170,	lán
0307,	半,	U+534A,	bàn
0308,	汁,	U+6C41,	zhī
0309,	汇,	U+6C47,	huì
0310,	头,	U+5934,	tóu
0311,	汉,	U+6C49,	hàn
0312,	宁,	U+5B81,	níng，nìng
0313,	穴,	U+7A74,	xué
0314,	它,	U+5B83,	tā
0315,	讨,	U+8BA8,	tǎo
0316,	写,	U+5199,	xiě
0317,	让,	U+8BA9,	ràng
0318,	礼,	U+793C,	lǐ
0319,	训,	U+8BAD,	xùn
0320,	议,	U+8BAE,	yì
0321,	必,	U+5FC5,	bì
0322,	讯,	U+8BAF,	xùn
0323,	记,	U+8BB0,	jì
0324,	永,	U+6C38,	yǒng
0325,	司,	U+53F8,	sī
0326,	尼,	U+5C3C,	ní
0327,	民,	U+6C11,	mín
0328,	弗,	U+5F17,	fú
0329,	弘,	U+5F18,	hóng
0330,	出,	U+51FA,	chū
0331,	辽,	U+8FBD,	liáo
0332,	奶,	U+5976,	nǎi
0333,	奴,	U+5974,	nú
0334,	召,	U+53EC,	shào，zhào
0335,	加,	U+52A0,	jiā
0336,	皮,	U+76AE,	pí
0337,	边,	U+8FB9,	biān
0338,	孕,	U+5B55,	yùn
0339,	发,	U+53D1,	fā，fà
0340,	圣,	U+5723,	shèng
0341,	对,	U+5BF9,	duì
0342,	台,	U+53F0,	tāi，tái
0343,	矛,	U+77DB,	máo
0344,	纠,	U+7EA0,	jiū
0345,	母,	U+6BCD,	mǔ
0346,	幼,	U+5E7C,	yòu
0347,	丝,	U+4E1D,	sī
0348,	邦,	U+90A6,	bāng
0349,	式,	U+5F0F,	shì
0350,	迂,	U+8FC2,	yū
0351,	刑,	U+5211,	xíng
0352,	戎,	U+620E,	róng
0353,	动,	U+52A8,	dòng
0354,	扛,	U+625B,	gāng，káng
0355,	寺,	U+5BFA,	sì
0356,	吉,	U+5409,	jí
0357,	扣,	U+6263,	kòu
0358,	考,	U+8003,	kǎo
0359,	托,	U+6258,	tuō
0360,	老,	U+8001,	lǎo
0361,	巩,	U+5DE9,	gǒng
0362,	圾,	U+573E,	jī
0363,	执,	U+6267,	zhí
0364,	扩,	U+6269,	kuò
0365,	扫,	U+626B,	sǎo，sào
0366,	地,	U+5730,	de，dì
0367,	场,	U+573A,	cháng，chǎng
0368,	扬,	U+626C,	yáng
0369,	耳,	U+8033,	ěr
0370,	芋,	U+828B,	yù
0371,	共,	U+5171,	gòng
0372,	芒,	U+8292,	máng
0373,	亚,	U+4E9A,	yà
0374,	芝,	U+829D,	zhī
0375,	朽,	U+673D,	xiǔ
0376,	朴,	U+6734,	piáo，pò，pǔ
0377,	机,	U+673A,	jī
0378,	权,	U+6743,	quán
0379,	过,	U+8FC7,	guō，guò
0380,	臣,	U+81E3,	chén
0381,	吏,	U+540F,	lì
0382,	再,	U+518D,	zài
0383,	协,	U+534F,	xié
0384,	西,	U+897F,	xī
0385,	压,	U+538B,	yā，yà
0386,	厌,	U+538C,	yàn
0387,	戌,	U+620C,	qu，xū
0388,	在,	U+5728,	zài
0389,	百,	U+767E,	bǎi
0390,	有,	U+6709,	yǒu
0391,	存,	U+5B58,	cún
0392,	而,	U+800C,	ér
0393,	页,	U+9875,	yè
0394,	匠,	U+5320,	jiàng
0395,	夸,	U+5938,	kuā
0396,	夺,	U+593A,	duó
0397,	灰,	U+7070,	huī
0398,	达,	U+8FBE,	dá
0399,	列,	U+5217,	liè
0400,	死,	U+6B7B,	sǐ
0401,	成,	U+6210,	chéng
0402,	夹,	U+5939,	gā，jiā，jiá
0403,	夷,	U+5937,	yí
0404,	轨,	U+8F68,	guǐ
0405,	邪,	U+90AA,	xié
0406,	尧,	U+5C27,	yáo
0407,	划,	U+5212,	huá，huà
0408,	迈,	U+8FC8,	mài
0409,	毕,	U+6BD5,	bì
0410,	至,	U+81F3,	zhì
0411,	此,	U+6B64,	cǐ
0412,	贞,	U+8D1E,	zhēn
0413,	师,	U+5E08,	shī
0414,	尘,	U+5C18,	chén
0415,	尖,	U+5C16,	jiān
0416,	劣,	U+52A3,	liè
0417,	光,	U+5149,	guāng
0418,	当,	U+5F53,	dāng，dàng
0419,	早,	U+65E9,	zǎo
0420,	吁,	U+5401,	xū，yū，yù
0421,	吐,	U+5410,	tǔ，tù
0422,	吓,	U+5413,	hè，xià
0423,	虫,	U+866B,	chóng
0424,	曲,	U+66F2,	qū，qǔ
0425,	团,	U+56E2,	tuán
0426,	吕,	U+5415,	lǚ
0427,	同,	U+540C,	tóng，tòng
0428,	吊,	U+540A,	diào
0429,	吃,	U+5403,	chī
0430,	因,	U+56E0,	yīn
0431,	吸,	U+5438,	xī
0432,	吗,	U+5417,	má，mǎ，ma
0433,	吆,	U+5406,	yāo
0434,	屿,	U+5C7F,	yǔ
0435,	屹,	U+5C79,	yì
0436,	岁,	U+5C81,	suì
0437,	帆,	U+5E06,	fān
0438,	回,	U+56DE,	huí
0439,	岂,	U+5C82,	qǐ
0440,	则,	U+5219,	zé
0441,	刚,	U+521A,	gāng
0442,	网,	U+7F51,	wǎng
0443,	肉,	U+8089,	ròu
0444,	年,	U+5E74,	nián
0445,	朱,	U+6731,	zhū
0446,	先,	U+5148,	xiān
0447,	丢,	U+4E22,	diū
0448,	廷,	U+5EF7,	tíng
0449,	舌,	U+820C,	shé
0450,	竹,	U+7AF9,	zhú
0451,	迁,	U+8FC1,	qiān
0452,	乔,	U+4E54,	qiáo
0453,	迄,	U+8FC4,	qì
0454,	伟,	U+4F1F,	wěi
0455,	传,	U+4F20,	chuán，zhuàn
0456,	乒,	U+4E52,	pīng
0457,	乓,	U+4E53,	pāng
0458,	休,	U+4F11,	xiū
0459,	伍,	U+4F0D,	wǔ
0460,	伏,	U+4F0F,	fú
0461,	优,	U+4F18,	yōu
0462,	臼,	U+81FC,	jiù
0463,	伐,	U+4F10,	fá
0464,	延,	U+5EF6,	yán
0465,	仲,	U+4EF2,	zhòng
0466,	件,	U+4EF6,	jiàn
0467,	任,	U+4EFB,	rén，rèn
0468,	伤,	U+4F24,	shāng
0469,	价,	U+4EF7,	jià，jie
0470,	伦,	U+4F26,	lún
0471,	份,	U+4EFD,	fèn
0472,	华,	U+534E,	huá，huà
0473,	仰,	U+4EF0,	yǎng
0474,	仿,	U+4EFF,	fǎng
0475,	伙,	U+4F19,	huǒ
0476,	伪,	U+4F2A,	wěi
0477,	自,	U+81EA,	zì
0478,	伊,	U+4F0A,	yī
0479,	血,	U+8840,	xiě，xuè
0480,	向,	U+5411,	xiàng
0481,	似,	U+4F3C,	shì，sì
0482,	后,	U+540E,	hòu
0483,	行,	U+884C,	háng，héng，xíng
0484,	舟,	U+821F,	zhōu
0485,	全,	U+5168,	quán
0486,	会,	U+4F1A,	huì，kuài
0487,	杀,	U+6740,	shā
0488,	合,	U+5408,	gě，hé
0489,	兆,	U+5146,	zhào
0490,	企,	U+4F01,	qǐ
0491,	众,	U+4F17,	zhòng
0492,	爷,	U+7237,	yé
0493,	伞,	U+4F1E,	sǎn
0494,	创,	U+521B,	chuāng，chuàng
0495,	肌,	U+808C,	jī
0496,	肋,	U+808B,	lèi
0497,	朵,	U+6735,	duǒ
0498,	杂,	U+6742,	zá
0499,	危,	U+5371,	wēi
0500,	旬,	U+65EC,	xún
0501,	旨,	U+65E8,	zhǐ
0502,	旭,	U+65ED,	xù
0503,	负,	U+8D1F,	fù
0504,	匈,	U+5308,	xiōng
0505,	名,	U+540D,	míng
0506,	各,	U+5404,	gè
0507,	多,	U+591A,	duō
0508,	争,	U+4E89,	zhēng
0509,	色,	U+8272,	sè，shǎi
0510,	壮,	U+58EE,	zhuàng
0511,	冲,	U+51B2,	chōng，chòng
0512,	妆,	U+5986,	zhuāng
0513,	冰,	U+51B0,	bīng
0514,	庄,	U+5E84,	zhuāng
0515,	庆,	U+5E86,	qìng
0516,	亦,	U+4EA6,	yì
0517,	刘,	U+5218,	liú
0518,	齐,	U+9F50,	qí
0519,	交,	U+4EA4,	jiāo
0520,	衣,	U+8863,	yī
0521,	次,	U+6B21,	cì
0522,	产,	U+4EA7,	chǎn
0523,	决,	U+51B3,	jué
0524,	亥,	U+4EA5,	hài
0525,	充,	U+5145,	chōng
0526,	妄,	U+5984,	wàng
0527,	闭,	U+95ED,	bì
0528,	问,	U+95EE,	wèn
0529,	闯,	U+95EF,	chuǎng
0530,	羊,	U+7F8A,	yáng
0531,	并,	U+5E76,	bīng，bìng
0532,	关,	U+5173,	guān
0533,	米,	U+7C73,	mǐ
0534,	灯,	U+706F,	dēng
0535,	州,	U+5DDE,	zhōu
0536,	汗,	U+6C57,	hán，hàn
0537,	污,	U+6C61,	wū
0538,	江,	U+6C5F,	jiāng
0539,	汛,	U+6C5B,	xùn
0540,	池,	U+6C60,	chí
0541,	汝,	U+6C5D,	rǔ
0542,	汤,	U+6C64,	tāng
0543,	忙,	U+5FD9,	máng
0544,	兴,	U+5174,	xīng，xìng
0545,	宇,	U+5B87,	yǔ
0546,	守,	U+5B88,	shǒu
0547,	宅,	U+5B85,	zhái
0548,	字,	U+5B57,	zì
0549,	安,	U+5B89,	ān
0550,	讲,	U+8BB2,	jiǎng
0551,	讳,	U+8BB3,	huì
0552,	军,	U+519B,	jūn
0553,	讶,	U+8BB6,	yà
0554,	许,	U+8BB8,	xǔ
0555,	讹,	U+8BB9,	é
0556,	论,	U+8BBA,	lún，lùn
0557,	讼,	U+8BBC,	sòng
0558,	农,	U+519C,	nóng
0559,	讽,	U+8BBD,	fěng
0560,	设,	U+8BBE,	shè
0561,	访,	U+8BBF,	fǎng
0562,	诀,	U+8BC0,	jué
0563,	寻,	U+5BFB,	xún
0564,	那,	U+90A3,	nā，nà
0565,	迅,	U+8FC5,	xùn
0566,	尽,	U+5C3D,	jǐn，jìn
0567,	导,	U+5BFC,	dǎo
0568,	异,	U+5F02,	yì
0569,	弛,	U+5F1B,	chí
0570,	孙,	U+5B59,	sūn
0571,	阵,	U+9635,	zhèn
0572,	阳,	U+9633,	yáng
0573,	收,	U+6536,	shōu
0574,	阶,	U+9636,	jiē
0575,	阴,	U+9634,	yīn
0576,	防,	U+9632,	fáng
0577,	奸,	U+5978,	jiān
0578,	如,	U+5982,	rú
0579,	妇,	U+5987,	fù
0580,	妃,	U+5983,	fēi
0581,	好,	U+597D,	hǎo，hào
0582,	她,	U+5979,	tā
0583,	妈,	U+5988,	mā
0584,	戏,	U+620F,	xì
0585,	羽,	U+7FBD,	yǔ
0586,	观,	U+89C2,	guān，guàn
0587,	欢,	U+6B22,	huān
0588,	买,	U+4E70,	mǎi
0589,	红,	U+7EA2,	hóng
0590,	驮,	U+9A6E,	duò，tuó
0591,	纤,	U+7EA4,	qiàn，xiān
0592,	驯,	U+9A6F,	xùn
0593,	约,	U+7EA6,	yāo，yuē
0594,	级,	U+7EA7,	jí
0595,	纪,	U+7EAA,	jǐ，jì
0596,	驰,	U+9A70,	chí
0597,	纫,	U+7EAB,	rèn
0598,	巡,	U+5DE1,	xún
0599,	寿,	U+5BFF,	shòu
0600,	弄,	U+5F04,	lòng，nòng
0601,	麦,	U+9EA6,	mài
0602,	玖,	U+7396,	jiǔ
0603,	玛,	U+739B,	mǎ
0604,	形,	U+5F62,	xíng
0605,	进,	U+8FDB,	jìn
0606,	戒,	U+6212,	jiè
0607,	吞,	U+541E,	tūn
0608,	远,	U+8FDC,	yuǎn
0609,	违,	U+8FDD,	wéi
0610,	韧,	U+97E7,	rèn
0611,	运,	U+8FD0,	yùn
0612,	扶,	U+6276,	fú
0613,	抚,	U+629A,	fǔ
0614,	坛,	U+575B,	tán
0615,	技,	U+6280,	jì
0616,	坏,	U+574F,	huài
0617,	抠,	U+62A0,	kōu
0618,	扰,	U+6270,	rǎo
0619,	扼,	U+627C,	è
0620,	拒,	U+62D2,	jù
0621,	找,	U+627E,	zhǎo
0622,	批,	U+6279,	pī
0623,	址,	U+5740,	zhǐ
0624,	扯,	U+626F,	chě
0625,	走,	U+8D70,	zǒu
0626,	抄,	U+6284,	chāo
0627,	贡,	U+8D21,	gòng
0628,	汞,	U+6C5E,	gǒng
0629,	坝,	U+575D,	bà
0630,	攻,	U+653B,	gōng
0631,	赤,	U+8D64,	chì
0632,	折,	U+6298,	shé，zhē，zhé
0633,	抓,	U+6293,	zhuā
0634,	扳,	U+6273,	bān
0635,	抡,	U+62A1,	lūn
0636,	扮,	U+626E,	bàn
0637,	抢,	U+62A2,	qiāng，qiǎng
0638,	孝,	U+5B5D,	xiào
0639,	坎,	U+574E,	kǎn
0640,	均,	U+5747,	jūn
0641,	抑,	U+6291,	yì
0642,	抛,	U+629B,	pāo
0643,	投,	U+6295,	tóu
0644,	坟,	U+575F,	fén
0645,	坑,	U+5751,	kēng
0646,	抗,	U+6297,	kàng
0647,	坊,	U+574A,	fāng，fáng
0648,	抖,	U+6296,	dǒu
0649,	护,	U+62A4,	hù
0650,	壳,	U+58F3,	ké，qiào
0651,	志,	U+5FD7,	zhì
0652,	块,	U+5757,	kuài
0653,	扭,	U+626D,	niǔ
0654,	声,	U+58F0,	shēng
0655,	把,	U+628A,	bǎ，bà
0656,	报,	U+62A5,	bào
0657,	拟,	U+62DF,	nǐ
0658,	却,	U+5374,	què
0659,	抒,	U+6292,	shū
0660,	劫,	U+52AB,	jié
0661,	芙,	U+8299,	fú
0662,	芜,	U+829C,	wú
0663,	苇,	U+82C7,	wěi
0664,	芽,	U+82BD,	yá
0665,	花,	U+82B1,	huā
0666,	芹,	U+82B9,	qín
0667,	芥,	U+82A5,	gài，jiè
0668,	芬,	U+82AC,	fēn
0669,	苍,	U+82CD,	cāng
0670,	芳,	U+82B3,	fāng
0671,	严,	U+4E25,	yán
0672,	芦,	U+82A6,	lú，lǔ
0673,	芯,	U+82AF,	xīn，xìn
0674,	劳,	U+52B3,	láo
0675,	克,	U+514B,	kè
0676,	芭,	U+82AD,	bā
0677,	苏,	U+82CF,	sū
0678,	杆,	U+6746,	gān，gǎn
0679,	杠,	U+6760,	gàng
0680,	杜,	U+675C,	dù
0681,	材,	U+6750,	cái
0682,	村,	U+6751,	cūn
0683,	杖,	U+6756,	zhàng
0684,	杏,	U+674F,	xìng
0685,	杉,	U+6749,	shā，shān
0686,	巫,	U+5DEB,	wū
0687,	极,	U+6781,	jí
0688,	李,	U+674E,	lǐ
0689,	杨,	U+6768,	yáng
0690,	求,	U+6C42,	qiú
0691,	甫,	U+752B,	fǔ
0692,	匣,	U+5323,	xiá
0693,	更,	U+66F4,	gēng，gèng
0694,	束,	U+675F,	shù
0695,	吾,	U+543E,	wú
0696,	豆,	U+8C46,	dòu
0697,	两,	U+4E24,	liǎng
0698,	酉,	U+9149,	yǒu
0699,	丽,	U+4E3D,	lí，lì
0700,	医,	U+533B,	yī
0701,	辰,	U+8FB0,	chén
0702,	励,	U+52B1,	lì
0703,	否,	U+5426,	fǒu，pǐ
0704,	还,	U+8FD8,	hái，huán
0705,	尬,	U+5C2C,	gà
0706,	歼,	U+6B7C,	jiān
0707,	来,	U+6765,	lái
0708,	连,	U+8FDE,	lián
0709,	轩,	U+8F69,	xuān
0710,	步,	U+6B65,	bù
0711,	卤,	U+5364,	lǔ
0712,	坚,	U+575A,	jiān
0713,	肖,	U+8096,	xiāo，xiào
0714,	旱,	U+65F1,	hàn
0715,	盯,	U+76EF,	dīng
0716,	呈,	U+5448,	chéng
0717,	时,	U+65F6,	shí
0718,	吴,	U+5434,	wú
0719,	助,	U+52A9,	zhù
0720,	县,	U+53BF,	xiàn
0721,	里,	U+91CC,	lǐ
0722,	呆,	U+5446,	dāi
0723,	吱,	U+5431,	zhī，zī
0724,	吠,	U+5420,	fèi
0725,	呕,	U+5455,	ǒu
0726,	园,	U+56ED,	yuán
0727,	旷,	U+65F7,	kuàng
0728,	围,	U+56F4,	wéi
0729,	呀,	U+5440,	yā，ya
0730,	吨,	U+5428,	dūn
0731,	足,	U+8DB3,	zú
0732,	邮,	U+90AE,	yóu
0733,	男,	U+7537,	nán
0734,	困,	U+56F0,	kùn
0735,	吵,	U+5435,	chāo，chǎo
0736,	串,	U+4E32,	chuàn
0737,	员,	U+5458,	yuán，yùn
0738,	呐,	U+5450,	nà
0739,	听,	U+542C,	tīng
0740,	吟,	U+541F,	yín
0741,	吩,	U+5429,	fēn
0742,	呛,	U+545B,	qiāng，qiàng
0743,	吻,	U+543B,	wěn
0744,	吹,	U+5439,	chuī
0745,	呜,	U+545C,	wū
0746,	吭,	U+542D,	háng，kēng
0747,	吧,	U+5427,	bā，ba
0748,	邑,	U+9091,	yì
0749,	吼,	U+543C,	hǒu
0750,	囤,	U+56E4,	dùn，tún
0751,	别,	U+522B,	bié，biè
0752,	吮,	U+542E,	shǔn
0753,	岖,	U+5C96,	qū
0754,	岗,	U+5C97,	gāng，gǎng
0755,	帐,	U+5E10,	zhàng
0756,	财,	U+8D22,	cái
0757,	针,	U+9488,	zhēn
0758,	钉,	U+9489,	dīng，dìng
0759,	牡,	U+7261,	mǔ
0760,	告,	U+544A,	gào
0761,	我,	U+6211,	wǒ
0762,	乱,	U+4E71,	luàn
0763,	利,	U+5229,	lì
0764,	秃,	U+79C3,	tū
0765,	秀,	U+79C0,	xiù
0766,	私,	U+79C1,	sī
0767,	每,	U+6BCF,	měi
0768,	兵,	U+5175,	bīng
0769,	估,	U+4F30,	gū，gù
0770,	体,	U+4F53,	tī，tǐ
0771,	何,	U+4F55,	hé
0772,	佐,	U+4F50,	zuǒ
0773,	佑,	U+4F51,	yòu
0774,	但,	U+4F46,	dàn
0775,	伸,	U+4F38,	shēn
0776,	佃,	U+4F43,	diàn
0777,	作,	U+4F5C,	zuō，zuò
0778,	伯,	U+4F2F,	bǎi，bó
0779,	伶,	U+4F36,	líng
0780,	佣,	U+4F63,	yōng，yòng
0781,	低,	U+4F4E,	dī
0782,	你,	U+4F60,	nǐ
0783,	住,	U+4F4F,	zhù
0784,	位,	U+4F4D,	wèi
0785,	伴,	U+4F34,	bàn
0786,	身,	U+8EAB,	shēn
0787,	皂,	U+7682,	zào
0788,	伺,	U+4F3A,	cì，sì
0789,	佛,	U+4F5B,	fó，fú
0790,	囱,	U+56F1,	cōng
0791,	近,	U+8FD1,	jìn
0792,	彻,	U+5F7B,	chè
0793,	役,	U+5F79,	yì
0794,	返,	U+8FD4,	fǎn
0795,	余,	U+4F59,	yú
0796,	希,	U+5E0C,	xī
0797,	坐,	U+5750,	zuò
0798,	谷,	U+8C37,	gǔ
0799,	妥,	U+59A5,	tuǒ
0800,	含,	U+542B,	hán
0801,	邻,	U+90BB,	lín
0802,	岔,	U+5C94,	chà
0803,	肝,	U+809D,	gān
0804,	肛,	U+809B,	gāng
0805,	肚,	U+809A,	dǔ，dù
0806,	肘,	U+8098,	zhǒu
0807,	肠,	U+80A0,	cháng
0808,	龟,	U+9F9F,	guī，jūn，qiū
0809,	甸,	U+7538,	diàn
0810,	免,	U+514D,	miǎn
0811,	狂,	U+72C2,	kuáng
0812,	犹,	U+72B9,	yóu
0813,	狈,	U+72C8,	bèi
0814,	角,	U+89D2,	jiǎo，jué
0815,	删,	U+5220,	shān
0816,	条,	U+6761,	tiáo
0817,	彤,	U+5F64,	tóng
0818,	卵,	U+5375,	luǎn
0819,	灸,	U+7078,	jiǔ
0820,	岛,	U+5C9B,	dǎo
0821,	刨,	U+5228,	bào，páo
0822,	迎,	U+8FCE,	yíng
0823,	饭,	U+996D,	fàn
0824,	饮,	U+996E,	yǐn，yìn
0825,	系,	U+7CFB,	jì，xì
0826,	言,	U+8A00,	yán
0827,	冻,	U+51BB,	dòng
0828,	状,	U+72B6,	zhuàng
0829,	亩,	U+4EA9,	mǔ
0830,	况,	U+51B5,	kuàng
0831,	床,	U+5E8A,	chuáng
0832,	库,	U+5E93,	kù
0833,	庇,	U+5E87,	bì
0834,	疗,	U+7597,	liáo
0835,	吝,	U+541D,	lìn
0836,	应,	U+5E94,	yīng，yìng
0837,	这,	U+8FD9,	zhè
0838,	冷,	U+51B7,	lěng
0839,	庐,	U+5E90,	lú
0840,	序,	U+5E8F,	xù
0841,	辛,	U+8F9B,	xīn
0842,	弃,	U+5F03,	qì
0843,	冶,	U+51B6,	yě
0844,	忘,	U+5FD8,	wàng
0845,	闰,	U+95F0,	rùn
0846,	闲,	U+95F2,	xián
0847,	间,	U+95F4,	jiān，jiàn
0848,	闷,	U+95F7,	mēn，mèn
0849,	判,	U+5224,	pàn
0850,	兑,	U+5151,	duì
0851,	灶,	U+7076,	zào
0852,	灿,	U+707F,	càn
0853,	灼,	U+707C,	zhuó
0854,	弟,	U+5F1F,	dì
0855,	汪,	U+6C6A,	wāng
0856,	沐,	U+6C90,	mù
0857,	沛,	U+6C9B,	pèi
0858,	汰,	U+6C70,	tài
0859,	沥,	U+6CA5,	lì
0860,	沙,	U+6C99,	shā，shà
0861,	汽,	U+6C7D,	qì
0862,	沃,	U+6C83,	wò
0863,	沦,	U+6CA6,	lún
0864,	汹,	U+6C79,	xiōng
0865,	泛,	U+6CDB,	fàn
0866,	沧,	U+6CA7,	cāng
0867,	没,	U+6CA1,	méi，mò
0868,	沟,	U+6C9F,	gōu
0869,	沪,	U+6CAA,	hù
0870,	沈,	U+6C88,	shěn
0871,	沉,	U+6C89,	chén
0872,	沁,	U+6C81,	qìn
0873,	怀,	U+6000,	huái
0874,	忧,	U+5FE7,	yōu
0875,	忱,	U+5FF1,	chén
0876,	快,	U+5FEB,	kuài
0877,	完,	U+5B8C,	wán
0878,	宋,	U+5B8B,	sòng
0879,	宏,	U+5B8F,	hóng
0880,	牢,	U+7262,	láo
0881,	究,	U+7A76,	jiū
0882,	穷,	U+7A77,	qióng
0883,	灾,	U+707E,	zāi
0884,	良,	U+826F,	liáng
0885,	证,	U+8BC1,	zhèng
0886,	启,	U+542F,	qǐ
0887,	评,	U+8BC4,	píng
0888,	补,	U+8865,	bǔ
0889,	初,	U+521D,	chū
0890,	社,	U+793E,	shè
0891,	祀,	U+7940,	sì
0892,	识,	U+8BC6,	shí，zhì
0893,	诈,	U+8BC8,	zhà
0894,	诉,	U+8BC9,	sù
0895,	罕,	U+7F55,	hǎn
0896,	诊,	U+8BCA,	zhěn
0897,	词,	U+8BCD,	cí
0898,	译,	U+8BD1,	yì
0899,	君,	U+541B,	jūn
0900,	灵,	U+7075,	líng
0901,	即,	U+5373,	jí
0902,	层,	U+5C42,	céng
0903,	屁,	U+5C41,	pì
0904,	尿,	U+5C3F,	niào，suī
0905,	尾,	U+5C3E,	wěi，yǐ
0906,	迟,	U+8FDF,	chí
0907,	局,	U+5C40,	jú
0908,	改,	U+6539,	gǎi
0909,	张,	U+5F20,	zhāng
0910,	忌,	U+5FCC,	jì
0911,	际,	U+9645,	jì
0912,	陆,	U+9646,	liù，lù
0913,	阿,	U+963F,	ā，ē
0914,	陈,	U+9648,	chén
0915,	阻,	U+963B,	zǔ
0916,	附,	U+9644,	fù
0917,	坠,	U+5760,	zhuì
0918,	妓,	U+5993,	jì
0919,	妙,	U+5999,	miào
0920,	妖,	U+5996,	yāo
0921,	姊,	U+59CA,	zǐ
0922,	妨,	U+59A8,	fáng
0923,	妒,	U+5992,	dù
0924,	努,	U+52AA,	nǔ
0925,	忍,	U+5FCD,	rěn
0926,	劲,	U+52B2,	jìn，jìng
0927,	矣,	U+77E3,	yǐ
0928,	鸡,	U+9E21,	jī
0929,	纬,	U+7EAC,	wěi
0930,	驱,	U+9A71,	qū
0931,	纯,	U+7EAF,	chún
0932,	纱,	U+7EB1,	shā
0933,	纲,	U+7EB2,	gāng
0934,	纳,	U+7EB3,	nà
0935,	驳,	U+9A73,	bó
0936,	纵,	U+7EB5,	zòng
0937,	纷,	U+7EB7,	fēn
0938,	纸,	U+7EB8,	zhǐ
0939,	纹,	U+7EB9,	wén
0940,	纺,	U+7EBA,	fǎng
0941,	驴,	U+9A74,	lǘ
0942,	纽,	U+7EBD,	niǔ
0943,	奉,	U+5949,	fèng
0944,	玩,	U+73A9,	wán
0945,	环,	U+73AF,	huán
0946,	武,	U+6B66,	wǔ
0947,	青,	U+9752,	qīng
0948,	责,	U+8D23,	zé
0949,	现,	U+73B0,	xiàn
0950,	玫,	U+73AB,	méi
0951,	表,	U+8868,	biǎo
0952,	规,	U+89C4,	guī
0953,	抹,	U+62B9,	mā，mǒ，mò
0954,	卦,	U+5366,	guà
0955,	坷,	U+5777,	kē，kě
0956,	坯,	U+576F,	pī
0957,	拓,	U+62D3,	tà，tuò
0958,	拢,	U+62E2,	lǒng
0959,	拔,	U+62D4,	bá
0960,	坪,	U+576A,	píng
0961,	拣,	U+62E3,	jiǎn
0962,	坦,	U+5766,	tǎn
0963,	担,	U+62C5,	dān，dàn
0964,	坤,	U+5764,	kūn
0965,	押,	U+62BC,	yā
0966,	抽,	U+62BD,	chōu
0967,	拐,	U+62D0,	guǎi
0968,	拖,	U+62D6,	tuō
0969,	者,	U+8005,	zhě
0970,	拍,	U+62CD,	pāi
0971,	顶,	U+9876,	dǐng
0972,	拆,	U+62C6,	chāi
0973,	拎,	U+62CE,	līn
0974,	拥,	U+62E5,	yōng
0975,	抵,	U+62B5,	dǐ
0976,	拘,	U+62D8,	jū
0977,	势,	U+52BF,	shì
0978,	抱,	U+62B1,	bào
0979,	拄,	U+62C4,	zhǔ
0980,	垃,	U+5783,	lā
0981,	拉,	U+62C9,	lā，lá
0982,	拦,	U+62E6,	lán
0983,	幸,	U+5E78,	xìng
0984,	拌,	U+62CC,	bàn
0985,	拧,	U+62E7,	níng，nǐng，nìng
0986,	拂,	U+62C2,	fú
0987,	拙,	U+62D9,	zhuō
0988,	招,	U+62DB,	zhāo
0989,	坡,	U+5761,	pō
0990,	披,	U+62AB,	pī
0991,	拨,	U+62E8,	bō
0992,	择,	U+62E9,	zé，zhái
0993,	抬,	U+62AC,	tái
0994,	拇,	U+62C7,	mǔ
0995,	拗,	U+62D7,	ào，niù
0996,	其,	U+5176,	qí
0997,	取,	U+53D6,	qǔ
0998,	茉,	U+8309,	mò
0999,	苦,	U+82E6,	kǔ
1000,	昔,	U+6614,	xī
1001,	苛,	U+82DB,	kē
1002,	若,	U+82E5,	ruò
1003,	茂,	U+8302,	mào
1004,	苹,	U+82F9,	píng
1005,	苗,	U+82D7,	miáo
1006,	英,	U+82F1,	yīng
1007,	苟,	U+82DF,	gǒu
1008,	苑,	U+82D1,	yuàn
1009,	苞,	U+82DE,	bāo
1010,	范,	U+8303,	fàn
1011,	直,	U+76F4,	zhí
1012,	茁,	U+8301,	zhuó
1013,	茄,	U+8304,	jiā，qié
1014,	茎,	U+830E,	jīng
1015,	苔,	U+82D4,	tāi，tái
1016,	茅,	U+8305,	máo
1017,	枉,	U+6789,	wǎng
1018,	林,	U+6797,	lín
1019,	枝,	U+679D,	zhī
1020,	杯,	U+676F,	bēi
1021,	枢,	U+67A2,	shū
1022,	柜,	U+67DC,	guì，jǔ
1023,	枚,	U+679A,	méi
1024,	析,	U+6790,	xī
1025,	板,	U+677F,	bǎn
1026,	松,	U+677E,	sōng
1027,	枪,	U+67AA,	qiāng
1028,	枫,	U+67AB,	fēng
1029,	构,	U+6784,	gòu
1030,	杭,	U+676D,	háng
1031,	杰,	U+6770,	jié
1032,	述,	U+8FF0,	shù
1033,	枕,	U+6795,	zhěn
1034,	丧,	U+4E27,	sāng，sàng
1035,	或,	U+6216,	huò
1036,	画,	U+753B,	huà
1037,	卧,	U+5367,	wò
1038,	事,	U+4E8B,	shì
1039,	刺,	U+523A,	cī，cì
1040,	枣,	U+67A3,	zǎo
1041,	雨,	U+96E8,	yǔ
1042,	卖,	U+5356,	mài
1043,	郁,	U+90C1,	yù
1044,	矾,	U+77FE,	fán
1045,	矿,	U+77FF,	kuàng
1046,	码,	U+7801,	mǎ
1047,	厕,	U+5395,	cè
1048,	奈,	U+5948,	nài
1049,	奔,	U+5954,	bēn，bèn
1050,	奇,	U+5947,	jī，qí
1051,	奋,	U+594B,	fèn
1052,	态,	U+6001,	tài
1053,	欧,	U+6B27,	ōu
1054,	殴,	U+6BB4,	ōu
1055,	垄,	U+5784,	lǒng
1056,	妻,	U+59BB,	qī
1057,	轰,	U+8F70,	hōng
1058,	顷,	U+9877,	qǐng
1059,	转,	U+8F6C,	zhuǎn，zhuàn
1060,	斩,	U+65A9,	zhǎn
1061,	轮,	U+8F6E,	lún
1062,	软,	U+8F6F,	ruǎn
1063,	到,	U+5230,	dào
1064,	非,	U+975E,	fēi
1065,	叔,	U+53D4,	shū
1066,	歧,	U+6B67,	qí
1067,	肯,	U+80AF,	kěn
1068,	齿,	U+9F7F,	chǐ
1069,	些,	U+4E9B,	xiē
1070,	卓,	U+5353,	zhuó
1071,	虎,	U+864E,	hǔ
1072,	虏,	U+864F,	lǔ
1073,	肾,	U+80BE,	shèn
1074,	贤,	U+8D24,	xián
1075,	尚,	U+5C1A,	shàng
1076,	旺,	U+65FA,	wàng
1077,	具,	U+5177,	jù
1078,	味,	U+5473,	wèi
1079,	果,	U+679C,	guǒ
1080,	昆,	U+6606,	kūn
1081,	国,	U+56FD,	guó
1082,	哎,	U+54CE,	āi
1083,	咕,	U+5495,	gū
1084,	昌,	U+660C,	chāng
1085,	呵,	U+5475,	hē
1086,	畅,	U+7545,	chàng
1087,	明,	U+660E,	míng
1088,	易,	U+6613,	yì
1089,	咙,	U+5499,	lóng
1090,	昂,	U+6602,	áng
1091,	迪,	U+8FEA,	dí
1092,	典,	U+5178,	diǎn
1093,	固,	U+56FA,	gù
1094,	忠,	U+5FE0,	zhōng
1095,	呻,	U+547B,	shēn
1096,	咒,	U+5492,	zhòu
1097,	咋,	U+548B,	zǎ，zé，zhā
1098,	咐,	U+5490,	fù
1099,	呼,	U+547C,	hū
1100,	鸣,	U+9E23,	míng
1101,	咏,	U+548F,	yǒng
1102,	呢,	U+5462,	ne，ní
1103,	咄,	U+5484,	duō
1104,	咖,	U+5496,	gā，kā
1105,	岸,	U+5CB8,	àn
1106,	岩,	U+5CA9,	yán
1107,	帖,	U+5E16,	tiē，tiě，tiè
1108,	罗,	U+7F57,	luó
1109,	帜,	U+5E1C,	zhì
1110,	帕,	U+5E15,	pà
1111,	岭,	U+5CAD,	lǐng
1112,	凯,	U+51EF,	kǎi
1113,	败,	U+8D25,	bài
1114,	账,	U+8D26,	zhàng
1115,	贩,	U+8D29,	fàn
1116,	贬,	U+8D2C,	biǎn
1117,	购,	U+8D2D,	gòu
1118,	贮,	U+8D2E,	zhù
1119,	图,	U+56FE,	tú
1120,	钓,	U+9493,	diào
1121,	制,	U+5236,	zhì
1122,	知,	U+77E5,	zhī
1123,	迭,	U+8FED,	dié
1124,	氛,	U+6C1B,	fēn
1125,	垂,	U+5782,	chuí
1126,	牧,	U+7267,	mù
1127,	物,	U+7269,	wù
1128,	乖,	U+4E56,	guāi
1129,	刮,	U+522E,	guā
1130,	秆,	U+79C6,	gǎn
1131,	和,	U+548C,	hé，hè，hú，huó，huò，huo
1132,	季,	U+5B63,	jì
1133,	委,	U+59D4,	wěi
1134,	秉,	U+79C9,	bǐng
1135,	佳,	U+4F73,	jiā
1136,	侍,	U+4F8D,	shì
1137,	岳,	U+5CB3,	yuè
1138,	供,	U+4F9B,	gōng，gòng
1139,	使,	U+4F7F,	shǐ
1140,	例,	U+4F8B,	lì
1141,	侠,	U+4FA0,	xiá
1142,	侥,	U+4FA5,	jiǎo，yáo
1143,	版,	U+7248,	bǎn
1144,	侄,	U+4F84,	zhí
1145,	侦,	U+4FA6,	zhēn
1146,	侣,	U+4FA3,	lǚ
1147,	侧,	U+4FA7,	cè
1148,	凭,	U+51ED,	píng
1149,	侨,	U+4FA8,	qiáo
1150,	佩,	U+4F69,	pèi
1151,	货,	U+8D27,	huò
1152,	侈,	U+4F88,	chǐ
1153,	依,	U+4F9D,	yī
1154,	卑,	U+5351,	bēi
1155,	的,	U+7684,	de，dī，dí，dì
1156,	迫,	U+8FEB,	pǎi，pò
1157,	质,	U+8D28,	zhì
1158,	欣,	U+6B23,	xīn
1159,	征,	U+5F81,	zhēng
1160,	往,	U+5F80,	wǎng
1161,	爬,	U+722C,	pá
1162,	彼,	U+5F7C,	bǐ
1163,	径,	U+5F84,	jìng
1164,	所,	U+6240,	suǒ
1165,	舍,	U+820D,	shě，shè
1166,	金,	U+91D1,	jīn
1167,	刹,	U+5239,	chà，shā
1168,	命,	U+547D,	mìng
1169,	肴,	U+80B4,	yáo
1170,	斧,	U+65A7,	fǔ
1171,	爸,	U+7238,	bà
1172,	采,	U+91C7,	cǎi，cài
1173,	觅,	U+89C5,	mì
1174,	受,	U+53D7,	shòu
1175,	乳,	U+4E73,	rǔ
1176,	贪,	U+8D2A,	tān
1177,	念,	U+5FF5,	niàn
1178,	贫,	U+8D2B,	pín
1179,	忿,	U+5FFF,	fèn
1180,	肤,	U+80A4,	fū
1181,	肺,	U+80BA,	fèi
1182,	肢,	U+80A2,	zhī
1183,	肿,	U+80BF,	zhǒng
1184,	胀,	U+80C0,	zhàng
1185,	朋,	U+670B,	péng
1186,	股,	U+80A1,	gǔ
1187,	肮,	U+80AE,	āng
1188,	肪,	U+80AA,	fáng
1189,	肥,	U+80A5,	féi
1190,	服,	U+670D,	fú，fù
1191,	胁,	U+80C1,	xié
1192,	周,	U+5468,	zhōu
1193,	昏,	U+660F,	hūn
1194,	鱼,	U+9C7C,	yú
1195,	兔,	U+5154,	tù
1196,	狐,	U+72D0,	hú
1197,	忽,	U+5FFD,	hū
1198,	狗,	U+72D7,	gǒu
1199,	狞,	U+72DE,	níng
1200,	备,	U+5907,	bèi
1201,	饰,	U+9970,	shì
1202,	饱,	U+9971,	bǎo
1203,	饲,	U+9972,	sì
1204,	变,	U+53D8,	biàn
1205,	京,	U+4EAC,	jīng
1206,	享,	U+4EAB,	xiǎng
1207,	庞,	U+5E9E,	páng
1208,	店,	U+5E97,	diàn
1209,	夜,	U+591C,	yè
1210,	庙,	U+5E99,	miào
1211,	府,	U+5E9C,	fǔ
1212,	底,	U+5E95,	dǐ
1213,	疟,	U+759F,	nüè，yào
1214,	疙,	U+7599,	gē
1215,	疚,	U+759A,	jiù
1216,	剂,	U+5242,	jì
1217,	卒,	U+5352,	cù，zú
1218,	郊,	U+90CA,	jiāo
1219,	庚,	U+5E9A,	gēng
1220,	废,	U+5E9F,	fèi
1221,	净,	U+51C0,	jìng
1222,	盲,	U+76F2,	máng
1223,	放,	U+653E,	fàng
1224,	刻,	U+523B,	kè
1225,	育,	U+80B2,	yù
1226,	氓,	U+6C13,	máng
1227,	闸,	U+95F8,	zhá
1228,	闹,	U+95F9,	nào
1229,	郑,	U+90D1,	zhèng
1230,	券,	U+5238,	quàn，xuàn
1231,	卷,	U+5377,	juǎn，juàn
1232,	单,	U+5355,	chán，dān，shàn
1233,	炬,	U+70AC,	jù
1234,	炒,	U+7092,	chǎo
1235,	炊,	U+708A,	chuī
1236,	炕,	U+7095,	kàng
1237,	炎,	U+708E,	yán
1238,	炉,	U+7089,	lú
1239,	沫,	U+6CAB,	mò
1240,	浅,	U+6D45,	qiǎn
1241,	法,	U+6CD5,	fǎ
1242,	泄,	U+6CC4,	xiè
1243,	沽,	U+6CBD,	gū
1244,	河,	U+6CB3,	hé
1245,	沾,	U+6CBE,	zhān
1246,	泪,	U+6CEA,	lèi
1247,	沮,	U+6CAE,	jǔ
1248,	油,	U+6CB9,	yóu
1249,	泊,	U+6CCA,	bó，pō
1250,	沿,	U+6CBF,	yán
1251,	泡,	U+6CE1,	pāo，pào
1252,	注,	U+6CE8,	zhù
1253,	泣,	U+6CE3,	qì
1254,	泞,	U+6CDE,	nìng
1255,	泻,	U+6CFB,	xiè
1256,	泌,	U+6CCC,	bì，mì
1257,	泳,	U+6CF3,	yǒng
1258,	泥,	U+6CE5,	ní，nì
1259,	沸,	U+6CB8,	fèi
1260,	沼,	U+6CBC,	zhǎo
1261,	波,	U+6CE2,	bō
1262,	泼,	U+6CFC,	pō
1263,	泽,	U+6CFD,	zé
1264,	治,	U+6CBB,	zhì
1265,	怔,	U+6014,	zhèng
1266,	怯,	U+602F,	qiè
1267,	怖,	U+6016,	bù
1268,	性,	U+6027,	xìng
1269,	怕,	U+6015,	pà
1270,	怜,	U+601C,	lián
1271,	怪,	U+602A,	guài
1272,	怡,	U+6021,	yí
1273,	学,	U+5B66,	xué
1274,	宝,	U+5B9D,	bǎo
1275,	宗,	U+5B97,	zōng
1276,	定,	U+5B9A,	dìng
1277,	宠,	U+5BA0,	chǒng
1278,	宜,	U+5B9C,	yí
1279,	审,	U+5BA1,	shěn
1280,	宙,	U+5B99,	zhòu
1281,	官,	U+5B98,	guān
1282,	空,	U+7A7A,	kōng，kòng
1283,	帘,	U+5E18,	lián
1284,	宛,	U+5B9B,	wǎn
1285,	实,	U+5B9E,	shí
1286,	试,	U+8BD5,	shì
1287,	郎,	U+90CE,	láng，làng
1288,	诗,	U+8BD7,	shī
1289,	肩,	U+80A9,	jiān
1290,	房,	U+623F,	fáng
1291,	诚,	U+8BDA,	chéng
1292,	衬,	U+886C,	chèn
1293,	衫,	U+886B,	shān
1294,	视,	U+89C6,	shì
1295,	祈,	U+7948,	qí
1296,	话,	U+8BDD,	huà
1297,	诞,	U+8BDE,	dàn
1298,	诡,	U+8BE1,	guǐ
1299,	询,	U+8BE2,	xún
1300,	该,	U+8BE5,	gāi
1301,	详,	U+8BE6,	xiáng
1302,	建,	U+5EFA,	jiàn
1303,	肃,	U+8083,	sù
1304,	录,	U+5F55,	lù
1305,	隶,	U+96B6,	lì
1306,	帚,	U+5E1A,	zhǒu
1307,	屉,	U+5C49,	tì
1308,	居,	U+5C45,	jū
1309,	届,	U+5C4A,	jiè
1310,	刷,	U+5237,	shuā，shuà
1311,	屈,	U+5C48,	qū
1312,	弧,	U+5F27,	hú
1313,	弥,	U+5F25,	mí
1314,	弦,	U+5F26,	xián
1315,	承,	U+627F,	chéng
1316,	孟,	U+5B5F,	mèng
1317,	陋,	U+964B,	lòu
1318,	陌,	U+964C,	mò
1319,	孤,	U+5B64,	gū
1320,	陕,	U+9655,	shǎn
1321,	降,	U+964D,	jiàng，xiáng
1322,	函,	U+51FD,	hán
1323,	限,	U+9650,	xiàn
1324,	妹,	U+59B9,	mèi
1325,	姑,	U+59D1,	gū
1326,	姐,	U+59D0,	jiě
1327,	姓,	U+59D3,	xìng
1328,	妮,	U+59AE,	nī
1329,	始,	U+59CB,	shǐ
1330,	姆,	U+59C6,	mǔ
1331,	迢,	U+8FE2,	tiáo
1332,	驾,	U+9A7E,	jià
1333,	叁,	U+53C1,	sān
1334,	参,	U+53C2,	cān，cēn，shēn
1335,	艰,	U+8270,	jiān
1336,	线,	U+7EBF,	xiàn
1337,	练,	U+7EC3,	liàn
1338,	组,	U+7EC4,	zǔ
1339,	绅,	U+7EC5,	shēn
1340,	细,	U+7EC6,	xì
1341,	驶,	U+9A76,	shǐ
1342,	织,	U+7EC7,	zhī
1343,	驹,	U+9A79,	jū
1344,	终,	U+7EC8,	zhōng
1345,	驻,	U+9A7B,	zhù
1346,	绊,	U+7ECA,	bàn
1347,	驼,	U+9A7C,	tuó
1348,	绍,	U+7ECD,	shào
1349,	绎,	U+7ECE,	yì
1350,	经,	U+7ECF,	jīng，jìng
1351,	贯,	U+8D2F,	guàn
1352,	契,	U+5951,	qì
1353,	贰,	U+8D30,	èr
1354,	奏,	U+594F,	zòu
1355,	春,	U+6625,	chūn
1356,	帮,	U+5E2E,	bāng
1357,	玷,	U+73B7,	diàn
1358,	珍,	U+73CD,	zhēn
1359,	玲,	U+73B2,	líng
1360,	珊,	U+73CA,	shān
1361,	玻,	U+73BB,	bō
1362,	毒,	U+6BD2,	dú
1363,	型,	U+578B,	xíng
1364,	拭,	U+62ED,	shì
1365,	挂,	U+6302,	guà
1366,	封,	U+5C01,	fēng
1367,	持,	U+6301,	chí
1368,	拷,	U+62F7,	kǎo
1369,	拱,	U+62F1,	gǒng
1370,	项,	U+9879,	xiàng
1371,	垮,	U+57AE,	kuǎ
1372,	挎,	U+630E,	kuà
1373,	城,	U+57CE,	chéng
1374,	挟,	U+631F,	xié
1375,	挠,	U+6320,	náo
1376,	政,	U+653F,	zhèng
1377,	赴,	U+8D74,	fù
1378,	赵,	U+8D75,	zhào
1379,	挡,	U+6321,	dǎng，dàng
1380,	拽,	U+62FD,	zhuài
1381,	哉,	U+54C9,	zāi
1382,	挺,	U+633A,	tǐng
1383,	括,	U+62EC,	kuò
1384,	垢,	U+57A2,	gòu
1385,	拴,	U+62F4,	shuān
1386,	拾,	U+62FE,	shè，shí
1387,	挑,	U+6311,	tiāo，tiǎo
1388,	垛,	U+579B,	duǒ，duò
1389,	指,	U+6307,	zhǐ
1390,	垫,	U+57AB,	diàn
1391,	挣,	U+6323,	zhēng，zhèng
1392,	挤,	U+6324,	jǐ
1393,	拼,	U+62FC,	pīn
1394,	挖,	U+6316,	wā
1395,	按,	U+6309,	àn
1396,	挥,	U+6325,	huī
1397,	挪,	U+632A,	nuó
1398,	拯,	U+62EF,	zhěng
1399,	某,	U+67D0,	mǒu
1400,	甚,	U+751A,	shèn
1401,	荆,	U+8346,	jīng
1402,	茸,	U+8338,	róng
1403,	革,	U+9769,	gé
1404,	茬,	U+832C,	chá
1405,	荐,	U+8350,	jiàn
1406,	巷,	U+5DF7,	hàng，xiàng
1407,	带,	U+5E26,	dài
1408,	草,	U+8349,	cǎo
1409,	茧,	U+8327,	jiǎn
1410,	茵,	U+8335,	yīn
1411,	茶,	U+8336,	chá
1412,	荒,	U+8352,	huāng
1413,	茫,	U+832B,	máng
1414,	荡,	U+8361,	dàng
1415,	荣,	U+8363,	róng
1416,	荤,	U+8364,	hūn
1417,	荧,	U+8367,	yíng
1418,	故,	U+6545,	gù
1419,	胡,	U+80E1,	hú
1420,	荫,	U+836B,	yīn，yìn
1421,	荔,	U+8354,	lì
1422,	南,	U+5357,	nā，nán
1423,	药,	U+836F,	yào
1424,	标,	U+6807,	biāo
1425,	栈,	U+6808,	zhàn
1426,	柑,	U+67D1,	gān
1427,	枯,	U+67AF,	kū
1428,	柄,	U+67C4,	bǐng
1429,	栋,	U+680B,	dòng
1430,	相,	U+76F8,	xiāng，xiàng
1431,	查,	U+67E5,	chá，zhā
1432,	柏,	U+67CF,	bǎi，bó
1433,	栅,	U+6805,	shān，zhà
1434,	柳,	U+67F3,	liǔ
1435,	柱,	U+67F1,	zhù
1436,	柿,	U+67FF,	shì
1437,	栏,	U+680F,	lán
1438,	柠,	U+67E0,	níng
1439,	树,	U+6811,	shù
1440,	勃,	U+52C3,	bó
1441,	要,	U+8981,	yāo，yào
1442,	柬,	U+67EC,	jiǎn
1443,	咸,	U+54B8,	xián
1444,	威,	U+5A01,	wēi
1445,	歪,	U+6B6A,	wāi
1446,	研,	U+7814,	yán
1447,	砖,	U+7816,	zhuān
1448,	厘,	U+5398,	lí
1449,	厚,	U+539A,	hòu
1450,	砌,	U+780C,	qì
1451,	砂,	U+7802,	shā
1452,	泵,	U+6CF5,	bèng
1453,	砚,	U+781A,	yàn
1454,	砍,	U+780D,	kǎn
1455,	面,	U+9762,	miàn
1456,	耐,	U+8010,	nài
1457,	耍,	U+800D,	shuǎ
1458,	牵,	U+7275,	qiān
1459,	鸥,	U+9E25,	ōu
1460,	残,	U+6B8B,	cán
1461,	殃,	U+6B83,	yāng
1462,	轴,	U+8F74,	zhóu，zhòu
1463,	轻,	U+8F7B,	qīng
1464,	鸦,	U+9E26,	yā
1465,	皆,	U+7686,	jiē
1466,	韭,	U+97ED,	jiǔ
1467,	背,	U+80CC,	bēi，bèi
1468,	战,	U+6218,	zhàn
1469,	点,	U+70B9,	diǎn
1470,	虐,	U+8650,	nüè
1471,	临,	U+4E34,	lín
1472,	览,	U+89C8,	lǎn
1473,	竖,	U+7AD6,	shù
1474,	省,	U+7701,	shěng，xǐng
1475,	削,	U+524A,	xiāo，xuē
1476,	尝,	U+5C1D,	cháng
1477,	昧,	U+6627,	mèi
1478,	盹,	U+76F9,	dǔn
1479,	是,	U+662F,	shì
1480,	盼,	U+76FC,	pàn
1481,	眨,	U+7728,	zhǎ
1482,	哇,	U+54C7,	wā，wa
1483,	哄,	U+54C4,	hōng，hǒng，hòng
1484,	哑,	U+54D1,	yā，yǎ
1485,	显,	U+663E,	xiǎn
1486,	冒,	U+5192,	mào
1487,	映,	U+6620,	yìng
1488,	星,	U+661F,	xīng
1489,	昨,	U+6628,	zuó
1490,	咧,	U+54A7,	liē，liě
1491,	昭,	U+662D,	zhāo
1492,	畏,	U+754F,	wèi
1493,	趴,	U+8DB4,	pā
1494,	胃,	U+80C3,	wèi
1495,	贵,	U+8D35,	guì
1496,	界,	U+754C,	jiè
1497,	虹,	U+8679,	hóng，jiàng
1498,	虾,	U+867E,	xiā
1499,	蚁,	U+8681,	yǐ
1500,	思,	U+601D,	sī
1501,	蚂,	U+8682,	mǎ，mà
1502,	虽,	U+867D,	suī
1503,	品,	U+54C1,	pǐn
1504,	咽,	U+54BD,	yān，yàn，yè
1505,	骂,	U+9A82,	mà
1506,	勋,	U+52CB,	xūn
1507,	哗,	U+54D7,	huā，huá
1508,	咱,	U+54B1,	zán
1509,	响,	U+54CD,	xiǎng
1510,	哈,	U+54C8,	hā，hǎ，hà
1511,	哆,	U+54C6,	duō
1512,	咬,	U+54AC,	yǎo
1513,	咳,	U+54B3,	hāi，ké
1514,	咪,	U+54AA,	mī，mǐ
1515,	哪,	U+54EA,	nǎ，na，né
1516,	哟,	U+54DF,	yō，yo
1517,	炭,	U+70AD,	tàn
1518,	峡,	U+5CE1,	xiá
1519,	罚,	U+7F5A,	fá
1520,	贱,	U+8D31,	jiàn
1521,	贴,	U+8D34,	tiē
1522,	贻,	U+8D3B,	yí
1523,	骨,	U+9AA8,	gū，gǔ
1524,	幽,	U+5E7D,	yōu
1525,	钙,	U+9499,	gài
1526,	钝,	U+949D,	dùn
1527,	钞,	U+949E,	chāo
1528,	钟,	U+949F,	zhōng
1529,	钢,	U+94A2,	gāng，gàng
1530,	钠,	U+94A0,	nà
1531,	钥,	U+94A5,	yào，yuè
1532,	钦,	U+94A6,	qīn
1533,	钧,	U+94A7,	jūn
1534,	钩,	U+94A9,	gōu
1535,	钮,	U+94AE,	niǔ
1536,	卸,	U+5378,	xiè
1537,	缸,	U+7F38,	gāng
1538,	拜,	U+62DC,	bái，bài
1539,	看,	U+770B,	kān，kàn
1540,	矩,	U+77E9,	jǔ
1541,	毡,	U+6BE1,	zhān
1542,	氢,	U+6C22,	qīng
1543,	怎,	U+600E,	zěn
1544,	牲,	U+7272,	shēng
1545,	选,	U+9009,	xuǎn
1546,	适,	U+9002,	shì
1547,	秒,	U+79D2,	miǎo
1548,	香,	U+9999,	xiāng
1549,	种,	U+79CD,	chóng，zhǒng，zhòng
1550,	秋,	U+79CB,	qiū
1551,	科,	U+79D1,	kē
1552,	重,	U+91CD,	chóng，zhòng
1553,	复,	U+590D,	fù
1554,	竿,	U+7AFF,	gān
1555,	段,	U+6BB5,	duàn
1556,	便,	U+4FBF,	biàn，pián
1557,	俩,	U+4FE9,	liǎ，liǎng
1558,	贷,	U+8D37,	dài
1559,	顺,	U+987A,	shùn
1560,	修,	U+4FEE,	xiū
1561,	俏,	U+4FCF,	qiào
1562,	保,	U+4FDD,	bǎo
1563,	促,	U+4FC3,	cù
1564,	俄,	U+4FC4,	é
1565,	俐,	U+4FD0,	lì
1566,	侮,	U+4FAE,	wǔ
1567,	俭,	U+4FED,	jiǎn
1568,	俗,	U+4FD7,	sú
1569,	俘,	U+4FD8,	fú
1570,	信,	U+4FE1,	xìn
1571,	皇,	U+7687,	huáng
1572,	泉,	U+6CC9,	quán
1573,	鬼,	U+9B3C,	guǐ
1574,	侵,	U+4FB5,	qīn
1575,	禹,	U+79B9,	yǔ
1576,	侯,	U+4FAF,	hóu，hòu
1577,	追,	U+8FFD,	zhuī
1578,	俊,	U+4FCA,	jùn
1579,	盾,	U+76FE,	dùn
1580,	待,	U+5F85,	dāi，dài
1581,	徊,	U+5F8A,	huái
1582,	衍,	U+884D,	yǎn
1583,	律,	U+5F8B,	lǜ
1584,	很,	U+5F88,	hěn
1585,	须,	U+987B,	xū
1586,	叙,	U+53D9,	xù
1587,	剑,	U+5251,	jiàn
1588,	逃,	U+9003,	táo
1589,	食,	U+98DF,	shí
1590,	盆,	U+76C6,	pén
1591,	胚,	U+80DA,	pēi
1592,	胧,	U+80E7,	lóng
1593,	胆,	U+80C6,	dǎn
1594,	胜,	U+80DC,	shèng
1595,	胞,	U+80DE,	bāo
1596,	胖,	U+80D6,	pán，pàng
1597,	脉,	U+8109,	mài，mò
1598,	胎,	U+80CE,	tāi
1599,	勉,	U+52C9,	miǎn
1600,	狭,	U+72ED,	xiá
1601,	狮,	U+72EE,	shī
1602,	独,	U+72EC,	dú
1603,	狰,	U+72F0,	zhēng
1604,	狡,	U+72E1,	jiǎo
1605,	狱,	U+72F1,	yù
1606,	狠,	U+72E0,	hěn
1607,	贸,	U+8D38,	mào
1608,	怨,	U+6028,	yuàn
1609,	急,	U+6025,	jí
1610,	饵,	U+9975,	ěr
1611,	饶,	U+9976,	ráo
1612,	蚀,	U+8680,	shí
1613,	饺,	U+997A,	jiǎo
1614,	饼,	U+997C,	bǐng
1615,	峦,	U+5CE6,	luán
1616,	弯,	U+5F2F,	wān
1617,	将,	U+5C06,	jiāng，jiàng
1618,	奖,	U+5956,	jiǎng
1619,	哀,	U+54C0,	āi
1620,	亭,	U+4EAD,	tíng
1621,	亮,	U+4EAE,	liàng
1622,	度,	U+5EA6,	dù，duó
1623,	迹,	U+8FF9,	jì
1624,	庭,	U+5EAD,	tíng
1625,	疮,	U+75AE,	chuāng
1626,	疯,	U+75AF,	fēng
1627,	疫,	U+75AB,	yì
1628,	疤,	U+75A4,	bā
1629,	咨,	U+54A8,	zī
1630,	姿,	U+59FF,	zī
1631,	亲,	U+4EB2,	qīn，qìng
1632,	音,	U+97F3,	yīn
1633,	帝,	U+5E1D,	dì
1634,	施,	U+65BD,	shī
1635,	闺,	U+95FA,	guī
1636,	闻,	U+95FB,	wén
1637,	闽,	U+95FD,	mǐn
1638,	阀,	U+9600,	fá
1639,	阁,	U+9601,	gé
1640,	差,	U+5DEE,	chā，chà，chāi，cī
1641,	养,	U+517B,	yǎng
1642,	美,	U+7F8E,	měi
1643,	姜,	U+59DC,	jiāng
1644,	叛,	U+53DB,	pàn
1645,	送,	U+9001,	sòng
1646,	类,	U+7C7B,	lèi
1647,	迷,	U+8FF7,	mí
1648,	籽,	U+7C7D,	zǐ
1649,	娄,	U+5A04,	lóu
1650,	前,	U+524D,	qián
1651,	首,	U+9996,	shǒu
1652,	逆,	U+9006,	nì
1653,	兹,	U+5179,	cí，zī
1654,	总,	U+603B,	zǒng
1655,	炼,	U+70BC,	liàn
1656,	炸,	U+70B8,	zhá，zhà
1657,	烁,	U+70C1,	shuò
1658,	炮,	U+70AE,	bāo，páo，pào
1659,	炫,	U+70AB,	xuàn
1660,	烂,	U+70C2,	làn
1661,	剃,	U+5243,	tì
1662,	洼,	U+6D3C,	wā
1663,	洁,	U+6D01,	jié
1664,	洪,	U+6D2A,	hóng
1665,	洒,	U+6D12,	sǎ
1666,	柒,	U+67D2,	qī
1667,	浇,	U+6D47,	jiāo
1668,	浊,	U+6D4A,	zhuó
1669,	洞,	U+6D1E,	dòng，tóng
1670,	测,	U+6D4B,	cè
1671,	洗,	U+6D17,	xǐ，xiǎn
1672,	活,	U+6D3B,	huó
1673,	派,	U+6D3E,	pài
1674,	洽,	U+6D3D,	qià
1675,	染,	U+67D3,	rǎn
1676,	洛,	U+6D1B,	luò
1677,	浏,	U+6D4F,	liú
1678,	济,	U+6D4E,	jǐ，jì
1679,	洋,	U+6D0B,	yáng
1680,	洲,	U+6D32,	zhōu
1681,	浑,	U+6D51,	hún
1682,	浓,	U+6D53,	nóng
1683,	津,	U+6D25,	jīn
1684,	恃,	U+6043,	shì
1685,	恒,	U+6052,	héng
1686,	恢,	U+6062,	huī
1687,	恍,	U+604D,	huǎng
1688,	恬,	U+606C,	tián
1689,	恤,	U+6064,	xù
1690,	恰,	U+6070,	qià
1691,	恼,	U+607C,	nǎo
1692,	恨,	U+6068,	hèn
1693,	举,	U+4E3E,	jǔ
1694,	觉,	U+89C9,	jiào，jué
1695,	宣,	U+5BA3,	xuān
1696,	宦,	U+5BA6,	huàn
1697,	室,	U+5BA4,	shì
1698,	宫,	U+5BAB,	gōng
1699,	宪,	U+5BAA,	xiàn
1700,	突,	U+7A81,	tū
1701,	穿,	U+7A7F,	chuān
1702,	窃,	U+7A83,	qiè
1703,	客,	U+5BA2,	kè
1704,	诫,	U+8BEB,	jiè
1705,	冠,	U+51A0,	guān，guàn
1706,	诬,	U+8BEC,	wū
1707,	语,	U+8BED,	yǔ
1708,	扁,	U+6241,	biǎn，piān
1709,	袄,	U+8884,	ǎo
1710,	祖,	U+7956,	zǔ
1711,	神,	U+795E,	shén
1712,	祝,	U+795D,	zhù
1713,	祠,	U+7960,	cí
1714,	误,	U+8BEF,	wù
1715,	诱,	U+8BF1,	yòu
1716,	诲,	U+8BF2,	huì
1717,	说,	U+8BF4,	shuì，shuō
1718,	诵,	U+8BF5,	sòng
1719,	垦,	U+57A6,	kěn
1720,	退,	U+9000,	tuì
1721,	既,	U+65E2,	jì
1722,	屋,	U+5C4B,	wū
1723,	昼,	U+663C,	zhòu
1724,	屏,	U+5C4F,	bǐng，píng
1725,	屎,	U+5C4E,	shǐ
1726,	费,	U+8D39,	fèi
1727,	陡,	U+9661,	dǒu
1728,	逊,	U+900A,	xùn
1729,	眉,	U+7709,	méi
1730,	孩,	U+5B69,	hái
1731,	陨,	U+9668,	yǔn
1732,	除,	U+9664,	chú
1733,	险,	U+9669,	xiǎn
1734,	院,	U+9662,	yuàn
1735,	娃,	U+5A03,	wá
1736,	姥,	U+59E5,	lǎo
1737,	姨,	U+59E8,	yí
1738,	姻,	U+59FB,	yīn
1739,	娇,	U+5A07,	jiāo
1740,	姚,	U+59DA,	yáo
1741,	娜,	U+5A1C,	nà，nuó
1742,	怒,	U+6012,	nù
1743,	架,	U+67B6,	jià
1744,	贺,	U+8D3A,	hè
1745,	盈,	U+76C8,	yíng
1746,	勇,	U+52C7,	yǒng
1747,	怠,	U+6020,	dài
1748,	癸,	U+7678,	guǐ
1749,	蚤,	U+86A4,	zǎo
1750,	柔,	U+67D4,	róu
1751,	垒,	U+5792,	lěi
1752,	绑,	U+7ED1,	bǎng
1753,	绒,	U+7ED2,	róng
1754,	结,	U+7ED3,	jiē，jié
1755,	绕,	U+7ED5,	rào
1756,	骄,	U+9A84,	jiāo
1757,	绘,	U+7ED8,	huì
1758,	给,	U+7ED9,	gěi，jǐ
1759,	绚,	U+7EDA,	xuàn
1760,	骆,	U+9A86,	luò
1761,	络,	U+7EDC,	lào，luò
1762,	绝,	U+7EDD,	jué
1763,	绞,	U+7EDE,	jiǎo
1764,	骇,	U+9A87,	hài
1765,	统,	U+7EDF,	tǒng
1766,	耕,	U+8015,	gēng
1767,	耘,	U+8018,	yún
1768,	耗,	U+8017,	hào
1769,	耙,	U+8019,	bà，pá
1770,	艳,	U+8273,	yàn
1771,	泰,	U+6CF0,	tài
1772,	秦,	U+79E6,	qín
1773,	珠,	U+73E0,	zhū
1774,	班,	U+73ED,	bān
1775,	素,	U+7D20,	sù
1776,	匿,	U+533F,	nì
1777,	蚕,	U+8695,	cán
1778,	顽,	U+987D,	wán
1779,	盏,	U+76CF,	zhǎn
1780,	匪,	U+532A,	fěi
1781,	捞,	U+635E,	lāo
1782,	栽,	U+683D,	zāi
1783,	捕,	U+6355,	bǔ
1784,	埂,	U+57C2,	gěng
1785,	捂,	U+6342,	wǔ
1786,	振,	U+632F,	zhèn
1787,	载,	U+8F7D,	zǎi，zài
1788,	赶,	U+8D76,	gǎn
1789,	起,	U+8D77,	qǐ
1790,	盐,	U+76D0,	yán
1791,	捎,	U+634E,	shāo，shào
1792,	捍,	U+634D,	hàn
1793,	捏,	U+634F,	niē
1794,	埋,	U+57CB,	mái，mán
1795,	捉,	U+6349,	zhuō
1796,	捆,	U+6346,	kǔn
1797,	捐,	U+6350,	juān
1798,	损,	U+635F,	sǔn
1799,	袁,	U+8881,	yuán
1800,	捌,	U+634C,	bā
1801,	都,	U+90FD,	dōu，dū
1802,	哲,	U+54F2,	zhé
1803,	逝,	U+901D,	shì
1804,	捡,	U+6361,	jiǎn
1805,	挫,	U+632B,	cuò
1806,	换,	U+6362,	huàn
1807,	挽,	U+633D,	wǎn
1808,	挚,	U+631A,	zhì
1809,	热,	U+70ED,	rè
1810,	恐,	U+6050,	kǒng
1811,	捣,	U+6363,	dǎo
1812,	壶,	U+58F6,	hú
1813,	捅,	U+6345,	tǒng
1814,	埃,	U+57C3,	āi
1815,	挨,	U+6328,	āi，ái
1816,	耻,	U+803B,	chǐ
1817,	耿,	U+803F,	gěng
1818,	耽,	U+803D,	dān
1819,	聂,	U+8042,	niè
1820,	恭,	U+606D,	gōng
1821,	莽,	U+83BD,	mǎng
1822,	莱,	U+83B1,	lái
1823,	莲,	U+83B2,	lián
1824,	莫,	U+83AB,	mò
1825,	莉,	U+8389,	lì
1826,	荷,	U+8377,	hé，hè
1827,	获,	U+83B7,	huò
1828,	晋,	U+664B,	jìn
1829,	恶,	U+6076,	ě，è，wù
1830,	莹,	U+83B9,	yíng
1831,	莺,	U+83BA,	yīng
1832,	真,	U+771F,	zhēn
1833,	框,	U+6846,	kuàng
1834,	梆,	U+6886,	bāng
1835,	桂,	U+6842,	guì
1836,	桔,	U+6854,	jié
1837,	栖,	U+6816,	qī
1838,	档,	U+6863,	dàng
1839,	桐,	U+6850,	tóng
1840,	株,	U+682A,	zhū
1841,	桥,	U+6865,	qiáo
1842,	桦,	U+6866,	huà
1843,	栓,	U+6813,	shuān
1844,	桃,	U+6843,	táo
1845,	格,	U+683C,	gé
1846,	桩,	U+6869,	zhuāng
1847,	校,	U+6821,	jiào，xiào
1848,	核,	U+6838,	hé，hú
1849,	样,	U+6837,	yàng
1850,	根,	U+6839,	gēn
1851,	索,	U+7D22,	suǒ
1852,	哥,	U+54E5,	gē
1853,	速,	U+901F,	sù
1854,	逗,	U+9017,	dòu
1855,	栗,	U+6817,	lì
1856,	贾,	U+8D3E,	gǔ，jiǎ
1857,	酌,	U+914C,	zhuó
1858,	配,	U+914D,	pèi
1859,	翅,	U+7FC5,	chì
1860,	辱,	U+8FB1,	rǔ
1861,	唇,	U+5507,	chún
1862,	夏,	U+590F,	xià
1863,	砸,	U+7838,	zá
1864,	砰,	U+7830,	pēng
1865,	砾,	U+783E,	lì
1866,	础,	U+7840,	chǔ
1867,	破,	U+7834,	pò
1868,	原,	U+539F,	yuán
1869,	套,	U+5957,	tào
1870,	逐,	U+9010,	zhú
1871,	烈,	U+70C8,	liè
1872,	殊,	U+6B8A,	shū
1873,	殉,	U+6B89,	xùn
1874,	顾,	U+987E,	gù
1875,	轿,	U+8F7F,	jiào
1876,	较,	U+8F83,	jiào
1877,	顿,	U+987F,	dùn
1878,	毙,	U+6BD9,	bì
1879,	致,	U+81F4,	zhì
1880,	柴,	U+67F4,	chái
1881,	桌,	U+684C,	zhuō
1882,	虑,	U+8651,	lǜ
1883,	监,	U+76D1,	jiān，jiàn
1884,	紧,	U+7D27,	jǐn
1885,	党,	U+515A,	dǎng
1886,	逞,	U+901E,	chěng
1887,	晒,	U+6652,	shài
1888,	眠,	U+7720,	mián
1889,	晓,	U+6653,	xiǎo
1890,	哮,	U+54EE,	xiào
1891,	唠,	U+5520,	láo，lào
1892,	鸭,	U+9E2D,	yā
1893,	晃,	U+6643,	huǎng，huàng
1894,	哺,	U+54FA,	bǔ
1895,	晌,	U+664C,	shǎng
1896,	剔,	U+5254,	tī
1897,	晕,	U+6655,	yūn，yùn
1898,	蚌,	U+868C,	bàng，bèng
1899,	畔,	U+7554,	pàn
1900,	蚣,	U+86A3,	gōng
1901,	蚊,	U+868A,	wén
1902,	蚪,	U+86AA,	dǒu
1903,	蚓,	U+8693,	yǐn
1904,	哨,	U+54E8,	shào
1905,	哩,	U+54E9,	lī，li
1906,	圃,	U+5703,	pǔ
1907,	哭,	U+54ED,	kū
1908,	哦,	U+54E6,	é，ó，ò
1909,	恩,	U+6069,	ēn
1910,	鸯,	U+9E2F,	yāng
1911,	唤,	U+5524,	huàn
1912,	唁,	U+5501,	yàn
1913,	哼,	U+54FC,	hēng，hng
1914,	唧,	U+5527,	jī
1915,	啊,	U+554A,	ā，á，ǎ，à，a
1916,	唉,	U+5509,	āi，ài
1917,	唆,	U+5506,	suō
1918,	罢,	U+7F62,	bà，ba
1919,	峭,	U+5CED,	qiào
1920,	峨,	U+5CE8,	é
1921,	峰,	U+5CF0,	fēng
1922,	圆,	U+5706,	yuán
1923,	峻,	U+5CFB,	jùn
1924,	贼,	U+8D3C,	zéi
1925,	贿,	U+8D3F,	huì
1926,	赂,	U+8D42,	lù
1927,	赃,	U+8D43,	zāng
1928,	钱,	U+94B1,	qián
1929,	钳,	U+94B3,	qián
1930,	钻,	U+94BB,	zuān，zuàn
1931,	钾,	U+94BE,	jiǎ
1932,	铁,	U+94C1,	tiě
1933,	铃,	U+94C3,	líng
1934,	铅,	U+94C5,	qiān，yán
1935,	缺,	U+7F3A,	quē
1936,	氧,	U+6C27,	yǎng
1937,	氨,	U+6C28,	ān
1938,	特,	U+7279,	tè
1939,	牺,	U+727A,	xī
1940,	造,	U+9020,	zào
1941,	乘,	U+4E58,	chéng
1942,	敌,	U+654C,	dí
1943,	秤,	U+79E4,	chèng
1944,	租,	U+79DF,	zū
1945,	积,	U+79EF,	jī
1946,	秧,	U+79E7,	yāng
1947,	秩,	U+79E9,	zhì
1948,	称,	U+79F0,	chèn，chēng
1949,	秘,	U+79D8,	bì，mì
1950,	透,	U+900F,	tòu
1951,	笔,	U+7B14,	bǐ
1952,	笑,	U+7B11,	xiào
1953,	笋,	U+7B0B,	sǔn
1954,	债,	U+503A,	zhài
1955,	借,	U+501F,	jiè
1956,	值,	U+503C,	zhí
1957,	倚,	U+501A,	yǐ
1958,	俺,	U+4FFA,	ǎn
1959,	倾,	U+503E,	qīng
1960,	倒,	U+5012,	dǎo，dào
1961,	倘,	U+5018,	tǎng
1962,	俱,	U+4FF1,	jū，jù
1963,	倡,	U+5021,	chàng
1964,	候,	U+5019,	hòu
1965,	赁,	U+8D41,	lìn
1966,	俯,	U+4FEF,	fǔ
1967,	倍,	U+500D,	bèi
1968,	倦,	U+5026,	juàn
1969,	健,	U+5065,	jiàn
1970,	臭,	U+81ED,	chòu，xiù
1971,	射,	U+5C04,	shè
1972,	躬,	U+8EAC,	gōng
1973,	息,	U+606F,	xī
1974,	倔,	U+5014,	jué，juè
1975,	徒,	U+5F92,	tú
1976,	徐,	U+5F90,	xú
1977,	殷,	U+6BB7,	yān，yīn
1978,	舰,	U+8230,	jiàn
1979,	舱,	U+8231,	cāng
1980,	般,	U+822C,	bān
1981,	航,	U+822A,	háng
1982,	途,	U+9014,	tú
1983,	拿,	U+62FF,	ná
1984,	耸,	U+8038,	sǒng
1985,	爹,	U+7239,	diē
1986,	舀,	U+8200,	yǎo
1987,	爱,	U+7231,	ài
1988,	豺,	U+8C7A,	chái
1989,	豹,	U+8C79,	bào
1990,	颁,	U+9881,	bān
1991,	颂,	U+9882,	sòng
1992,	翁,	U+7FC1,	wēng
1993,	胰,	U+80F0,	yí
1994,	脆,	U+8106,	cuì
1995,	脂,	U+8102,	zhī
1996,	胸,	U+80F8,	xiōng
1997,	胳,	U+80F3,	gē，gé
1998,	脏,	U+810F,	zāng，zàng
1999,	脐,	U+8110,	qí
2000,	胶,	U+80F6,	jiāo
2001,	脑,	U+8111,	nǎo
2002,	脓,	U+8113,	nóng
2003,	逛,	U+901B,	guàng
2004,	狸,	U+72F8,	lí
2005,	狼,	U+72FC,	láng
2006,	卿,	U+537F,	qīng
2007,	逢,	U+9022,	féng
2008,	鸵,	U+9E35,	tuó
2009,	留,	U+7559,	liú
2010,	鸳,	U+9E33,	yuān
2011,	皱,	U+76B1,	zhòu
2012,	饿,	U+997F,	è
2013,	馁,	U+9981,	něi
2014,	凌,	U+51CC,	líng
2015,	凄,	U+51C4,	qī
2016,	恋,	U+604B,	liàn
2017,	桨,	U+6868,	jiǎng
2018,	浆,	U+6D46,	jiāng，jiàng
2019,	衰,	U+8870,	shuāi
2020,	衷,	U+8877,	zhōng
2021,	高,	U+9AD8,	gāo
2022,	郭,	U+90ED,	guō
2023,	席,	U+5E2D,	xí
2024,	准,	U+51C6,	zhǔn
2025,	座,	U+5EA7,	zuò
2026,	症,	U+75C7,	zhēng，zhèng
2027,	病,	U+75C5,	bìng
2028,	疾,	U+75BE,	jí
2029,	斋,	U+658B,	zhāi
2030,	疹,	U+75B9,	zhěn
2031,	疼,	U+75BC,	téng
2032,	疲,	U+75B2,	pí
2033,	脊,	U+810A,	jǐ
2034,	效,	U+6548,	xiào
2035,	离,	U+79BB,	lí
2036,	紊,	U+7D0A,	wěn
2037,	唐,	U+5510,	táng
2038,	瓷,	U+74F7,	cí
2039,	资,	U+8D44,	zī
2040,	凉,	U+51C9,	liáng，liàng
2041,	站,	U+7AD9,	zhàn
2042,	剖,	U+5256,	pōu
2043,	竞,	U+7ADE,	jìng
2044,	部,	U+90E8,	bù
2045,	旁,	U+65C1,	páng
2046,	旅,	U+65C5,	lǚ
2047,	畜,	U+755C,	chù，xù
2048,	阅,	U+9605,	yuè
2049,	羞,	U+7F9E,	xiū
2050,	羔,	U+7F94,	gāo
2051,	瓶,	U+74F6,	píng
2052,	拳,	U+62F3,	quán
2053,	粉,	U+7C89,	fěn
2054,	料,	U+6599,	liào
2055,	益,	U+76CA,	yì
2056,	兼,	U+517C,	jiān
2057,	烤,	U+70E4,	kǎo
2058,	烘,	U+70D8,	hōng
2059,	烦,	U+70E6,	fán
2060,	烧,	U+70E7,	shāo
2061,	烛,	U+70DB,	zhú
2062,	烟,	U+70DF,	yān
2063,	烙,	U+70D9,	lào，luò
2064,	递,	U+9012,	dì
2065,	涛,	U+6D9B,	tāo
2066,	浙,	U+6D59,	zhè
2067,	涝,	U+6D9D,	lào
2068,	浦,	U+6D66,	pǔ
2069,	酒,	U+9152,	jiǔ
2070,	涉,	U+6D89,	shè
2071,	消,	U+6D88,	xiāo
2072,	涡,	U+6DA1,	guō，wō
2073,	浩,	U+6D69,	hào
2074,	海,	U+6D77,	hǎi
2075,	涂,	U+6D82,	tú
2076,	浴,	U+6D74,	yù
2077,	浮,	U+6D6E,	fú
2078,	涣,	U+6DA3,	huàn
2079,	涤,	U+6DA4,	dí
2080,	流,	U+6D41,	liú
2081,	润,	U+6DA6,	rùn
2082,	涧,	U+6DA7,	jiàn
2083,	涕,	U+6D95,	tì
2084,	浪,	U+6D6A,	làng
2085,	浸,	U+6D78,	jìn
2086,	涨,	U+6DA8,	zhǎng，zhàng
2087,	烫,	U+70EB,	tàng
2088,	涩,	U+6DA9,	sè
2089,	涌,	U+6D8C,	chōng，yǒng
2090,	悖,	U+6096,	bèi
2091,	悟,	U+609F,	wù
2092,	悄,	U+6084,	qiāo，qiǎo
2093,	悍,	U+608D,	hàn
2094,	悔,	U+6094,	huǐ
2095,	悯,	U+60AF,	mǐn
2096,	悦,	U+60A6,	yuè
2097,	害,	U+5BB3,	hài
2098,	宽,	U+5BBD,	kuān
2099,	家,	U+5BB6,	jiā，jia
2100,	宵,	U+5BB5,	xiāo
2101,	宴,	U+5BB4,	yàn
2102,	宾,	U+5BBE,	bīn
2103,	窍,	U+7A8D,	qiào
2104,	窄,	U+7A84,	zhǎi
2105,	容,	U+5BB9,	róng
2106,	宰,	U+5BB0,	zǎi
2107,	案,	U+6848,	àn
2108,	请,	U+8BF7,	qǐng
2109,	朗,	U+6717,	lǎng
2110,	诸,	U+8BF8,	zhū
2111,	诺,	U+8BFA,	nuò
2112,	读,	U+8BFB,	dòu，dú
2113,	扇,	U+6247,	shān，shàn
2114,	诽,	U+8BFD,	fěi
2115,	袜,	U+889C,	wà
2116,	袖,	U+8896,	xiù
2117,	袍,	U+888D,	páo
2118,	被,	U+88AB,	bèi
2119,	祥,	U+7965,	xiáng
2120,	课,	U+8BFE,	kè
2121,	冥,	U+51A5,	míng
2122,	谁,	U+8C01,	shéi，shuí
2123,	调,	U+8C03,	diào，tiáo
2124,	冤,	U+51A4,	yuān
2125,	谅,	U+8C05,	liàng
2126,	谆,	U+8C06,	zhūn
2127,	谈,	U+8C08,	tán
2128,	谊,	U+8C0A,	yì
2129,	剥,	U+5265,	bāo，bō
2130,	恳,	U+6073,	kěn
2131,	展,	U+5C55,	zhǎn
2132,	剧,	U+5267,	jù
2133,	屑,	U+5C51,	xiè
2134,	弱,	U+5F31,	ruò
2135,	陵,	U+9675,	líng
2136,	祟,	U+795F,	suì
2137,	陶,	U+9676,	táo
2138,	陷,	U+9677,	xiàn
2139,	陪,	U+966A,	péi
2140,	娱,	U+5A31,	yú
2141,	娟,	U+5A1F,	juān
2142,	恕,	U+6055,	shù
2143,	娥,	U+5A25,	é
2144,	娘,	U+5A18,	niáng
2145,	通,	U+901A,	tōng，tòng
2146,	能,	U+80FD,	néng
2147,	难,	U+96BE,	nán，nàn
2148,	预,	U+9884,	yù
2149,	桑,	U+6851,	sāng
2150,	绢,	U+7EE2,	juàn
2151,	绣,	U+7EE3,	xiù
2152,	验,	U+9A8C,	yàn
2153,	继,	U+7EE7,	jì
2154,	骏,	U+9A8F,	jùn
2155,	球,	U+7403,	qiú
2156,	琐,	U+7410,	suǒ
2157,	理,	U+7406,	lǐ
2158,	琉,	U+7409,	liú
2159,	琅,	U+7405,	láng
2160,	捧,	U+6367,	pěng
2161,	堵,	U+5835,	dǔ
2162,	措,	U+63AA,	cuò
2163,	描,	U+63CF,	miáo
2164,	域,	U+57DF,	yù
2165,	捺,	U+637A,	nà
2166,	掩,	U+63A9,	yǎn
2167,	捷,	U+6377,	jié
2168,	排,	U+6392,	pái，pǎi
2169,	焉,	U+7109,	yān
2170,	掉,	U+6389,	diào
2171,	捶,	U+6376,	chuí
2172,	赦,	U+8D66,	shè
2173,	堆,	U+5806,	duī
2174,	推,	U+63A8,	tuī
2175,	埠,	U+57E0,	bù
2176,	掀,	U+6380,	xiān
2177,	授,	U+6388,	shòu
2178,	捻,	U+637B,	niǎn
2179,	教,	U+6559,	jiāo，jiào
2180,	掏,	U+638F,	tāo
2181,	掐,	U+6390,	qiā
2182,	掠,	U+63A0,	lüè
2183,	掂,	U+6382,	diān
2184,	培,	U+57F9,	péi
2185,	接,	U+63A5,	jiē
2186,	掷,	U+63B7,	zhì
2187,	控,	U+63A7,	kòng
2188,	探,	U+63A2,	tàn
2189,	据,	U+636E,	jū，jù
2190,	掘,	U+6398,	jué
2191,	掺,	U+63BA,	chān
2192,	职,	U+804C,	zhí
2193,	基,	U+57FA,	jī
2194,	聆,	U+8046,	líng
2195,	勘,	U+52D8,	kān
2196,	聊,	U+804A,	liáo
2197,	娶,	U+5A36,	qǔ
2198,	著,	U+8457,	zhù，zhuó
2199,	菱,	U+83F1,	líng
2200,	勒,	U+52D2,	lè，lēi
2201,	黄,	U+9EC4,	huáng
2202,	菲,	U+83F2,	fēi，fěi
2203,	萌,	U+840C,	méng
2204,	萝,	U+841D,	luó
2205,	菌,	U+83CC,	jūn，jùn
2206,	萎,	U+840E,	wěi
2207,	菜,	U+83DC,	cài
2208,	萄,	U+8404,	táo
2209,	菊,	U+83CA,	jú
2210,	菩,	U+83E9,	pú
2211,	萍,	U+840D,	píng
2212,	菠,	U+83E0,	bō
2213,	萤,	U+8424,	yíng
2214,	营,	U+8425,	yíng
2215,	乾,	U+4E7E,	qián
2216,	萧,	U+8427,	xiāo
2217,	萨,	U+8428,	sà
2218,	菇,	U+83C7,	gū
2219,	械,	U+68B0,	xiè
2220,	彬,	U+5F6C,	bīn
2221,	梦,	U+68A6,	mèng
2222,	婪,	U+5A6A,	lán
2223,	梗,	U+6897,	gěng
2224,	梧,	U+68A7,	wú
2225,	梢,	U+68A2,	shāo
2226,	梅,	U+6885,	méi
2227,	检,	U+68C0,	jiǎn
2228,	梳,	U+68B3,	shū
2229,	梯,	U+68AF,	tī
2230,	桶,	U+6876,	tǒng
2231,	梭,	U+68AD,	suō
2232,	救,	U+6551,	jiù
2233,	曹,	U+66F9,	cáo
2234,	副,	U+526F,	fù
2235,	票,	U+7968,	piào
2236,	酝,	U+915D,	yùn
2237,	酗,	U+9157,	xù
2238,	厢,	U+53A2,	xiāng
2239,	戚,	U+621A,	qī
2240,	硅,	U+7845,	guī
2241,	硕,	U+7855,	shuò
2242,	奢,	U+5962,	shē
2243,	盔,	U+76D4,	kuī
2244,	爽,	U+723D,	shuǎng
2245,	聋,	U+804B,	lóng
2246,	袭,	U+88AD,	xí
2247,	盛,	U+76DB,	chéng，shèng
2248,	匾,	U+533E,	biǎn
2249,	雪,	U+96EA,	xuě
2250,	辅,	U+8F85,	fǔ
2251,	辆,	U+8F86,	liàng
2252,	颅,	U+9885,	lú
2253,	虚,	U+865A,	xū
2254,	彪,	U+5F6A,	biāo
2255,	雀,	U+96C0,	qiāo，qiǎo，què
2256,	堂,	U+5802,	táng
2257,	常,	U+5E38,	cháng
2258,	眶,	U+7736,	kuàng
2259,	匙,	U+5319,	chí，shi
2260,	晨,	U+6668,	chén
2261,	睁,	U+7741,	zhēng
2262,	眯,	U+772F,	mī，mí
2263,	眼,	U+773C,	yǎn
2264,	悬,	U+60AC,	xuán
2265,	野,	U+91CE,	yě
2266,	啪,	U+556A,	pā
2267,	啦,	U+5566,	lā，la
2268,	曼,	U+66FC,	màn
2269,	晦,	U+6666,	huì
2270,	晚,	U+665A,	wǎn
2271,	啄,	U+5544,	zhuó
2272,	啡,	U+5561,	fēi
2273,	距,	U+8DDD,	jù
2274,	趾,	U+8DBE,	zhǐ
2275,	啃,	U+5543,	kěn
2276,	跃,	U+8DC3,	yuè
2277,	略,	U+7565,	lüè
2278,	蚯,	U+86AF,	qiū
2279,	蛀,	U+86C0,	zhù
2280,	蛇,	U+86C7,	shé
2281,	唬,	U+552C,	hǔ
2282,	累,	U+7D2F,	léi，lěi，lèi
2283,	鄂,	U+9102,	è
2284,	唱,	U+5531,	chàng
2285,	患,	U+60A3,	huàn
2286,	啰,	U+5570,	luō，luó，luo
2287,	唾,	U+553E,	tuò
2288,	唯,	U+552F,	wéi
2289,	啤,	U+5564,	pí
2290,	啥,	U+5565,	shá
2291,	啸,	U+5578,	xiào
2292,	崖,	U+5D16,	yá
2293,	崎,	U+5D0E,	qí
2294,	崭,	U+5D2D,	zhǎn
2295,	逻,	U+903B,	luó
2296,	崔,	U+5D14,	cuī
2297,	帷,	U+5E37,	wéi
2298,	崩,	U+5D29,	bēng
2299,	崇,	U+5D07,	chóng
2300,	崛,	U+5D1B,	jué
2301,	婴,	U+5A74,	yīng
2302,	圈,	U+5708,	juān，juàn，quān
2303,	铐,	U+94D0,	kào
2304,	铛,	U+94DB,	chēng，dāng
2305,	铝,	U+94DD,	lǚ
2306,	铜,	U+94DC,	tóng
2307,	铭,	U+94ED,	míng
2308,	铲,	U+94F2,	chǎn
2309,	银,	U+94F6,	yín
2310,	矫,	U+77EB,	jiáo，jiǎo
2311,	甜,	U+751C,	tián
2312,	秸,	U+79F8,	jiē
2313,	梨,	U+68A8,	lí
2314,	犁,	U+7281,	lí
2315,	秽,	U+79FD,	huì
2316,	移,	U+79FB,	yí
2317,	笨,	U+7B28,	bèn
2318,	笼,	U+7B3C,	lóng，lǒng
2319,	笛,	U+7B1B,	dí
2320,	笙,	U+7B19,	shēng
2321,	符,	U+7B26,	fú
2322,	第,	U+7B2C,	dì
2323,	敏,	U+654F,	mǐn
2324,	做,	U+505A,	zuò
2325,	袋,	U+888B,	dài
2326,	悠,	U+60A0,	yōu
2327,	偿,	U+507F,	cháng
2328,	偶,	U+5076,	ǒu
2329,	偎,	U+504E,	wēi
2330,	偷,	U+5077,	tōu
2331,	您,	U+60A8,	nín
2332,	售,	U+552E,	shòu
2333,	停,	U+505C,	tíng
2334,	偏,	U+504F,	piān
2335,	躯,	U+8EAF,	qū
2336,	兜,	U+515C,	dōu
2337,	假,	U+5047,	jiǎ，jià
2338,	衅,	U+8845,	xìn
2339,	徘,	U+5F98,	pái
2340,	徙,	U+5F99,	xǐ
2341,	得,	U+5F97,	dé，de，děi
2342,	衔,	U+8854,	xián
2343,	盘,	U+76D8,	pán
2344,	舶,	U+8236,	bó
2345,	船,	U+8239,	chuán
2346,	舵,	U+8235,	duò
2347,	斜,	U+659C,	xié
2348,	盒,	U+76D2,	hé
2349,	鸽,	U+9E3D,	gē
2350,	敛,	U+655B,	liǎn
2351,	悉,	U+6089,	xī
2352,	欲,	U+6B32,	yù
2353,	彩,	U+5F69,	cǎi
2354,	领,	U+9886,	lǐng
2355,	脚,	U+811A,	jiǎo
2356,	脖,	U+8116,	bó
2357,	脯,	U+812F,	fǔ，pú
2358,	豚,	U+8C5A,	tún
2359,	脸,	U+8138,	liǎn
2360,	脱,	U+8131,	tuō
2361,	象,	U+8C61,	xiàng
2362,	够,	U+591F,	gòu
2363,	逸,	U+9038,	yì
2364,	猜,	U+731C,	cāi
2365,	猪,	U+732A,	zhū
2366,	猎,	U+730E,	liè
2367,	猫,	U+732B,	māo
2368,	凰,	U+51F0,	huáng
2369,	猖,	U+7316,	chāng
2370,	猛,	U+731B,	měng
2371,	祭,	U+796D,	jì，zhài
2372,	馅,	U+9985,	xiàn
2373,	馆,	U+9986,	guǎn
2374,	凑,	U+51D1,	còu
2375,	减,	U+51CF,	jiǎn
2376,	毫,	U+6BEB,	háo
2377,	烹,	U+70F9,	pēng
2378,	庶,	U+5EB6,	shù
2379,	麻,	U+9EBB,	má
2380,	庵,	U+5EB5,	ān
2381,	痊,	U+75CA,	quán
2382,	痒,	U+75D2,	yǎng
2383,	痕,	U+75D5,	hén
2384,	廊,	U+5ECA,	láng
2385,	康,	U+5EB7,	kāng
2386,	庸,	U+5EB8,	yōng
2387,	鹿,	U+9E7F,	lù
2388,	盗,	U+76D7,	dào
2389,	章,	U+7AE0,	zhāng
2390,	竟,	U+7ADF,	jìng
2391,	商,	U+5546,	shāng
2392,	族,	U+65CF,	zú
2393,	旋,	U+65CB,	xuán，xuàn
2394,	望,	U+671B,	wàng
2395,	率,	U+7387,	lǜ，shuài
2396,	阎,	U+960E,	yán
2397,	阐,	U+9610,	chǎn
2398,	着,	U+7740,	zhāo，zháo，zhe，zhuó
2399,	羚,	U+7F9A,	líng
2400,	盖,	U+76D6,	gài，gě
2401,	眷,	U+7737,	juàn
2402,	粘,	U+7C98,	nián，zhān
2403,	粗,	U+7C97,	cū
2404,	粒,	U+7C92,	lì
2405,	断,	U+65AD,	duàn
2406,	剪,	U+526A,	jiǎn
2407,	兽,	U+517D,	shòu
2408,	焊,	U+710A,	hàn
2409,	焕,	U+7115,	huàn
2410,	清,	U+6E05,	qīng
2411,	添,	U+6DFB,	tiān
2412,	鸿,	U+9E3F,	hóng
2413,	淋,	U+6DCB,	lín，lìn
2414,	涯,	U+6DAF,	yá
2415,	淹,	U+6DF9,	yān
2416,	渠,	U+6E20,	qú
2417,	渐,	U+6E10,	jiàn
2418,	淑,	U+6DD1,	shū
2419,	淌,	U+6DCC,	tǎng
2420,	混,	U+6DF7,	hùn
2421,	淮,	U+6DEE,	huái
2422,	淆,	U+6DC6,	xiáo
2423,	渊,	U+6E0A,	yuān
2424,	淫,	U+6DEB,	yín
2425,	渔,	U+6E14,	yú
2426,	淘,	U+6DD8,	táo
2427,	淳,	U+6DF3,	chún
2428,	液,	U+6DB2,	yè
2429,	淤,	U+6DE4,	yū
2430,	淡,	U+6DE1,	dàn
2431,	淀,	U+6DC0,	diàn
2432,	深,	U+6DF1,	shēn
2433,	涮,	U+6DAE,	shuàn
2434,	涵,	U+6DB5,	hán
2435,	婆,	U+5A46,	pó
2436,	梁,	U+6881,	liáng
2437,	渗,	U+6E17,	shèn
2438,	情,	U+60C5,	qíng
2439,	惜,	U+60DC,	xī
2440,	惭,	U+60ED,	cán
2441,	悼,	U+60BC,	dào
2442,	惧,	U+60E7,	jù
2443,	惕,	U+60D5,	tì
2444,	惟,	U+60DF,	wéi
2445,	惊,	U+60CA,	jīng
2446,	惦,	U+60E6,	diàn
2447,	悴,	U+60B4,	cuì
2448,	惋,	U+60CB,	wǎn
2449,	惨,	U+60E8,	cǎn
2450,	惯,	U+60EF,	guàn
2451,	寇,	U+5BC7,	kòu
2452,	寅,	U+5BC5,	yín
2453,	寄,	U+5BC4,	jì
2454,	寂,	U+5BC2,	jì
2455,	宿,	U+5BBF,	sù，xiǔ，xiù
2456,	窒,	U+7A92,	zhì
2457,	窑,	U+7A91,	yáo
2458,	密,	U+5BC6,	mì
2459,	谋,	U+8C0B,	móu
2460,	谍,	U+8C0D,	dié
2461,	谎,	U+8C0E,	huǎng
2462,	谐,	U+8C10,	xié
2463,	袱,	U+88B1,	fú
2464,	祷,	U+7977,	dǎo
2465,	祸,	U+7978,	huò
2466,	谓,	U+8C13,	wèi
2467,	谚,	U+8C1A,	yàn
2468,	谜,	U+8C1C,	mí
2469,	逮,	U+902E,	dǎi，dài
2470,	敢,	U+6562,	gǎn
2471,	尉,	U+5C09,	wèi，yù
2472,	屠,	U+5C60,	tú
2473,	弹,	U+5F39,	dàn，tán
2474,	隋,	U+968B,	suí
2475,	堕,	U+5815,	duò
2476,	随,	U+968F,	suí
2477,	蛋,	U+86CB,	dàn
2478,	隅,	U+9685,	yú
2479,	隆,	U+9686,	lóng
2480,	隐,	U+9690,	yǐn
2481,	婚,	U+5A5A,	hūn
2482,	婶,	U+5A76,	shěn
2483,	婉,	U+5A49,	wǎn
2484,	颇,	U+9887,	pō
2485,	颈,	U+9888,	gěng，jǐng
2486,	绩,	U+7EE9,	jì
2487,	绪,	U+7EEA,	xù
2488,	续,	U+7EED,	xù
2489,	骑,	U+9A91,	qí
2490,	绰,	U+7EF0,	chāo，chuò
2491,	绳,	U+7EF3,	shéng
2492,	维,	U+7EF4,	wéi
2493,	绵,	U+7EF5,	mián
2494,	绷,	U+7EF7,	bēng，běng，bèng
2495,	绸,	U+7EF8,	chóu
2496,	综,	U+7EFC,	zèng，zōng
2497,	绽,	U+7EFD,	zhàn
2498,	绿,	U+7EFF,	lù，lǜ
2499,	缀,	U+7F00,	zhuì
2500,	巢,	U+5DE2,	cháo
2501,	琴,	U+7434,	qín
2502,	琳,	U+7433,	lín
2503,	琢,	U+7422,	zhuó，zuó
2504,	琼,	U+743C,	qióng
2505,	斑,	U+6591,	bān
2506,	替,	U+66FF,	tì
2507,	揍,	U+63CD,	zòu
2508,	款,	U+6B3E,	kuǎn
2509,	堪,	U+582A,	kān
2510,	塔,	U+5854,	tǎ
2511,	搭,	U+642D,	dā
2512,	堰,	U+5830,	yàn
2513,	揩,	U+63E9,	kāi
2514,	越,	U+8D8A,	yuè
2515,	趁,	U+8D81,	chèn
2516,	趋,	U+8D8B,	qū
2517,	超,	U+8D85,	chāo
2518,	揽,	U+63FD,	lǎn
2519,	堤,	U+5824,	dī
2520,	提,	U+63D0,	dī，tí
2521,	博,	U+535A,	bó
2522,	揭,	U+63ED,	jiē
2523,	喜,	U+559C,	xǐ
2524,	彭,	U+5F6D,	péng
2525,	揣,	U+63E3,	chuāi，chuǎi，chuài
2526,	插,	U+63D2,	chā
2527,	揪,	U+63EA,	jiū
2528,	搜,	U+641C,	sōu
2529,	煮,	U+716E,	zhǔ
2530,	援,	U+63F4,	yuán
2531,	搀,	U+6400,	chān
2532,	裁,	U+88C1,	cái
2533,	搁,	U+6401,	gē，gé
2534,	搓,	U+6413,	cuō
2535,	搂,	U+6402,	lōu，lǒu
2536,	搅,	U+6405,	jiǎo
2537,	壹,	U+58F9,	yī
2538,	握,	U+63E1,	wò
2539,	搔,	U+6414,	sāo
2540,	揉,	U+63C9,	róu
2541,	斯,	U+65AF,	sī
2542,	期,	U+671F,	jī，qī
2543,	欺,	U+6B3A,	qī
2544,	联,	U+8054,	lián
2545,	葫,	U+846B,	hú
2546,	散,	U+6563,	sǎn，sàn
2547,	惹,	U+60F9,	rě
2548,	葬,	U+846C,	zàng
2549,	募,	U+52DF,	mù
2550,	葛,	U+845B,	gé，gě
2551,	董,	U+8463,	dǒng
2552,	葡,	U+8461,	pú
2553,	敬,	U+656C,	jìng
2554,	葱,	U+8471,	cōng
2555,	蒋,	U+848B,	jiǎng
2556,	蒂,	U+8482,	dì
2557,	落,	U+843D,	là，lào，luò
2558,	韩,	U+97E9,	hán
2559,	朝,	U+671D,	cháo，zhāo
2560,	辜,	U+8F9C,	gū
2561,	葵,	U+8475,	kuí
2562,	棒,	U+68D2,	bàng
2563,	棱,	U+68F1,	lēng，léng，líng
2564,	棋,	U+68CB,	qí
2565,	椰,	U+6930,	yē
2566,	植,	U+690D,	zhí
2567,	森,	U+68EE,	sēn
2568,	焚,	U+711A,	fén
2569,	椅,	U+6905,	yī，yǐ
2570,	椒,	U+6912,	jiāo
2571,	棵,	U+68F5,	kē
2572,	棍,	U+68CD,	gùn
2573,	椎,	U+690E,	zhuī
2574,	棉,	U+68C9,	mián
2575,	棚,	U+68DA,	péng
2576,	棕,	U+68D5,	zōng
2577,	棺,	U+68FA,	guān
2578,	榔,	U+6994,	láng
2579,	椭,	U+692D,	tuǒ
2580,	惠,	U+60E0,	huì
2581,	惑,	U+60D1,	huò
2582,	逼,	U+903C,	bī
2583,	粟,	U+7C9F,	sù
2584,	棘,	U+68D8,	jí
2585,	酣,	U+9163,	hān
2586,	酥,	U+9165,	sū
2587,	厨,	U+53A8,	chú
2588,	厦,	U+53A6,	shà，xià
2589,	硬,	U+786C,	yìng
2590,	硝,	U+785D,	xiāo
2591,	确,	U+786E,	què
2592,	硫,	U+786B,	liú
2593,	雁,	U+96C1,	yàn
2594,	殖,	U+6B96,	shi，zhí
2595,	裂,	U+88C2,	liè
2596,	雄,	U+96C4,	xióng
2597,	颊,	U+988A,	jiá
2598,	雳,	U+96F3,	lì
2599,	暂,	U+6682,	zàn
2600,	雅,	U+96C5,	yǎ
2601,	翘,	U+7FD8,	qiáo，qiào
2602,	辈,	U+8F88,	bèi
2603,	悲,	U+60B2,	bēi
2604,	紫,	U+7D2B,	zǐ
2605,	凿,	U+51FF,	záo
2606,	辉,	U+8F89,	huī
2607,	敞,	U+655E,	chǎng
2608,	棠,	U+68E0,	táng
2609,	赏,	U+8D4F,	shǎng
2610,	掌,	U+638C,	zhǎng
2611,	晴,	U+6674,	qíng
2612,	睐,	U+7750,	lài
2613,	暑,	U+6691,	shǔ
2614,	最,	U+6700,	zuì
2615,	晰,	U+6670,	xī
2616,	量,	U+91CF,	liáng，liàng
2617,	鼎,	U+9F0E,	dǐng
2618,	喷,	U+55B7,	pēn，pèn
2619,	喳,	U+55B3,	chā，zhā
2620,	晶,	U+6676,	jīng
2621,	喇,	U+5587,	lǎ
2622,	遇,	U+9047,	yù
2623,	喊,	U+558A,	hǎn
2624,	遏,	U+904F,	è
2625,	晾,	U+667E,	liàng
2626,	景,	U+666F,	jǐng
2627,	畴,	U+7574,	chóu
2628,	践,	U+8DF5,	jiàn
2629,	跋,	U+8DCB,	bá
2630,	跌,	U+8DCC,	diē
2631,	跑,	U+8DD1,	páo，pǎo
2632,	跛,	U+8DDB,	bǒ
2633,	遗,	U+9057,	yí
2634,	蛙,	U+86D9,	wā
2635,	蛛,	U+86DB,	zhū
2636,	蜓,	U+8713,	tíng
2637,	蜒,	U+8712,	yán
2638,	蛤,	U+86E4,	gé，há
2639,	喝,	U+559D,	hē，hè
2640,	鹃,	U+9E43,	juān
2641,	喂,	U+5582,	wèi
2642,	喘,	U+5598,	chuǎn
2643,	喉,	U+5589,	hóu
2644,	喻,	U+55BB,	yù
2645,	啼,	U+557C,	tí
2646,	喧,	U+55A7,	xuān
2647,	嵌,	U+5D4C,	qiàn
2648,	幅,	U+5E45,	fú
2649,	帽,	U+5E3D,	mào
2650,	赋,	U+8D4B,	fù
2651,	赌,	U+8D4C,	dǔ
2652,	赎,	U+8D4E,	shú
2653,	赐,	U+8D50,	cì
2654,	赔,	U+8D54,	péi
2655,	黑,	U+9ED1,	hēi
2656,	铸,	U+94F8,	zhù
2657,	铺,	U+94FA,	pū，pù
2658,	链,	U+94FE,	liàn
2659,	销,	U+9500,	xiāo
2660,	锁,	U+9501,	suǒ
2661,	锄,	U+9504,	chú
2662,	锅,	U+9505,	guō
2663,	锈,	U+9508,	xiù
2664,	锋,	U+950B,	fēng
2665,	锌,	U+950C,	xīn
2666,	锐,	U+9510,	ruì
2667,	甥,	U+7525,	shēng
2668,	掰,	U+63B0,	bāi
2669,	短,	U+77ED,	duǎn
2670,	智,	U+667A,	zhì
2671,	氮,	U+6C2E,	dàn
2672,	毯,	U+6BEF,	tǎn
2673,	氯,	U+6C2F,	lǜ
2674,	鹅,	U+9E45,	é
2675,	剩,	U+5269,	shèng
2676,	稍,	U+7A0D,	shāo，shào
2677,	程,	U+7A0B,	chéng
2678,	稀,	U+7A00,	xī
2679,	税,	U+7A0E,	shuì
2680,	筐,	U+7B50,	kuāng
2681,	等,	U+7B49,	děng
2682,	筑,	U+7B51,	zhù
2683,	策,	U+7B56,	cè
2684,	筛,	U+7B5B,	shāi
2685,	筒,	U+7B52,	tǒng
2686,	筏,	U+7B4F,	fá
2687,	答,	U+7B54,	dā，dá
2688,	筋,	U+7B4B,	jīn
2689,	筝,	U+7B5D,	zhēng
2690,	傲,	U+50B2,	ào
2691,	傅,	U+5085,	fù
2692,	牌,	U+724C,	pái
2693,	堡,	U+5821,	bǎo，bǔ，pù
2694,	集,	U+96C6,	jí
2695,	焦,	U+7126,	jiāo
2696,	傍,	U+508D,	bàng
2697,	储,	U+50A8,	chǔ
2698,	皓,	U+7693,	hào
2699,	皖,	U+7696,	wǎn
2700,	粤,	U+7CA4,	yuè
2701,	奥,	U+5965,	ào
2702,	街,	U+8857,	jiē
2703,	惩,	U+60E9,	chéng
2704,	御,	U+5FA1,	yù
2705,	循,	U+5FAA,	xún
2706,	艇,	U+8247,	tǐng
2707,	舒,	U+8212,	shū
2708,	逾,	U+903E,	yú
2709,	番,	U+756A,	fān，pān
2710,	释,	U+91CA,	shì
2711,	禽,	U+79BD,	qín
2712,	腊,	U+814A,	là
2713,	脾,	U+813E,	pí
2714,	腋,	U+814B,	yè
2715,	腔,	U+8154,	qiāng
2716,	腕,	U+8155,	wàn
2717,	鲁,	U+9C81,	lǔ
2718,	猩,	U+7329,	xīng
2719,	猬,	U+732C,	wèi
2720,	猾,	U+733E,	huá
2721,	猴,	U+7334,	hóu
2722,	惫,	U+60EB,	bèi
2723,	然,	U+7136,	rán
2724,	馈,	U+9988,	kuì
2725,	馋,	U+998B,	chán
2726,	装,	U+88C5,	zhuāng
2727,	蛮,	U+86EE,	mán
2728,	就,	U+5C31,	jiù
2729,	敦,	U+6566,	dūn
2730,	斌,	U+658C,	bīn
2731,	痘,	U+75D8,	dòu
2732,	痢,	U+75E2,	lì
2733,	痪,	U+75EA,	huàn
2734,	痛,	U+75DB,	tòng
2735,	童,	U+7AE5,	tóng
2736,	竣,	U+7AE3,	jùn
2737,	阔,	U+9614,	kuò
2738,	善,	U+5584,	shàn
2739,	翔,	U+7FD4,	xiáng
2740,	羡,	U+7FA1,	xiàn
2741,	普,	U+666E,	pǔ
2742,	粪,	U+7CAA,	fèn
2743,	尊,	U+5C0A,	zūn
2744,	奠,	U+5960,	diàn
2745,	道,	U+9053,	dào
2746,	遂,	U+9042,	suí，suì
2747,	曾,	U+66FE,	céng，zēng
2748,	焰,	U+7130,	yàn
2749,	港,	U+6E2F,	gǎng
2750,	滞,	U+6EDE,	zhì
2751,	湖,	U+6E56,	hú
2752,	湘,	U+6E58,	xiāng
2753,	渣,	U+6E23,	zhā
2754,	渤,	U+6E24,	bó
2755,	渺,	U+6E3A,	miǎo
2756,	湿,	U+6E7F,	shī
2757,	温,	U+6E29,	wēn
2758,	渴,	U+6E34,	kě
2759,	溃,	U+6E83,	huì，kuì
2760,	溅,	U+6E85,	jiàn
2761,	滑,	U+6ED1,	huá
2762,	湃,	U+6E43,	pài
2763,	渝,	U+6E1D,	yú
2764,	湾,	U+6E7E,	wān
2765,	渡,	U+6E21,	dù
2766,	游,	U+6E38,	yóu
2767,	滋,	U+6ECB,	zī
2768,	渲,	U+6E32,	xuàn
2769,	溉,	U+6E89,	gài
2770,	愤,	U+6124,	fèn
2771,	慌,	U+614C,	huāng
2772,	惰,	U+60F0,	duò
2773,	愕,	U+6115,	è
2774,	愣,	U+6123,	lèng
2775,	惶,	U+60F6,	huáng
2776,	愧,	U+6127,	kuì
2777,	愉,	U+6109,	yú
2778,	慨,	U+6168,	kǎi
2779,	割,	U+5272,	gē
2780,	寒,	U+5BD2,	hán
2781,	富,	U+5BCC,	fù
2782,	寓,	U+5BD3,	yù
2783,	窜,	U+7A9C,	cuàn
2784,	窝,	U+7A9D,	wō
2785,	窖,	U+7A96,	jiào
2786,	窗,	U+7A97,	chuāng
2787,	窘,	U+7A98,	jiǒng
2788,	遍,	U+904D,	biàn
2789,	雇,	U+96C7,	gù
2790,	裕,	U+88D5,	yù
2791,	裤,	U+88E4,	kù
2792,	裙,	U+88D9,	qún
2793,	禅,	U+7985,	chán，shàn
2794,	禄,	U+7984,	lù
2795,	谢,	U+8C22,	xiè
2796,	谣,	U+8C23,	yáo
2797,	谤,	U+8C24,	bàng
2798,	谦,	U+8C26,	qiān
2799,	犀,	U+7280,	xī
2800,	属,	U+5C5E,	shǔ
2801,	屡,	U+5C61,	lǚ
2802,	强,	U+5F3A,	jiàng，qiáng，qiǎng
2803,	粥,	U+7CA5,	zhōu
2804,	疏,	U+758F,	shū
2805,	隔,	U+9694,	gé
2806,	隙,	U+9699,	xì
2807,	隘,	U+9698,	ài
2808,	媒,	U+5A92,	méi
2809,	絮,	U+7D6E,	xù
2810,	嫂,	U+5AC2,	sǎo
2811,	媚,	U+5A9A,	mèi
2812,	婿,	U+5A7F,	xù
2813,	登,	U+767B,	dēng
2814,	缅,	U+7F05,	miǎn
2815,	缆,	U+7F06,	lǎn
2816,	缉,	U+7F09,	jī，qī
2817,	缎,	U+7F0E,	duàn
2818,	缓,	U+7F13,	huǎn
2819,	缔,	U+7F14,	dì
2820,	缕,	U+7F15,	lǚ
2821,	骗,	U+9A97,	piàn
2822,	编,	U+7F16,	biān
2823,	骚,	U+9A9A,	sāo
2824,	缘,	U+7F18,	yuán
2825,	瑟,	U+745F,	sè
2826,	鹉,	U+9E49,	wǔ
2827,	瑞,	U+745E,	ruì
2828,	瑰,	U+7470,	guī
2829,	瑙,	U+7459,	nǎo
2830,	魂,	U+9B42,	hún
2831,	肆,	U+8086,	sì
2832,	摄,	U+6444,	shè
2833,	摸,	U+6478,	mō
2834,	填,	U+586B,	tián
2835,	搏,	U+640F,	bó
2836,	塌,	U+584C,	tā
2837,	鼓,	U+9F13,	gǔ
2838,	摆,	U+6446,	bǎi
2839,	携,	U+643A,	xié
2840,	搬,	U+642C,	bān
2841,	摇,	U+6447,	yáo
2842,	搞,	U+641E,	gǎo
2843,	塘,	U+5858,	táng
2844,	摊,	U+644A,	tān
2845,	聘,	U+8058,	pìn
2846,	斟,	U+659F,	zhēn
2847,	蒜,	U+849C,	suàn
2848,	勤,	U+52E4,	qín
2849,	靴,	U+9774,	xuē
2850,	靶,	U+9776,	bǎ
2851,	鹊,	U+9E4A,	què
2852,	蓝,	U+84DD,	lán
2853,	墓,	U+5893,	mù
2854,	幕,	U+5E55,	mù
2855,	蓬,	U+84EC,	péng
2856,	蓄,	U+84C4,	xù
2857,	蒲,	U+84B2,	pú
2858,	蓉,	U+84C9,	róng
2859,	蒙,	U+8499,	mēng，méng，měng
2860,	蒸,	U+84B8,	zhēng
2861,	献,	U+732E,	xiàn
2862,	椿,	U+693F,	chūn
2863,	禁,	U+7981,	jīn，jìn
2864,	楚,	U+695A,	chǔ
2865,	楷,	U+6977,	jiē，kǎi
2866,	榄,	U+6984,	lǎn
2867,	想,	U+60F3,	xiǎng
2868,	槐,	U+69D0,	huái
2869,	榆,	U+6986,	yú
2870,	楼,	U+697C,	lóu
2871,	概,	U+6982,	gài
2872,	赖,	U+8D56,	lài
2873,	酪,	U+916A,	lào
2874,	酬,	U+916C,	chóu
2875,	感,	U+611F,	gǎn
2876,	碍,	U+788D,	ài
2877,	碘,	U+7898,	diǎn
2878,	碑,	U+7891,	bēi
2879,	碎,	U+788E,	suì
2880,	碰,	U+78B0,	pèng
2881,	碗,	U+7897,	wǎn
2882,	碌,	U+788C,	liù，lù
2883,	尴,	U+5C34,	gān
2884,	雷,	U+96F7,	léi
2885,	零,	U+96F6,	líng
2886,	雾,	U+96FE,	wù
2887,	雹,	U+96F9,	báo
2888,	辐,	U+8F90,	fú
2889,	辑,	U+8F91,	jí
2890,	输,	U+8F93,	shū
2891,	督,	U+7763,	dū
2892,	频,	U+9891,	pín
2893,	龄,	U+9F84,	líng
2894,	鉴,	U+9274,	jiàn
2895,	睛,	U+775B,	jīng
2896,	睹,	U+7779,	dǔ
2897,	睦,	U+7766,	mù
2898,	瞄,	U+7784,	miáo
2899,	睫,	U+776B,	jié
2900,	睡,	U+7761,	shuì
2901,	睬,	U+776C,	cǎi
2902,	嗜,	U+55DC,	shì
2903,	鄙,	U+9119,	bǐ
2904,	嗦,	U+55E6,	suō
2905,	愚,	U+611A,	yú
2906,	暖,	U+6696,	nuǎn
2907,	盟,	U+76DF,	méng
2908,	歇,	U+6B47,	xiē
2909,	暗,	U+6697,	àn
2910,	暇,	U+6687,	xiá
2911,	照,	U+7167,	zhào
2912,	畸,	U+7578,	jī
2913,	跨,	U+8DE8,	kuà
2914,	跷,	U+8DF7,	qiāo
2915,	跳,	U+8DF3,	tiào
2916,	跺,	U+8DFA,	duò
2917,	跪,	U+8DEA,	guì
2918,	路,	U+8DEF,	lù
2919,	跤,	U+8DE4,	jiāo
2920,	跟,	U+8DDF,	gēn
2921,	遣,	U+9063,	qiǎn
2922,	蜈,	U+8708,	wú
2923,	蜗,	U+8717,	wō
2924,	蛾,	U+86FE,	é
2925,	蜂,	U+8702,	fēng
2926,	蜕,	U+8715,	tuì
2927,	嗅,	U+55C5,	xiù
2928,	嗡,	U+55E1,	wēng
2929,	嗓,	U+55D3,	sǎng
2930,	署,	U+7F72,	shǔ
2931,	置,	U+7F6E,	zhì
2932,	罪,	U+7F6A,	zuì
2933,	罩,	U+7F69,	zhào
2934,	蜀,	U+8700,	shǔ
2935,	幌,	U+5E4C,	huǎng
2936,	错,	U+9519,	cuò
2937,	锚,	U+951A,	máo
2938,	锡,	U+9521,	xī
2939,	锣,	U+9523,	luó
2940,	锤,	U+9524,	chuí
2941,	锥,	U+9525,	zhuī
2942,	锦,	U+9526,	jǐn
2943,	键,	U+952E,	jiàn
2944,	锯,	U+952F,	jù
2945,	锰,	U+9530,	měng
2946,	矮,	U+77EE,	ǎi
2947,	辞,	U+8F9E,	cí
2948,	稚,	U+7A1A,	zhì
2949,	稠,	U+7A20,	chóu
2950,	颓,	U+9893,	tuí
2951,	愁,	U+6101,	chóu
2952,	筹,	U+7B79,	chóu
2953,	签,	U+7B7E,	qiān
2954,	简,	U+7B80,	jiǎn
2955,	筷,	U+7B77,	kuài
2956,	毁,	U+6BC1,	huǐ
2957,	舅,	U+8205,	jiù
2958,	鼠,	U+9F20,	shǔ
2959,	催,	U+50AC,	cuī
2960,	傻,	U+50BB,	shǎ
2961,	像,	U+50CF,	xiàng
2962,	躲,	U+8EB2,	duǒ
2963,	魁,	U+9B41,	kuí
2964,	衙,	U+8859,	yá
2965,	微,	U+5FAE,	wēi
2966,	愈,	U+6108,	yù
2967,	遥,	U+9065,	yáo
2968,	腻,	U+817B,	nì
2969,	腰,	U+8170,	yāo
2970,	腥,	U+8165,	xīng
2971,	腮,	U+816E,	sāi
2972,	腹,	U+8179,	fù
2973,	腺,	U+817A,	xiàn
2974,	鹏,	U+9E4F,	péng
2975,	腾,	U+817E,	téng
2976,	腿,	U+817F,	tuǐ
2977,	鲍,	U+9C8D,	bào
2978,	猿,	U+733F,	yuán
2979,	颖,	U+9896,	yǐng
2980,	触,	U+89E6,	chù
2981,	解,	U+89E3,	jiě，jiè，xiè
2982,	煞,	U+715E,	shā，shà
2983,	雏,	U+96CF,	chú
2984,	馍,	U+998D,	mó
2985,	馏,	U+998F,	liú，liù
2986,	酱,	U+9171,	jiàng
2987,	禀,	U+7980,	bǐng
2988,	痹,	U+75F9,	bì
2989,	廓,	U+5ED3,	kuò
2990,	痴,	U+75F4,	chī
2991,	痰,	U+75F0,	tán
2992,	廉,	U+5EC9,	lián
2993,	靖,	U+9756,	jìng
2994,	新,	U+65B0,	xīn
2995,	韵,	U+97F5,	yùn
2996,	意,	U+610F,	yì
2997,	誊,	U+8A8A,	téng
2998,	粮,	U+7CAE,	liáng
2999,	数,	U+6570,	shǔ，shù，shuò
3000,	煎,	U+714E,	jiān
3001,	塑,	U+5851,	sù
3002,	慈,	U+6148,	cí
3003,	煤,	U+7164,	méi
3004,	煌,	U+714C,	huáng
3005,	满,	U+6EE1,	mǎn
3006,	漠,	U+6F20,	mò
3007,	滇,	U+6EC7,	diān
3008,	源,	U+6E90,	yuán
3009,	滤,	U+6EE4,	lǜ
3010,	滥,	U+6EE5,	làn
3011,	滔,	U+6ED4,	tāo
3012,	溪,	U+6EAA,	xī
3013,	溜,	U+6E9C,	liū，liù
3014,	漓,	U+6F13,	lí
3015,	滚,	U+6EDA,	gǔn
3016,	溢,	U+6EA2,	yì
3017,	溯,	U+6EAF,	sù
3018,	滨,	U+6EE8,	bīn
3019,	溶,	U+6EB6,	róng
3020,	溺,	U+6EBA,	nì
3021,	粱,	U+7CB1,	liáng
3022,	滩,	U+6EE9,	tān
3023,	慎,	U+614E,	shèn
3024,	誉,	U+8A89,	yù
3025,	塞,	U+585E,	sāi，sài，sè
3026,	寞,	U+5BDE,	mò
3027,	窥,	U+7AA5,	kuī
3028,	窟,	U+7A9F,	kū
3029,	寝,	U+5BDD,	qǐn
3030,	谨,	U+8C28,	jǐn
3031,	褂,	U+8902,	guà
3032,	裸,	U+88F8,	luǒ
3033,	福,	U+798F,	fú
3034,	谬,	U+8C2C,	miù
3035,	群,	U+7FA4,	qún
3036,	殿,	U+6BBF,	diàn
3037,	辟,	U+8F9F,	bì，pì
3038,	障,	U+969C,	zhàng
3039,	媳,	U+5AB3,	xí
3040,	嫉,	U+5AC9,	jí
3041,	嫌,	U+5ACC,	xián
3042,	嫁,	U+5AC1,	jià
3043,	叠,	U+53E0,	dié
3044,	缚,	U+7F1A,	fù
3045,	缝,	U+7F1D,	féng，fèng
3046,	缠,	U+7F20,	chán
3047,	缤,	U+7F24,	bīn
3048,	剿,	U+527F,	jiǎo
3049,	静,	U+9759,	jìng
3050,	碧,	U+78A7,	bì
3051,	璃,	U+7483,	lí
3052,	赘,	U+8D58,	zhuì
3053,	熬,	U+71AC,	āo，áo
3054,	墙,	U+5899,	qiáng
3055,	墟,	U+589F,	xū
3056,	嘉,	U+5609,	jiā
3057,	摧,	U+6467,	cuī
3058,	赫,	U+8D6B,	hè
3059,	截,	U+622A,	jié
3060,	誓,	U+8A93,	shì
3061,	境,	U+5883,	jìng
3062,	摘,	U+6458,	zhāi
3063,	摔,	U+6454,	shuāi
3064,	撇,	U+6487,	piē，piě
3065,	聚,	U+805A,	jù
3066,	慕,	U+6155,	mù
3067,	暮,	U+66AE,	mù
3068,	摹,	U+6479,	mó
3069,	蔓,	U+8513,	mán，màn，wàn
3070,	蔑,	U+8511,	miè
3071,	蔡,	U+8521,	cài
3072,	蔗,	U+8517,	zhè
3073,	蔽,	U+853D,	bì
3074,	蔼,	U+853C,	ǎi
3075,	熙,	U+7199,	xī
3076,	蔚,	U+851A,	wèi，yù
3077,	兢,	U+5162,	jīng
3078,	模,	U+6A21,	mó，mú
3079,	槛,	U+69DB,	jiàn，kǎn
3080,	榴,	U+69B4,	liú
3081,	榜,	U+699C,	bǎng
3082,	榨,	U+69A8,	zhà
3083,	榕,	U+6995,	róng
3084,	歌,	U+6B4C,	gē
3085,	遭,	U+906D,	zāo
3086,	酵,	U+9175,	jiào
3087,	酷,	U+9177,	kù
3088,	酿,	U+917F,	niàng
3089,	酸,	U+9178,	suān
3090,	碟,	U+789F,	dié
3091,	碱,	U+78B1,	jiǎn
3092,	碳,	U+78B3,	tàn
3093,	磁,	U+78C1,	cí
3094,	愿,	U+613F,	yuàn
3095,	需,	U+9700,	xū
3096,	辖,	U+8F96,	xiá
3097,	辗,	U+8F97,	zhǎn
3098,	雌,	U+96CC,	cí
3099,	裳,	U+88F3,	shang
3100,	颗,	U+9897,	kē
3101,	瞅,	U+7785,	chǒu
3102,	墅,	U+5885,	shù
3103,	嗽,	U+55FD,	sòu
3104,	踊,	U+8E0A,	yǒng
3105,	蜻,	U+873B,	qīng
3106,	蜡,	U+8721,	là
3107,	蝇,	U+8747,	yíng
3108,	蜘,	U+8718,	zhī
3109,	蝉,	U+8749,	chán
3110,	嘛,	U+561B,	ma
3111,	嘀,	U+5600,	dí
3112,	赚,	U+8D5A,	zhuàn
3113,	锹,	U+9539,	qiāo
3114,	锻,	U+953B,	duàn
3115,	镀,	U+9540,	dù
3116,	舞,	U+821E,	wǔ
3117,	舔,	U+8214,	tiǎn
3118,	稳,	U+7A33,	wěn
3119,	熏,	U+718F,	xūn
3120,	箕,	U+7B95,	jī
3121,	算,	U+7B97,	suàn
3122,	箩,	U+7BA9,	luó
3123,	管,	U+7BA1,	guǎn
3124,	箫,	U+7BAB,	xiāo
3125,	舆,	U+8206,	yú
3126,	僚,	U+50DA,	liáo
3127,	僧,	U+50E7,	sēng
3128,	鼻,	U+9F3B,	bí
3129,	魄,	U+9B44,	pò
3130,	魅,	U+9B45,	mèi
3131,	貌,	U+8C8C,	mào
3132,	膜,	U+819C,	mó
3133,	膊,	U+818A,	bó
3134,	膀,	U+8180,	bǎng，pāng，páng
3135,	鲜,	U+9C9C,	xiān，xiǎn
3136,	疑,	U+7591,	yí
3137,	孵,	U+5B75,	fū
3138,	馒,	U+9992,	mán
3139,	裹,	U+88F9,	guǒ
3140,	敲,	U+6572,	qiāo
3141,	豪,	U+8C6A,	háo
3142,	膏,	U+818F,	gāo，gào
3143,	遮,	U+906E,	zhē
3144,	腐,	U+8150,	fǔ
3145,	瘩,	U+7629,	dá，da
3146,	瘟,	U+761F,	wēn
3147,	瘦,	U+7626,	shòu
3148,	辣,	U+8FA3,	là
3149,	彰,	U+5F70,	zhāng
3150,	竭,	U+7AED,	jié
3151,	端,	U+7AEF,	duān
3152,	旗,	U+65D7,	qí
3153,	精,	U+7CBE,	jīng
3154,	粹,	U+7CB9,	cuì
3155,	歉,	U+6B49,	qiàn
3156,	弊,	U+5F0A,	bì
3157,	熄,	U+7184,	xī
3158,	熔,	U+7194,	róng
3159,	煽,	U+717D,	shān
3160,	潇,	U+6F47,	xiāo
3161,	漆,	U+6F06,	qī
3162,	漱,	U+6F31,	shù
3163,	漂,	U+6F02,	piāo，piǎo，piào
3164,	漫,	U+6F2B,	màn
3165,	滴,	U+6EF4,	dī
3166,	漾,	U+6F3E,	yàng
3167,	演,	U+6F14,	yǎn
3168,	漏,	U+6F0F,	lòu
3169,	慢,	U+6162,	màn
3170,	慷,	U+6177,	kāng
3171,	寨,	U+5BE8,	zhài
3172,	赛,	U+8D5B,	sài
3173,	寡,	U+5BE1,	guǎ
3174,	察,	U+5BDF,	chá
3175,	蜜,	U+871C,	mì
3176,	寥,	U+5BE5,	liáo
3177,	谭,	U+8C2D,	tán
3178,	肇,	U+8087,	zhào
3179,	褐,	U+8910,	hè
3180,	褪,	U+892A,	tuì，tùn
3181,	谱,	U+8C31,	pǔ
3182,	隧,	U+96A7,	suì
3183,	嫩,	U+5AE9,	nèn
3184,	翠,	U+7FE0,	cuì
3185,	熊,	U+718A,	xióng
3186,	凳,	U+51F3,	dèng
3187,	骡,	U+9AA1,	luó
3188,	缩,	U+7F29,	sù，suō
3189,	慧,	U+6167,	huì
3190,	撵,	U+64B5,	niǎn
3191,	撕,	U+6495,	sī
3192,	撒,	U+6492,	sā，sǎ
3193,	撩,	U+64A9,	liāo，liáo
3194,	趣,	U+8DA3,	qù
3195,	趟,	U+8D9F,	tàng
3196,	撑,	U+6491,	chēng
3197,	撮,	U+64AE,	cuō，zuǒ
3198,	撬,	U+64AC,	qiào
3199,	播,	U+64AD,	bō
3200,	擒,	U+64D2,	qín
3201,	墩,	U+58A9,	dūn
3202,	撞,	U+649E,	zhuàng
3203,	撤,	U+64A4,	chè
3204,	增,	U+589E,	zēng
3205,	撰,	U+64B0,	zhuàn
3206,	聪,	U+806A,	cōng
3207,	鞋,	U+978B,	xié
3208,	鞍,	U+978D,	ān
3209,	蕉,	U+8549,	jiāo
3210,	蕊,	U+854A,	ruǐ
3211,	蔬,	U+852C,	shū
3212,	蕴,	U+8574,	yùn
3213,	横,	U+6A2A,	héng，hèng
3214,	槽,	U+69FD,	cáo
3215,	樱,	U+6A31,	yīng
3216,	橡,	U+6A61,	xiàng
3217,	樟,	U+6A1F,	zhāng
3218,	橄,	U+6A44,	gǎn
3219,	敷,	U+6577,	fū
3220,	豌,	U+8C4C,	wān
3221,	飘,	U+98D8,	piāo
3222,	醋,	U+918B,	cù
3223,	醇,	U+9187,	chún
3224,	醉,	U+9189,	zuì
3225,	磕,	U+78D5,	kē
3226,	磊,	U+78CA,	lěi
3227,	磅,	U+78C5,	bàng，páng
3228,	碾,	U+78BE,	niǎn
3229,	震,	U+9707,	zhèn
3230,	霄,	U+9704,	xiāo
3231,	霉,	U+9709,	méi
3232,	瞒,	U+7792,	mán
3233,	题,	U+9898,	tí
3234,	暴,	U+66B4,	bào
3235,	瞎,	U+778E,	xiā
3236,	嘻,	U+563B,	xī
3237,	嘶,	U+5636,	sī
3238,	嘲,	U+5632,	cháo
3239,	嘹,	U+5639,	liáo
3240,	影,	U+5F71,	yǐng
3241,	踢,	U+8E22,	tī
3242,	踏,	U+8E0F,	tā，tà
3243,	踩,	U+8E29,	cǎi
3244,	踪,	U+8E2A,	zōng
3245,	蝶,	U+8776,	dié
3246,	蝴,	U+8774,	hú
3247,	蝠,	U+8760,	fú
3248,	蝎,	U+874E,	xiē
3249,	蝌,	U+874C,	kē
3250,	蝗,	U+8757,	huáng
3251,	蝙,	U+8759,	biān
3252,	嘿,	U+563F,	hēi
3253,	嘱,	U+5631,	zhǔ
3254,	幢,	U+5E62,	chuáng，zhuàng
3255,	墨,	U+58A8,	mò
3256,	镇,	U+9547,	zhèn
3257,	镐,	U+9550,	gǎo
3258,	镑,	U+9551,	bàng
3259,	靠,	U+9760,	kào
3260,	稽,	U+7A3D,	jī
3261,	稻,	U+7A3B,	dào
3262,	黎,	U+9ECE,	lí
3263,	稿,	U+7A3F,	gǎo
3264,	稼,	U+7A3C,	jià
3265,	箱,	U+7BB1,	xiāng
3266,	篓,	U+7BD3,	lǒu
3267,	箭,	U+7BAD,	jiàn
3268,	篇,	U+7BC7,	piān
3269,	僵,	U+50F5,	jiāng
3270,	躺,	U+8EBA,	tǎng
3271,	僻,	U+50FB,	pì
3272,	德,	U+5FB7,	dé
3273,	艘,	U+8258,	sōu
3274,	膝,	U+819D,	xī
3275,	膛,	U+819B,	táng
3276,	鲤,	U+9CA4,	lǐ
3277,	鲫,	U+9CAB,	jì
3278,	熟,	U+719F,	shóu，shú
3279,	摩,	U+6469,	mā，mó
3280,	褒,	U+8912,	bāo
3281,	瘪,	U+762A,	biē，biě
3282,	瘤,	U+7624,	liú
3283,	瘫,	U+762B,	tān
3284,	凛,	U+51DB,	lǐn
3285,	颜,	U+989C,	yán
3286,	毅,	U+6BC5,	yì
3287,	糊,	U+7CCA,	hū，hú，hù
3288,	遵,	U+9075,	zūn
3289,	憋,	U+618B,	biē
3290,	潜,	U+6F5C,	qián
3291,	澎,	U+6F8E,	péng
3292,	潮,	U+6F6E,	cháo
3293,	潭,	U+6F6D,	tán
3294,	鲨,	U+9CA8,	shā
3295,	澳,	U+6FB3,	ào
3296,	潘,	U+6F58,	pān
3297,	澈,	U+6F88,	chè
3298,	澜,	U+6F9C,	lán
3299,	澄,	U+6F84,	chéng，dèng
3300,	懂,	U+61C2,	dǒng
3301,	憔,	U+6194,	qiáo
3302,	懊,	U+61CA,	ào
3303,	憎,	U+618E,	zēng
3304,	额,	U+989D,	é
3305,	翩,	U+7FE9,	piān
3306,	褥,	U+8925,	rù
3307,	谴,	U+8C34,	qiǎn
3308,	鹤,	U+9E64,	hè
3309,	憨,	U+61A8,	hān
3310,	慰,	U+6170,	wèi
3311,	劈,	U+5288,	pī，pǐ
3312,	履,	U+5C65,	lǚ
3313,	豫,	U+8C6B,	yù
3314,	缭,	U+7F2D,	liáo
3315,	撼,	U+64BC,	hàn
3316,	擂,	U+64C2,	léi，lèi
3317,	操,	U+64CD,	cāo
3318,	擅,	U+64C5,	shàn
3319,	燕,	U+71D5,	yān，yàn
3320,	蕾,	U+857E,	lěi
3321,	薯,	U+85AF,	shǔ
3322,	薛,	U+859B,	xuē
3323,	薇,	U+8587,	wēi
3324,	擎,	U+64CE,	qíng
3325,	薪,	U+85AA,	xīn
3326,	薄,	U+8584,	báo，bó，bò
3327,	颠,	U+98A0,	diān
3328,	翰,	U+7FF0,	hàn
3329,	噩,	U+5669,	è
3330,	橱,	U+6A71,	chú
3331,	橙,	U+6A59,	chéng
3332,	橘,	U+6A58,	jú
3333,	整,	U+6574,	zhěng
3334,	融,	U+878D,	róng
3335,	瓢,	U+74E2,	piáo
3336,	醒,	U+9192,	xǐng
3337,	霍,	U+970D,	huò
3338,	霎,	U+970E,	shà
3339,	辙,	U+8F99,	zhé
3340,	冀,	U+5180,	jì
3341,	餐,	U+9910,	cān
3342,	嘴,	U+5634,	zuǐ
3343,	踱,	U+8E31,	duó
3344,	蹄,	U+8E44,	tí
3345,	蹂,	U+8E42,	róu
3346,	蟆,	U+87C6,	má
3347,	螃,	U+8783,	páng
3348,	器,	U+5668,	qì
3349,	噪,	U+566A,	zào
3350,	鹦,	U+9E66,	yīng
3351,	赠,	U+8D60,	zèng
3352,	默,	U+9ED8,	mò
3353,	黔,	U+9ED4,	qián
3354,	镜,	U+955C,	jìng
3355,	赞,	U+8D5E,	zàn
3356,	穆,	U+7A46,	mù
3357,	篮,	U+7BEE,	lán
3358,	篡,	U+7BE1,	cuàn
3359,	篷,	U+7BF7,	péng
3360,	篱,	U+7BF1,	lí
3361,	儒,	U+5112,	rú
3362,	邀,	U+9080,	yāo
3363,	衡,	U+8861,	héng
3364,	膨,	U+81A8,	péng
3365,	雕,	U+96D5,	diāo
3366,	鲸,	U+9CB8,	jīng
3367,	磨,	U+78E8,	mó，mò
3368,	瘾,	U+763E,	yǐn
3369,	瘸,	U+7638,	qué
3370,	凝,	U+51DD,	níng
3371,	辨,	U+8FA8,	biàn
3372,	辩,	U+8FA9,	biàn
3373,	糙,	U+7CD9,	cāo
3374,	糖,	U+7CD6,	táng
3375,	糕,	U+7CD5,	gāo
3376,	燃,	U+71C3,	rán
3377,	濒,	U+6FD2,	bīn
3378,	澡,	U+6FA1,	zǎo
3379,	激,	U+6FC0,	jī
3380,	懒,	U+61D2,	lǎn
3381,	憾,	U+61BE,	hàn
3382,	懈,	U+61C8,	xiè
3383,	窿,	U+7ABF,	lóng
3384,	壁,	U+58C1,	bì
3385,	避,	U+907F,	bì
3386,	缰,	U+7F30,	jiāng
3387,	缴,	U+7F34,	jiǎo
3388,	戴,	U+6234,	dài
3389,	擦,	U+64E6,	cā
3390,	藉,	U+85C9,	jí，jiè
3391,	鞠,	U+97A0,	jū
3392,	藏,	U+85CF,	cáng，zàng
3393,	藐,	U+85D0,	miǎo
3394,	檬,	U+6AAC,	méng
3395,	檐,	U+6A90,	yán
3396,	檀,	U+6A80,	tán
3397,	礁,	U+7901,	jiāo
3398,	磷,	U+78F7,	lín
3399,	霜,	U+971C,	shuāng
3400,	霞,	U+971E,	xiá
3401,	瞭,	U+77AD,	liào
3402,	瞧,	U+77A7,	qiáo
3403,	瞬,	U+77AC,	shùn
3404,	瞳,	U+77B3,	tóng
3405,	瞩,	U+77A9,	zhǔ
3406,	瞪,	U+77AA,	dèng
3407,	曙,	U+66D9,	shǔ
3408,	蹋,	U+8E4B,	tà
3409,	蹈,	U+8E48,	dǎo
3410,	螺,	U+87BA,	luó
3411,	蟋,	U+87CB,	xī
3412,	蟀,	U+87C0,	shuài
3413,	嚎,	U+568E,	háo
3414,	赡,	U+8D61,	shàn
3415,	穗,	U+7A57,	suì
3416,	魏,	U+9B4F,	wèi
3417,	簧,	U+7C27,	huáng
3418,	簇,	U+7C07,	cù
3419,	繁,	U+7E41,	fán，pó
3420,	徽,	U+5FBD,	huī
3421,	爵,	U+7235,	jué
3422,	朦,	U+6726,	méng
3423,	臊,	U+81CA,	sāo，sào
3424,	鳄,	U+9CC4,	è
3425,	癌,	U+764C,	ái
3426,	辫,	U+8FAB,	biàn
3427,	赢,	U+8D62,	yíng
3428,	糟,	U+7CDF,	zāo
3429,	糠,	U+7CE0,	kāng
3430,	燥,	U+71E5,	zào
3431,	懦,	U+61E6,	nuò
3432,	豁,	U+8C41,	huō，huò
3433,	臀,	U+81C0,	tún
3434,	臂,	U+81C2,	bei，bì
3435,	翼,	U+7FFC,	yì
3436,	骤,	U+9AA4,	zhòu
3437,	藕,	U+85D5,	ǒu
3438,	鞭,	U+97AD,	biān
3439,	藤,	U+85E4,	téng
3440,	覆,	U+8986,	fù
3441,	瞻,	U+77BB,	zhān
3442,	蹦,	U+8E66,	bèng
3443,	嚣,	U+56A3,	xiāo
3444,	镰,	U+9570,	lián
3445,	翻,	U+7FFB,	fān
3446,	鳍,	U+9CCD,	qí
3447,	鹰,	U+9E70,	yīng
3448,	瀑,	U+7011,	bào，pù
3449,	襟,	U+895F,	jīn
3450,	璧,	U+74A7,	bì
3451,	戳,	U+6233,	chuō
3452,	孽,	U+5B7D,	niè
3453,	警,	U+8B66,	jǐng
3454,	蘑,	U+8611,	mó
3455,	藻,	U+85FB,	zǎo
3456,	攀,	U+6500,	pān
3457,	曝,	U+66DD,	bào，pù
3458,	蹲,	U+8E72,	dūn
3459,	蹭,	U+8E6D,	cèng
3460,	蹬,	U+8E6C,	dēng
3461,	巅,	U+5DC5,	diān
3462,	簸,	U+7C38,	bǒ，bò
3463,	簿,	U+7C3F,	bù
3464,	蟹,	U+87F9,	xiè
3465,	颤,	U+98A4,	chàn
3466,	靡,	U+9761,	mí，mǐ
3467,	癣,	U+7663,	xuǎn
3468,	瓣,	U+74E3,	bàn
3469,	羹,	U+7FB9,	gēng
3470,	鳖,	U+9CD6,	biē
3471,	爆,	U+7206,	bào
3472,	疆,	U+7586,	jiāng
3473,	鬓,	U+9B13,	bìn
3474,	壤,	U+58E4,	rǎng
3475,	馨,	U+99A8,	xīn
3476,	耀,	U+8000,	yào
3477,	躁,	U+8E81,	zào
3478,	蠕,	U+8815,	rú
3479,	嚼,	U+56BC,	jiáo，jiào，jué
3480,	嚷,	U+56B7,	rāng，rǎng
3481,	巍,	U+5DCD,	wēi
3482,	籍,	U+7C4D,	jí
3483,	鳞,	U+9CDE,	lín
3484,	魔,	U+9B54,	mó
3485,	糯,	U+7CEF,	nuò
3486,	灌,	U+704C,	guàn
3487,	譬,	U+8B6C,	pì
3488,	蠢,	U+8822,	chǔn
3489,	霸,	U+9738,	bà
3490,	露,	U+9732,	lòu，lù
3491,	霹,	U+9739,	pī
3492,	躏,	U+8E8F,	lìn
3493,	黯,	U+9EEF,	àn
3494,	髓,	U+9AD3,	suǐ
3495,	赣,	U+8D63,	gàn
3496,	囊,	U+56CA,	nāng，náng
3497,	镶,	U+9576,	xiāng
3498,	瓤,	U+74E4,	ráng
3499,	罐,	U+7F50,	guàn
3500,	矗,	U+77D7,	chù